STATION_NUMBER,YEAR,MEAN,MIN_MONTH,MIN,MAX_MONTH,MAX,average_slope,temperature_data,glacial_coverage,glacial_area,watershed_area,potential_evapotranspiration_thornthwaite,potential_evapotranspiration_hamon,hydrological_zone,annual_precipitation,median_elevation,aspect,solar_exposure,LATITUDE,LONGITUDE,drainage_area,DRAINAGE_AREA_GROSS,FEATURE_AREA_SQM
08NK018,2012,2.00600004196167,3,1.8480000495910645,6,2.575000047683716,25.6578814414534,"[[-14.055846273, -4.508277459, -9.282061866], [-11.498434521, -1.194781266, -6.3466078935], [-9.051650664, 1.5213242940000002, -3.765163185], [-3.9612415920000004, 6.965742629999999, 1.5022505189999995], [0.8094910110000001, 13.052565708, 6.9310283595], [4.821850319999999, 17.865260616, 11.343555468], [6.6567474749999995, 21.239792889, 13.948270182], [6.418706763, 21.055158747, 13.736932755], [1.8951702840000002, 15.284197383, 8.5896838335], [-2.262149715, 8.459600688, 3.0987254865000002], [-8.142976023, 0.32806893, -3.9074535464999998], [-12.812236143, -4.238192805000001, -8.525214474]]",0.0,0,33724222.948627114,460.46041847274984,340.8600133539017,19,693.220811971029,1687.5570435230493,249.81408343245812,0.965313627844074,49.89395904541016,-114.86666107177734,33.724222948627116,621,33724222.9486
08NK018,2015,1.6829999685287476,12,1.5369999408721924,6,2.1080000400543213,25.6578814414534,"[[-14.055846273, -4.508277459, -9.282061866], [-11.498434521, -1.194781266, -6.3466078935], [-9.051650664, 1.5213242940000002, -3.765163185], [-3.9612415920000004, 6.965742629999999, 1.5022505189999995], [0.8094910110000001, 13.052565708, 6.9310283595], [4.821850319999999, 17.865260616, 11.343555468], [6.6567474749999995, 21.239792889, 13.948270182], [6.418706763, 21.055158747, 13.736932755], [1.8951702840000002, 15.284197383, 8.5896838335], [-2.262149715, 8.459600688, 3.0987254865000002], [-8.142976023, 0.32806893, -3.9074535464999998], [-12.812236143, -4.238192805000001, -8.525214474]]",0.0,0,33724222.948627114,460.46041847274984,340.8600133539017,19,693.220811971029,1687.5570435230493,249.81408343245812,0.965313627844074,49.89395904541016,-114.86666107177734,33.724222948627116,621,33724222.9486
08NK018,2017,1.6990000009536743,3,1.5299999713897705,6,2.2160000801086426,25.6578814414534,"[[-14.055846273, -4.508277459, -9.282061866], [-11.498434521, -1.194781266, -6.3466078935], [-9.051650664, 1.5213242940000002, -3.765163185], [-3.9612415920000004, 6.965742629999999, 1.5022505189999995], [0.8094910110000001, 13.052565708, 6.9310283595], [4.821850319999999, 17.865260616, 11.343555468], [6.6567474749999995, 21.239792889, 13.948270182], [6.418706763, 21.055158747, 13.736932755], [1.8951702840000002, 15.284197383, 8.5896838335], [-2.262149715, 8.459600688, 3.0987254865000002], [-8.142976023, 0.32806893, -3.9074535464999998], [-12.812236143, -4.238192805000001, -8.525214474]]",0.0,0,33724222.948627114,460.46041847274984,340.8600133539017,19,693.220811971029,1687.5570435230493,249.81408343245812,0.965313627844074,49.89395904541016,-114.86666107177734,33.724222948627116,621,33724222.9486
08NK018,2000,6.190000057220459,12,1.6399999856948853,5,27.799999237060547,25.6578814414534,"[[-14.055846273, -4.508277459, -9.282061866], [-11.498434521, -1.194781266, -6.3466078935], [-9.051650664, 1.5213242940000002, -3.765163185], [-3.9612415920000004, 6.965742629999999, 1.5022505189999995], [0.8094910110000001, 13.052565708, 6.9310283595], [4.821850319999999, 17.865260616, 11.343555468], [6.6567474749999995, 21.239792889, 13.948270182], [6.418706763, 21.055158747, 13.736932755], [1.8951702840000002, 15.284197383, 8.5896838335], [-2.262149715, 8.459600688, 3.0987254865000002], [-8.142976023, 0.32806893, -3.9074535464999998], [-12.812236143, -4.238192805000001, -8.525214474]]",0.0,0,33724222.948627114,460.46041847274984,340.8600133539017,19,693.220811971029,1687.5570435230493,249.81408343245812,0.965313627844074,49.89395904541016,-114.86666107177734,33.724222948627116,621,33724222.9486
08NK018,2001,4.039999961853027,11,1.340000033378601,5,20.600000381469727,25.6578814414534,"[[-14.055846273, -4.508277459, -9.282061866], [-11.498434521, -1.194781266, -6.3466078935], [-9.051650664, 1.5213242940000002, -3.765163185], [-3.9612415920000004, 6.965742629999999, 1.5022505189999995], [0.8094910110000001, 13.052565708, 6.9310283595], [4.821850319999999, 17.865260616, 11.343555468], [6.6567474749999995, 21.239792889, 13.948270182], [6.418706763, 21.055158747, 13.736932755], [1.8951702840000002, 15.284197383, 8.5896838335], [-2.262149715, 8.459600688, 3.0987254865000002], [-8.142976023, 0.32806893, -3.9074535464999998], [-12.812236143, -4.238192805000001, -8.525214474]]",0.0,0,33724222.948627114,460.46041847274984,340.8600133539017,19,693.220811971029,1687.5570435230493,249.81408343245812,0.965313627844074,49.89395904541016,-114.86666107177734,33.724222948627116,621,33724222.9486
08NK018,2002,9.329999923706056,3,1.4199999570846558,6,76.9000015258789,25.6578814414534,"[[-14.055846273, -4.508277459, -9.282061866], [-11.498434521, -1.194781266, -6.3466078935], [-9.051650664, 1.5213242940000002, -3.765163185], [-3.9612415920000004, 6.965742629999999, 1.5022505189999995], [0.8094910110000001, 13.052565708, 6.9310283595], [4.821850319999999, 17.865260616, 11.343555468], [6.6567474749999995, 21.239792889, 13.948270182], [6.418706763, 21.055158747, 13.736932755], [1.8951702840000002, 15.284197383, 8.5896838335], [-2.262149715, 8.459600688, 3.0987254865000002], [-8.142976023, 0.32806893, -3.9074535464999998], [-12.812236143, -4.238192805000001, -8.525214474]]",0.0,0,33724222.948627114,460.46041847274984,340.8600133539017,19,693.220811971029,1687.5570435230493,249.81408343245812,0.965313627844074,49.89395904541016,-114.86666107177734,33.724222948627116,621,33724222.9486
08NK018,2003,6.929999828338623,1,1.7799999713897705,5,54.59999847412109,25.6578814414534,"[[-14.055846273, -4.508277459, -9.282061866], [-11.498434521, -1.194781266, -6.3466078935], [-9.051650664, 1.5213242940000002, -3.765163185], [-3.9612415920000004, 6.965742629999999, 1.5022505189999995], [0.8094910110000001, 13.052565708, 6.9310283595], [4.821850319999999, 17.865260616, 11.343555468], [6.6567474749999995, 21.239792889, 13.948270182], [6.418706763, 21.055158747, 13.736932755], [1.8951702840000002, 15.284197383, 8.5896838335], [-2.262149715, 8.459600688, 3.0987254865000002], [-8.142976023, 0.32806893, -3.9074535464999998], [-12.812236143, -4.238192805000001, -8.525214474]]",0.0,0,33724222.948627114,460.46041847274984,340.8600133539017,19,693.220811971029,1687.5570435230493,249.81408343245812,0.965313627844074,49.89395904541016,-114.86666107177734,33.724222948627116,621,33724222.9486
08NK018,2004,6.550000190734863,1,1.5700000524520874,6,20.200000762939453,25.6578814414534,"[[-14.055846273, -4.508277459, -9.282061866], [-11.498434521, -1.194781266, -6.3466078935], [-9.051650664, 1.5213242940000002, -3.765163185], [-3.9612415920000004, 6.965742629999999, 1.5022505189999995], [0.8094910110000001, 13.052565708, 6.9310283595], [4.821850319999999, 17.865260616, 11.343555468], [6.6567474749999995, 21.239792889, 13.948270182], [6.418706763, 21.055158747, 13.736932755], [1.8951702840000002, 15.284197383, 8.5896838335], [-2.262149715, 8.459600688, 3.0987254865000002], [-8.142976023, 0.32806893, -3.9074535464999998], [-12.812236143, -4.238192805000001, -8.525214474]]",0.0,0,33724222.948627114,460.46041847274984,340.8600133539017,19,693.220811971029,1687.5570435230493,249.81408343245812,0.965313627844074,49.89395904541016,-114.86666107177734,33.724222948627116,621,33724222.9486
08NK018,2005,10.600000381469728,1,1.9600000381469729,6,58.79999923706055,25.6578814414534,"[[-14.055846273, -4.508277459, -9.282061866], [-11.498434521, -1.194781266, -6.3466078935], [-9.051650664, 1.5213242940000002, -3.765163185], [-3.9612415920000004, 6.965742629999999, 1.5022505189999995], [0.8094910110000001, 13.052565708, 6.9310283595], [4.821850319999999, 17.865260616, 11.343555468], [6.6567474749999995, 21.239792889, 13.948270182], [6.418706763, 21.055158747, 13.736932755], [1.8951702840000002, 15.284197383, 8.5896838335], [-2.262149715, 8.459600688, 3.0987254865000002], [-8.142976023, 0.32806893, -3.9074535464999998], [-12.812236143, -4.238192805000001, -8.525214474]]",0.0,0,33724222.948627114,460.46041847274984,340.8600133539017,19,693.220811971029,1687.5570435230493,249.81408343245812,0.965313627844074,49.89395904541016,-114.86666107177734,33.724222948627116,621,33724222.9486
08NK018,2006,8.9399995803833,11,1.8899999856948853,5,53.0,25.6578814414534,"[[-14.055846273, -4.508277459, -9.282061866], [-11.498434521, -1.194781266, -6.3466078935], [-9.051650664, 1.5213242940000002, -3.765163185], [-3.9612415920000004, 6.965742629999999, 1.5022505189999995], [0.8094910110000001, 13.052565708, 6.9310283595], [4.821850319999999, 17.865260616, 11.343555468], [6.6567474749999995, 21.239792889, 13.948270182], [6.418706763, 21.055158747, 13.736932755], [1.8951702840000002, 15.284197383, 8.5896838335], [-2.262149715, 8.459600688, 3.0987254865000002], [-8.142976023, 0.32806893, -3.9074535464999998], [-12.812236143, -4.238192805000001, -8.525214474]]",0.0,0,33724222.948627114,460.46041847274984,340.8600133539017,19,693.220811971029,1687.5570435230493,249.81408343245812,0.965313627844074,49.89395904541016,-114.86666107177734,33.724222948627116,621,33724222.9486
08NK018,2007,7.869999885559082,1,1.5800000429153442,6,48.70000076293945,25.6578814414534,"[[-14.055846273, -4.508277459, -9.282061866], [-11.498434521, -1.194781266, -6.3466078935], [-9.051650664, 1.5213242940000002, -3.765163185], [-3.9612415920000004, 6.965742629999999, 1.5022505189999995], [0.8094910110000001, 13.052565708, 6.9310283595], [4.821850319999999, 17.865260616, 11.343555468], [6.6567474749999995, 21.239792889, 13.948270182], [6.418706763, 21.055158747, 13.736932755], [1.8951702840000002, 15.284197383, 8.5896838335], [-2.262149715, 8.459600688, 3.0987254865000002], [-8.142976023, 0.32806893, -3.9074535464999998], [-12.812236143, -4.238192805000001, -8.525214474]]",0.0,0,33724222.948627114,460.46041847274984,340.8600133539017,19,693.220811971029,1687.5570435230493,249.81408343245812,0.965313627844074,49.89395904541016,-114.86666107177734,33.724222948627116,621,33724222.9486
08NK018,2008,7.809999942779541,12,1.1200000047683716,5,48.70000076293945,25.6578814414534,"[[-14.055846273, -4.508277459, -9.282061866], [-11.498434521, -1.194781266, -6.3466078935], [-9.051650664, 1.5213242940000002, -3.765163185], [-3.9612415920000004, 6.965742629999999, 1.5022505189999995], [0.8094910110000001, 13.052565708, 6.9310283595], [4.821850319999999, 17.865260616, 11.343555468], [6.6567474749999995, 21.239792889, 13.948270182], [6.418706763, 21.055158747, 13.736932755], [1.8951702840000002, 15.284197383, 8.5896838335], [-2.262149715, 8.459600688, 3.0987254865000002], [-8.142976023, 0.32806893, -3.9074535464999998], [-12.812236143, -4.238192805000001, -8.525214474]]",0.0,0,33724222.948627114,460.46041847274984,340.8600133539017,19,693.220811971029,1687.5570435230493,249.81408343245812,0.965313627844074,49.89395904541016,-114.86666107177734,33.724222948627116,621,33724222.9486
08NK018,2009,5.860000133514404,1,1.1799999475479126,5,35.400001525878906,25.6578814414534,"[[-14.055846273, -4.508277459, -9.282061866], [-11.498434521, -1.194781266, -6.3466078935], [-9.051650664, 1.5213242940000002, -3.765163185], [-3.9612415920000004, 6.965742629999999, 1.5022505189999995], [0.8094910110000001, 13.052565708, 6.9310283595], [4.821850319999999, 17.865260616, 11.343555468], [6.6567474749999995, 21.239792889, 13.948270182], [6.418706763, 21.055158747, 13.736932755], [1.8951702840000002, 15.284197383, 8.5896838335], [-2.262149715, 8.459600688, 3.0987254865000002], [-8.142976023, 0.32806893, -3.9074535464999998], [-12.812236143, -4.238192805000001, -8.525214474]]",0.0,0,33724222.948627114,460.46041847274984,340.8600133539017,19,693.220811971029,1687.5570435230493,249.81408343245812,0.965313627844074,49.89395904541016,-114.86666107177734,33.724222948627116,621,33724222.9486
08NK018,2010,7.349999904632568,11,1.600000023841858,6,35.20000076293945,25.6578814414534,"[[-14.055846273, -4.508277459, -9.282061866], [-11.498434521, -1.194781266, -6.3466078935], [-9.051650664, 1.5213242940000002, -3.765163185], [-3.9612415920000004, 6.965742629999999, 1.5022505189999995], [0.8094910110000001, 13.052565708, 6.9310283595], [4.821850319999999, 17.865260616, 11.343555468], [6.6567474749999995, 21.239792889, 13.948270182], [6.418706763, 21.055158747, 13.736932755], [1.8951702840000002, 15.284197383, 8.5896838335], [-2.262149715, 8.459600688, 3.0987254865000002], [-8.142976023, 0.32806893, -3.9074535464999998], [-12.812236143, -4.238192805000001, -8.525214474]]",0.0,0,33724222.948627114,460.46041847274984,340.8600133539017,19,693.220811971029,1687.5570435230493,249.81408343245812,0.965313627844074,49.89395904541016,-114.86666107177734,33.724222948627116,621,33724222.9486
08NK018,2011,8.960000038146973,1,1.3600000143051147,6,54.0,25.6578814414534,"[[-14.055846273, -4.508277459, -9.282061866], [-11.498434521, -1.194781266, -6.3466078935], [-9.051650664, 1.5213242940000002, -3.765163185], [-3.9612415920000004, 6.965742629999999, 1.5022505189999995], [0.8094910110000001, 13.052565708, 6.9310283595], [4.821850319999999, 17.865260616, 11.343555468], [6.6567474749999995, 21.239792889, 13.948270182], [6.418706763, 21.055158747, 13.736932755], [1.8951702840000002, 15.284197383, 8.5896838335], [-2.262149715, 8.459600688, 3.0987254865000002], [-8.142976023, 0.32806893, -3.9074535464999998], [-12.812236143, -4.238192805000001, -8.525214474]]",0.0,0,33724222.948627114,460.46041847274984,340.8600133539017,19,693.220811971029,1687.5570435230493,249.81408343245812,0.965313627844074,49.89395904541016,-114.86666107177734,33.724222948627116,621,33724222.9486
08NK018,2012,11.5,1,1.3600000143051147,6,65.0999984741211,25.6578814414534,"[[-14.055846273, -4.508277459, -9.282061866], [-11.498434521, -1.194781266, -6.3466078935], [-9.051650664, 1.5213242940000002, -3.765163185], [-3.9612415920000004, 6.965742629999999, 1.5022505189999995], [0.8094910110000001, 13.052565708, 6.9310283595], [4.821850319999999, 17.865260616, 11.343555468], [6.6567474749999995, 21.239792889, 13.948270182], [6.418706763, 21.055158747, 13.736932755], [1.8951702840000002, 15.284197383, 8.5896838335], [-2.262149715, 8.459600688, 3.0987254865000002], [-8.142976023, 0.32806893, -3.9074535464999998], [-12.812236143, -4.238192805000001, -8.525214474]]",0.0,0,33724222.948627114,460.46041847274984,340.8600133539017,19,693.220811971029,1687.5570435230493,249.81408343245812,0.965313627844074,49.89395904541016,-114.86666107177734,33.724222948627116,621,33724222.9486
08NK018,2013,11.300000190734863,12,0.9509999752044678,6,195.0,25.6578814414534,"[[-14.055846273, -4.508277459, -9.282061866], [-11.498434521, -1.194781266, -6.3466078935], [-9.051650664, 1.5213242940000002, -3.765163185], [-3.9612415920000004, 6.965742629999999, 1.5022505189999995], [0.8094910110000001, 13.052565708, 6.9310283595], [4.821850319999999, 17.865260616, 11.343555468], [6.6567474749999995, 21.239792889, 13.948270182], [6.418706763, 21.055158747, 13.736932755], [1.8951702840000002, 15.284197383, 8.5896838335], [-2.262149715, 8.459600688, 3.0987254865000002], [-8.142976023, 0.32806893, -3.9074535464999998], [-12.812236143, -4.238192805000001, -8.525214474]]",0.0,0,33724222.948627114,460.46041847274984,340.8600133539017,19,693.220811971029,1687.5570435230493,249.81408343245812,0.965313627844074,49.89395904541016,-114.86666107177734,33.724222948627116,621,33724222.9486
08NK018,2014,9.130000114440918,1,1.4500000476837158,5,58.59999847412109,25.6578814414534,"[[-14.055846273, -4.508277459, -9.282061866], [-11.498434521, -1.194781266, -6.3466078935], [-9.051650664, 1.5213242940000002, -3.765163185], [-3.9612415920000004, 6.965742629999999, 1.5022505189999995], [0.8094910110000001, 13.052565708, 6.9310283595], [4.821850319999999, 17.865260616, 11.343555468], [6.6567474749999995, 21.239792889, 13.948270182], [6.418706763, 21.055158747, 13.736932755], [1.8951702840000002, 15.284197383, 8.5896838335], [-2.262149715, 8.459600688, 3.0987254865000002], [-8.142976023, 0.32806893, -3.9074535464999998], [-12.812236143, -4.238192805000001, -8.525214474]]",0.0,0,33724222.948627114,460.46041847274984,340.8600133539017,19,693.220811971029,1687.5570435230493,249.81408343245812,0.965313627844074,49.89395904541016,-114.86666107177734,33.724222948627116,621,33724222.9486
08NK018,2015,6.150000095367432,12,1.590000033378601,6,32.79999923706055,25.6578814414534,"[[-14.055846273, -4.508277459, -9.282061866], [-11.498434521, -1.194781266, -6.3466078935], [-9.051650664, 1.5213242940000002, -3.765163185], [-3.9612415920000004, 6.965742629999999, 1.5022505189999995], [0.8094910110000001, 13.052565708, 6.9310283595], [4.821850319999999, 17.865260616, 11.343555468], [6.6567474749999995, 21.239792889, 13.948270182], [6.418706763, 21.055158747, 13.736932755], [1.8951702840000002, 15.284197383, 8.5896838335], [-2.262149715, 8.459600688, 3.0987254865000002], [-8.142976023, 0.32806893, -3.9074535464999998], [-12.812236143, -4.238192805000001, -8.525214474]]",0.0,0,33724222.948627114,460.46041847274984,340.8600133539017,19,693.220811971029,1687.5570435230493,249.81408343245812,0.965313627844074,49.89395904541016,-114.86666107177734,33.724222948627116,621,33724222.9486
08NK018,2016,6.320000171661377,2,1.2200000286102295,4,21.399999618530277,25.6578814414534,"[[-14.055846273, -4.508277459, -9.282061866], [-11.498434521, -1.194781266, -6.3466078935], [-9.051650664, 1.5213242940000002, -3.765163185], [-3.9612415920000004, 6.965742629999999, 1.5022505189999995], [0.8094910110000001, 13.052565708, 6.9310283595], [4.821850319999999, 17.865260616, 11.343555468], [6.6567474749999995, 21.239792889, 13.948270182], [6.418706763, 21.055158747, 13.736932755], [1.8951702840000002, 15.284197383, 8.5896838335], [-2.262149715, 8.459600688, 3.0987254865000002], [-8.142976023, 0.32806893, -3.9074535464999998], [-12.812236143, -4.238192805000001, -8.525214474]]",0.0,0,33724222.948627114,460.46041847274984,340.8600133539017,19,693.220811971029,1687.5570435230493,249.81408343245812,0.965313627844074,49.89395904541016,-114.86666107177734,33.724222948627116,621,33724222.9486
08NK018,2017,7.489999771118164,12,1.190000057220459,6,46.400001525878906,25.6578814414534,"[[-14.055846273, -4.508277459, -9.282061866], [-11.498434521, -1.194781266, -6.3466078935], [-9.051650664, 1.5213242940000002, -3.765163185], [-3.9612415920000004, 6.965742629999999, 1.5022505189999995], [0.8094910110000001, 13.052565708, 6.9310283595], [4.821850319999999, 17.865260616, 11.343555468], [6.6567474749999995, 21.239792889, 13.948270182], [6.418706763, 21.055158747, 13.736932755], [1.8951702840000002, 15.284197383, 8.5896838335], [-2.262149715, 8.459600688, 3.0987254865000002], [-8.142976023, 0.32806893, -3.9074535464999998], [-12.812236143, -4.238192805000001, -8.525214474]]",0.0,0,33724222.948627114,460.46041847274984,340.8600133539017,19,693.220811971029,1687.5570435230493,249.81408343245812,0.965313627844074,49.89395904541016,-114.86666107177734,33.724222948627116,621,33724222.9486
08NK018,2018,7.300000190734863,1,1.309999942779541,5,50.0,25.6578814414534,"[[-14.055846273, -4.508277459, -9.282061866], [-11.498434521, -1.194781266, -6.3466078935], [-9.051650664, 1.5213242940000002, -3.765163185], [-3.9612415920000004, 6.965742629999999, 1.5022505189999995], [0.8094910110000001, 13.052565708, 6.9310283595], [4.821850319999999, 17.865260616, 11.343555468], [6.6567474749999995, 21.239792889, 13.948270182], [6.418706763, 21.055158747, 13.736932755], [1.8951702840000002, 15.284197383, 8.5896838335], [-2.262149715, 8.459600688, 3.0987254865000002], [-8.142976023, 0.32806893, -3.9074535464999998], [-12.812236143, -4.238192805000001, -8.525214474]]",0.0,0,33724222.948627114,460.46041847274984,340.8600133539017,19,693.220811971029,1687.5570435230493,249.81408343245812,0.965313627844074,49.89395904541016,-114.86666107177734,33.724222948627116,621,33724222.9486
08NK022,2013,0.746999979019165,2,0.5820000171661377,12,1.840000033378601,3.6535944042117405,"[[-14.674322097272729, -5.246744667818182, -9.960533382545455], [-12.240369688909091, -2.3708355529090905, -7.305602620909091], [-10.27889202709091, -0.16604588127272724, -5.222468954181819], [-5.082502125272727, 5.0211886085454545, -0.03065675836363635], [-0.05257425981818182, 11.03296505181818, 5.490195396], [4.102318167818182, 15.980216772545454, 10.041267470181818], [6.243297392181817, 19.417380386727277, 12.830338889454547], [6.138981182727273, 19.194321258000002, 12.666651220363637], [1.4910836907272726, 13.486060594363636, 7.488572142545454], [-2.9282059379999996, 6.939108704181819, 2.0054513830909095], [-9.159157395818182, -0.8282873492727272, -4.993722372545455], [-13.534612021636365, -4.989838258363636, -9.26222514]]",0.0,0,97721484.78823635,424.10268425156937,315.58277832535117,19,802.097008579799,1979.7389956958393,219.07688484653386,0.8032213171760274,49.8914909362793,-114.83335876464844,97.72148478823635,138,97721484.7882
08NK022,2000,1.659999966621399,12,0.4300000071525574,5,8.229999542236328,3.6535944042117405,"[[-14.674322097272729, -5.246744667818182, -9.960533382545455], [-12.240369688909091, -2.3708355529090905, -7.305602620909091], [-10.27889202709091, -0.16604588127272724, -5.222468954181819], [-5.082502125272727, 5.0211886085454545, -0.03065675836363635], [-0.05257425981818182, 11.03296505181818, 5.490195396], [4.102318167818182, 15.980216772545454, 10.041267470181818], [6.243297392181817, 19.417380386727277, 12.830338889454547], [6.138981182727273, 19.194321258000002, 12.666651220363637], [1.4910836907272726, 13.486060594363636, 7.488572142545454], [-2.9282059379999996, 6.939108704181819, 2.0054513830909095], [-9.159157395818182, -0.8282873492727272, -4.993722372545455], [-13.534612021636365, -4.989838258363636, -9.26222514]]",0.0,0,97721484.78823635,424.10268425156937,315.58277832535117,19,802.097008579799,1979.7389956958393,219.07688484653386,0.8032213171760274,49.8914909362793,-114.83335876464844,97.72148478823635,138,97721484.7882
08NK022,2001,0.9980000257492064,2,0.39899998903274536,5,5.610000133514404,3.6535944042117405,"[[-14.674322097272729, -5.246744667818182, -9.960533382545455], [-12.240369688909091, -2.3708355529090905, -7.305602620909091], [-10.27889202709091, -0.16604588127272724, -5.222468954181819], [-5.082502125272727, 5.0211886085454545, -0.03065675836363635], [-0.05257425981818182, 11.03296505181818, 5.490195396], [4.102318167818182, 15.980216772545454, 10.041267470181818], [6.243297392181817, 19.417380386727277, 12.830338889454547], [6.138981182727273, 19.194321258000002, 12.666651220363637], [1.4910836907272726, 13.486060594363636, 7.488572142545454], [-2.9282059379999996, 6.939108704181819, 2.0054513830909095], [-9.159157395818182, -0.8282873492727272, -4.993722372545455], [-13.534612021636365, -4.989838258363636, -9.26222514]]",0.0,0,97721484.78823635,424.10268425156937,315.58277832535117,19,802.097008579799,1979.7389956958393,219.07688484653386,0.8032213171760274,49.8914909362793,-114.83335876464844,97.72148478823635,138,97721484.7882
08NK022,2002,2.3499999046325684,1,0.47200000286102295,6,17.799999237060547,3.6535944042117405,"[[-14.674322097272729, -5.246744667818182, -9.960533382545455], [-12.240369688909091, -2.3708355529090905, -7.305602620909091], [-10.27889202709091, -0.16604588127272724, -5.222468954181819], [-5.082502125272727, 5.0211886085454545, -0.03065675836363635], [-0.05257425981818182, 11.03296505181818, 5.490195396], [4.102318167818182, 15.980216772545454, 10.041267470181818], [6.243297392181817, 19.417380386727277, 12.830338889454547], [6.138981182727273, 19.194321258000002, 12.666651220363637], [1.4910836907272726, 13.486060594363636, 7.488572142545454], [-2.9282059379999996, 6.939108704181819, 2.0054513830909095], [-9.159157395818182, -0.8282873492727272, -4.993722372545455], [-13.534612021636365, -4.989838258363636, -9.26222514]]",0.0,0,97721484.78823635,424.10268425156937,315.58277832535117,19,802.097008579799,1979.7389956958393,219.07688484653386,0.8032213171760274,49.8914909362793,-114.83335876464844,97.72148478823635,138,97721484.7882
08NK022,2003,1.919999957084656,2,0.38199999928474426,5,14.5,3.6535944042117405,"[[-14.674322097272729, -5.246744667818182, -9.960533382545455], [-12.240369688909091, -2.3708355529090905, -7.305602620909091], [-10.27889202709091, -0.16604588127272724, -5.222468954181819], [-5.082502125272727, 5.0211886085454545, -0.03065675836363635], [-0.05257425981818182, 11.03296505181818, 5.490195396], [4.102318167818182, 15.980216772545454, 10.041267470181818], [6.243297392181817, 19.417380386727277, 12.830338889454547], [6.138981182727273, 19.194321258000002, 12.666651220363637], [1.4910836907272726, 13.486060594363636, 7.488572142545454], [-2.9282059379999996, 6.939108704181819, 2.0054513830909095], [-9.159157395818182, -0.8282873492727272, -4.993722372545455], [-13.534612021636365, -4.989838258363636, -9.26222514]]",0.0,0,97721484.78823635,424.10268425156937,315.58277832535117,19,802.097008579799,1979.7389956958393,219.07688484653386,0.8032213171760274,49.8914909362793,-114.83335876464844,97.72148478823635,138,97721484.7882
08NK022,2004,1.8200000524520876,1,0.42800000309944153,6,5.409999847412109,3.6535944042117405,"[[-14.674322097272729, -5.246744667818182, -9.960533382545455], [-12.240369688909091, -2.3708355529090905, -7.305602620909091], [-10.27889202709091, -0.16604588127272724, -5.222468954181819], [-5.082502125272727, 5.0211886085454545, -0.03065675836363635], [-0.05257425981818182, 11.03296505181818, 5.490195396], [4.102318167818182, 15.980216772545454, 10.041267470181818], [6.243297392181817, 19.417380386727277, 12.830338889454547], [6.138981182727273, 19.194321258000002, 12.666651220363637], [1.4910836907272726, 13.486060594363636, 7.488572142545454], [-2.9282059379999996, 6.939108704181819, 2.0054513830909095], [-9.159157395818182, -0.8282873492727272, -4.993722372545455], [-13.534612021636365, -4.989838258363636, -9.26222514]]",0.0,0,97721484.78823635,424.10268425156937,315.58277832535117,19,802.097008579799,1979.7389956958393,219.07688484653386,0.8032213171760274,49.8914909362793,-114.83335876464844,97.72148478823635,138,97721484.7882
08NK022,2005,2.759999990463257,1,0.5,6,12.699999809265137,3.6535944042117405,"[[-14.674322097272729, -5.246744667818182, -9.960533382545455], [-12.240369688909091, -2.3708355529090905, -7.305602620909091], [-10.27889202709091, -0.16604588127272724, -5.222468954181819], [-5.082502125272727, 5.0211886085454545, -0.03065675836363635], [-0.05257425981818182, 11.03296505181818, 5.490195396], [4.102318167818182, 15.980216772545454, 10.041267470181818], [6.243297392181817, 19.417380386727277, 12.830338889454547], [6.138981182727273, 19.194321258000002, 12.666651220363637], [1.4910836907272726, 13.486060594363636, 7.488572142545454], [-2.9282059379999996, 6.939108704181819, 2.0054513830909095], [-9.159157395818182, -0.8282873492727272, -4.993722372545455], [-13.534612021636365, -4.989838258363636, -9.26222514]]",0.0,0,97721484.78823635,424.10268425156937,315.58277832535117,19,802.097008579799,1979.7389956958393,219.07688484653386,0.8032213171760274,49.8914909362793,-114.83335876464844,97.72148478823635,138,97721484.7882
08NK022,2006,2.200000047683716,11,0.4180000126361847,5,15.100000381469728,3.6535944042117405,"[[-14.674322097272729, -5.246744667818182, -9.960533382545455], [-12.240369688909091, -2.3708355529090905, -7.305602620909091], [-10.27889202709091, -0.16604588127272724, -5.222468954181819], [-5.082502125272727, 5.0211886085454545, -0.03065675836363635], [-0.05257425981818182, 11.03296505181818, 5.490195396], [4.102318167818182, 15.980216772545454, 10.041267470181818], [6.243297392181817, 19.417380386727277, 12.830338889454547], [6.138981182727273, 19.194321258000002, 12.666651220363637], [1.4910836907272726, 13.486060594363636, 7.488572142545454], [-2.9282059379999996, 6.939108704181819, 2.0054513830909095], [-9.159157395818182, -0.8282873492727272, -4.993722372545455], [-13.534612021636365, -4.989838258363636, -9.26222514]]",0.0,0,97721484.78823635,424.10268425156937,315.58277832535117,19,802.097008579799,1979.7389956958393,219.07688484653386,0.8032213171760274,49.8914909362793,-114.83335876464844,97.72148478823635,138,97721484.7882
08NK022,2007,2.150000095367432,1,0.3400000035762787,6,14.199999809265137,3.6535944042117405,"[[-14.674322097272729, -5.246744667818182, -9.960533382545455], [-12.240369688909091, -2.3708355529090905, -7.305602620909091], [-10.27889202709091, -0.16604588127272724, -5.222468954181819], [-5.082502125272727, 5.0211886085454545, -0.03065675836363635], [-0.05257425981818182, 11.03296505181818, 5.490195396], [4.102318167818182, 15.980216772545454, 10.041267470181818], [6.243297392181817, 19.417380386727277, 12.830338889454547], [6.138981182727273, 19.194321258000002, 12.666651220363637], [1.4910836907272726, 13.486060594363636, 7.488572142545454], [-2.9282059379999996, 6.939108704181819, 2.0054513830909095], [-9.159157395818182, -0.8282873492727272, -4.993722372545455], [-13.534612021636365, -4.989838258363636, -9.26222514]]",0.0,0,97721484.78823635,424.10268425156937,315.58277832535117,19,802.097008579799,1979.7389956958393,219.07688484653386,0.8032213171760274,49.8914909362793,-114.83335876464844,97.72148478823635,138,97721484.7882
08NK022,2008,1.9700000286102293,12,0.30000001192092896,5,12.800000190734863,3.6535944042117405,"[[-14.674322097272729, -5.246744667818182, -9.960533382545455], [-12.240369688909091, -2.3708355529090905, -7.305602620909091], [-10.27889202709091, -0.16604588127272724, -5.222468954181819], [-5.082502125272727, 5.0211886085454545, -0.03065675836363635], [-0.05257425981818182, 11.03296505181818, 5.490195396], [4.102318167818182, 15.980216772545454, 10.041267470181818], [6.243297392181817, 19.417380386727277, 12.830338889454547], [6.138981182727273, 19.194321258000002, 12.666651220363637], [1.4910836907272726, 13.486060594363636, 7.488572142545454], [-2.9282059379999996, 6.939108704181819, 2.0054513830909095], [-9.159157395818182, -0.8282873492727272, -4.993722372545455], [-13.534612021636365, -4.989838258363636, -9.26222514]]",0.0,0,97721484.78823635,424.10268425156937,315.58277832535117,19,802.097008579799,1979.7389956958393,219.07688484653386,0.8032213171760274,49.8914909362793,-114.83335876464844,97.72148478823635,138,97721484.7882
08NK022,2009,1.409999966621399,12,0.3100000023841858,5,8.479999542236328,3.6535944042117405,"[[-14.674322097272729, -5.246744667818182, -9.960533382545455], [-12.240369688909091, -2.3708355529090905, -7.305602620909091], [-10.27889202709091, -0.16604588127272724, -5.222468954181819], [-5.082502125272727, 5.0211886085454545, -0.03065675836363635], [-0.05257425981818182, 11.03296505181818, 5.490195396], [4.102318167818182, 15.980216772545454, 10.041267470181818], [6.243297392181817, 19.417380386727277, 12.830338889454547], [6.138981182727273, 19.194321258000002, 12.666651220363637], [1.4910836907272726, 13.486060594363636, 7.488572142545454], [-2.9282059379999996, 6.939108704181819, 2.0054513830909095], [-9.159157395818182, -0.8282873492727272, -4.993722372545455], [-13.534612021636365, -4.989838258363636, -9.26222514]]",0.0,0,97721484.78823635,424.10268425156937,315.58277832535117,19,802.097008579799,1979.7389956958393,219.07688484653386,0.8032213171760274,49.8914909362793,-114.83335876464844,97.72148478823635,138,97721484.7882
08NK022,2010,1.899999976158142,11,0.3199999928474426,6,10.100000381469728,3.6535944042117405,"[[-14.674322097272729, -5.246744667818182, -9.960533382545455], [-12.240369688909091, -2.3708355529090905, -7.305602620909091], [-10.27889202709091, -0.16604588127272724, -5.222468954181819], [-5.082502125272727, 5.0211886085454545, -0.03065675836363635], [-0.05257425981818182, 11.03296505181818, 5.490195396], [4.102318167818182, 15.980216772545454, 10.041267470181818], [6.243297392181817, 19.417380386727277, 12.830338889454547], [6.138981182727273, 19.194321258000002, 12.666651220363637], [1.4910836907272726, 13.486060594363636, 7.488572142545454], [-2.9282059379999996, 6.939108704181819, 2.0054513830909095], [-9.159157395818182, -0.8282873492727272, -4.993722372545455], [-13.534612021636365, -4.989838258363636, -9.26222514]]",0.0,0,97721484.78823635,424.10268425156937,315.58277832535117,19,802.097008579799,1979.7389956958393,219.07688484653386,0.8032213171760274,49.8914909362793,-114.83335876464844,97.72148478823635,138,97721484.7882
08NK022,2011,2.240000009536743,1,0.38999998569488525,6,12.300000190734863,3.6535944042117405,"[[-14.674322097272729, -5.246744667818182, -9.960533382545455], [-12.240369688909091, -2.3708355529090905, -7.305602620909091], [-10.27889202709091, -0.16604588127272724, -5.222468954181819], [-5.082502125272727, 5.0211886085454545, -0.03065675836363635], [-0.05257425981818182, 11.03296505181818, 5.490195396], [4.102318167818182, 15.980216772545454, 10.041267470181818], [6.243297392181817, 19.417380386727277, 12.830338889454547], [6.138981182727273, 19.194321258000002, 12.666651220363637], [1.4910836907272726, 13.486060594363636, 7.488572142545454], [-2.9282059379999996, 6.939108704181819, 2.0054513830909095], [-9.159157395818182, -0.8282873492727272, -4.993722372545455], [-13.534612021636365, -4.989838258363636, -9.26222514]]",0.0,0,97721484.78823635,424.10268425156937,315.58277832535117,19,802.097008579799,1979.7389956958393,219.07688484653386,0.8032213171760274,49.8914909362793,-114.83335876464844,97.72148478823635,138,97721484.7882
08NK022,2012,2.9800000190734863,1,0.4289999902248383,6,18.600000381469727,3.6535944042117405,"[[-14.674322097272729, -5.246744667818182, -9.960533382545455], [-12.240369688909091, -2.3708355529090905, -7.305602620909091], [-10.27889202709091, -0.16604588127272724, -5.222468954181819], [-5.082502125272727, 5.0211886085454545, -0.03065675836363635], [-0.05257425981818182, 11.03296505181818, 5.490195396], [4.102318167818182, 15.980216772545454, 10.041267470181818], [6.243297392181817, 19.417380386727277, 12.830338889454547], [6.138981182727273, 19.194321258000002, 12.666651220363637], [1.4910836907272726, 13.486060594363636, 7.488572142545454], [-2.9282059379999996, 6.939108704181819, 2.0054513830909095], [-9.159157395818182, -0.8282873492727272, -4.993722372545455], [-13.534612021636365, -4.989838258363636, -9.26222514]]",0.0,0,97721484.78823635,424.10268425156937,315.58277832535117,19,802.097008579799,1979.7389956958393,219.07688484653386,0.8032213171760274,49.8914909362793,-114.83335876464844,97.72148478823635,138,97721484.7882
08NK022,2013,2.869999885559082,2,0.6230000257492065,6,28.100000381469727,3.6535944042117405,"[[-14.674322097272729, -5.246744667818182, -9.960533382545455], [-12.240369688909091, -2.3708355529090905, -7.305602620909091], [-10.27889202709091, -0.16604588127272724, -5.222468954181819], [-5.082502125272727, 5.0211886085454545, -0.03065675836363635], [-0.05257425981818182, 11.03296505181818, 5.490195396], [4.102318167818182, 15.980216772545454, 10.041267470181818], [6.243297392181817, 19.417380386727277, 12.830338889454547], [6.138981182727273, 19.194321258000002, 12.666651220363637], [1.4910836907272726, 13.486060594363636, 7.488572142545454], [-2.9282059379999996, 6.939108704181819, 2.0054513830909095], [-9.159157395818182, -0.8282873492727272, -4.993722372545455], [-13.534612021636365, -4.989838258363636, -9.26222514]]",0.0,0,97721484.78823635,424.10268425156937,315.58277832535117,19,802.097008579799,1979.7389956958393,219.07688484653386,0.8032213171760274,49.8914909362793,-114.83335876464844,97.72148478823635,138,97721484.7882
08NK022,2014,2.2699999809265137,1,0.4259999990463257,5,13.899999618530272,3.6535944042117405,"[[-14.674322097272729, -5.246744667818182, -9.960533382545455], [-12.240369688909091, -2.3708355529090905, -7.305602620909091], [-10.27889202709091, -0.16604588127272724, -5.222468954181819], [-5.082502125272727, 5.0211886085454545, -0.03065675836363635], [-0.05257425981818182, 11.03296505181818, 5.490195396], [4.102318167818182, 15.980216772545454, 10.041267470181818], [6.243297392181817, 19.417380386727277, 12.830338889454547], [6.138981182727273, 19.194321258000002, 12.666651220363637], [1.4910836907272726, 13.486060594363636, 7.488572142545454], [-2.9282059379999996, 6.939108704181819, 2.0054513830909095], [-9.159157395818182, -0.8282873492727272, -4.993722372545455], [-13.534612021636365, -4.989838258363636, -9.26222514]]",0.0,0,97721484.78823635,424.10268425156937,315.58277832535117,19,802.097008579799,1979.7389956958393,219.07688484653386,0.8032213171760274,49.8914909362793,-114.83335876464844,97.72148478823635,138,97721484.7882
08NK022,2015,1.7699999809265137,12,0.453000009059906,6,10.399999618530272,3.6535944042117405,"[[-14.674322097272729, -5.246744667818182, -9.960533382545455], [-12.240369688909091, -2.3708355529090905, -7.305602620909091], [-10.27889202709091, -0.16604588127272724, -5.222468954181819], [-5.082502125272727, 5.0211886085454545, -0.03065675836363635], [-0.05257425981818182, 11.03296505181818, 5.490195396], [4.102318167818182, 15.980216772545454, 10.041267470181818], [6.243297392181817, 19.417380386727277, 12.830338889454547], [6.138981182727273, 19.194321258000002, 12.666651220363637], [1.4910836907272726, 13.486060594363636, 7.488572142545454], [-2.9282059379999996, 6.939108704181819, 2.0054513830909095], [-9.159157395818182, -0.8282873492727272, -4.993722372545455], [-13.534612021636365, -4.989838258363636, -9.26222514]]",0.0,0,97721484.78823635,424.10268425156937,315.58277832535117,19,802.097008579799,1979.7389956958393,219.07688484653386,0.8032213171760274,49.8914909362793,-114.83335876464844,97.72148478823635,138,97721484.7882
08NK022,2016,1.870000004768372,2,0.3779999911785126,4,9.90999984741211,3.6535944042117405,"[[-14.674322097272729, -5.246744667818182, -9.960533382545455], [-12.240369688909091, -2.3708355529090905, -7.305602620909091], [-10.27889202709091, -0.16604588127272724, -5.222468954181819], [-5.082502125272727, 5.0211886085454545, -0.03065675836363635], [-0.05257425981818182, 11.03296505181818, 5.490195396], [4.102318167818182, 15.980216772545454, 10.041267470181818], [6.243297392181817, 19.417380386727277, 12.830338889454547], [6.138981182727273, 19.194321258000002, 12.666651220363637], [1.4910836907272726, 13.486060594363636, 7.488572142545454], [-2.9282059379999996, 6.939108704181819, 2.0054513830909095], [-9.159157395818182, -0.8282873492727272, -4.993722372545455], [-13.534612021636365, -4.989838258363636, -9.26222514]]",0.0,0,97721484.78823635,424.10268425156937,315.58277832535117,19,802.097008579799,1979.7389956958393,219.07688484653386,0.8032213171760274,49.8914909362793,-114.83335876464844,97.72148478823635,138,97721484.7882
08NK022,2017,2.059999942779541,12,0.35499998927116394,6,13.199999809265137,3.6535944042117405,"[[-14.674322097272729, -5.246744667818182, -9.960533382545455], [-12.240369688909091, -2.3708355529090905, -7.305602620909091], [-10.27889202709091, -0.16604588127272724, -5.222468954181819], [-5.082502125272727, 5.0211886085454545, -0.03065675836363635], [-0.05257425981818182, 11.03296505181818, 5.490195396], [4.102318167818182, 15.980216772545454, 10.041267470181818], [6.243297392181817, 19.417380386727277, 12.830338889454547], [6.138981182727273, 19.194321258000002, 12.666651220363637], [1.4910836907272726, 13.486060594363636, 7.488572142545454], [-2.9282059379999996, 6.939108704181819, 2.0054513830909095], [-9.159157395818182, -0.8282873492727272, -4.993722372545455], [-13.534612021636365, -4.989838258363636, -9.26222514]]",0.0,0,97721484.78823635,424.10268425156937,315.58277832535117,19,802.097008579799,1979.7389956958393,219.07688484653386,0.8032213171760274,49.8914909362793,-114.83335876464844,97.72148478823635,138,97721484.7882
