{"learner":{"attributes":{"scikit_learn":"{\"n_estimators\": 100, \"objective\": \"reg:squarederror\", \"max_depth\": null, \"learning_rate\": null, \"verbosity\": null, \"booster\": null, \"tree_method\": null, \"gamma\": null, \"min_child_weight\": null, \"max_delta_step\": null, \"subsample\": null, \"colsample_bytree\": null, \"colsample_bylevel\": null, \"colsample_bynode\": null, \"reg_alpha\": null, \"reg_lambda\": null, \"scale_pos_weight\": null, \"base_score\": null, \"missing\": NaN, \"num_parallel_tree\": null, \"kwargs\": {}, \"random_state\": 42, \"n_jobs\": null, \"monotone_constraints\": null, \"interaction_constraints\": null, \"importance_type\": \"gain\", \"gpu_id\": null, \"validate_parameters\": null, \"n_features_in_\": 1, \"type\": \"XGBRegressor\"}"},"gradient_booster":{"model":{"gbtree_model_param":{"num_trees":"100","size_leaf_vector":"0"},"tree_info":[0,0,0,0,0,0,0,0,0,0,0,0,0,0,0,0,0,0,0,0,0,0,0,0,0,0,0,0,0,0,0,0,0,0,0,0,0,0,0,0,0,0,0,0,0,0,0,0,0,0,0,0,0,0,0,0,0,0,0,0,0,0,0,0,0,0,0,0,0,0,0,0,0,0,0,0,0,0,0,0,0,0,0,0,0,0,0,0,0,0,0,0,0,0,0,0,0,0,0,0],"trees":[{"base_weights":[3.3908355E0,-2.2234783E-1,4.8316813E0,-3.3354545E-1,-1.8219444E-1,3.777E0,6.591683E0,4.431778E0,-3.1645456E-1],"default_left":[true,true,true,false,false,true,false,false,false],"id":0,"leaf_child_counts":[0,0,0,0,0,0,0,0,0],"left_children":[1,3,5,-1,-1,7,-1,-1,-1],"loss_changes":[8.236288E2,1.4461827E-1,1.848584E2,0E0,0E0,1.9706458E2,0E0,0E0,0E0],"parents":[2147483647,0,0,1,1,2,2,5,5],"right_children":[2,4,6,-1,-1,8,-1,-1,-1],"split_conditions":[5.0053976E2,4.5440067E2,5.6193823E2,-1.0006364E-1,-5.4658335E-2,5.300355E2,1.977505E0,1.3295335E0,-9.493637E-2],"split_indices":[0,0,0,0,0,0,0,0,0],"sum_hessian":[1.57E2,4.5E1,1.12E2,1E1,3.5E1,7.2E1,4E1,6.2E1,1E1],"tree_param":{"num_deleted":"0","num_feature":"1","num_nodes":"9","size_leaf_vector":"0"}},{"base_weights":[2.3929353E0,-1.5900701E-1,3.4106026E0,-2.4257854E-1,-1.2905441E-1,2.6608121E0,4.66241E0,-1.1414951E-1,-2.1975626E-1,3.123348E0,-2.3014876E-1,-8.070751E-2,-1.2332744E-1],"default_left":[true,true,true,false,true,true,false,true,false,false,false,false,false],"id":1,"leaf_child_counts":[0,0,0,0,0,0,0,0,0,0,0,0,0],"left_children":[1,3,5,-1,7,9,-1,11,-1,-1,-1,-1,-1],"loss_changes":[4.1087292E2,8.384073E-2,9.365515E1,0E0,2.3583412E-2,9.833246E1,0E0,1.7520785E-4,0E0,0E0,0E0,0E0,0E0],"parents":[2147483647,0,0,1,1,2,2,4,4,5,5,7,7],"right_children":[2,4,6,-1,8,10,-1,12,-1,-1,-1,-1,-1],"split_conditions":[5.0053976E2,4.5440067E2,5.6193823E2,-7.277356E-2,4.832411E2,5.300355E2,1.398723E0,4.641494E2,-6.592688E-2,9.3700445E-1,-6.9044635E-2,-2.4212254E-2,-3.6998235E-2],"split_indices":[0,0,0,0,0,0,0,0,0,0,0,0,0],"sum_hessian":[1.57E2,4.5E1,1.12E2,1E1,3.5E1,7.2E1,4E1,3.2E1,3E0,6.2E1,1E1,9E0,2.3E1],"tree_param":{"num_deleted":"0","num_feature":"1","num_nodes":"13","size_leaf_vector":"0"}},{"base_weights":[1.6881355E0,-1.15650795E-1,2.407481E0,-1.7331313E-1,-9.257654E-2,1.8744584E0,3.297802E0,-7.99667E-2,-1.703111E-1,2.2012167E0,-1.6738088E-1,-5.000395E-2,-8.787079E-2],"default_left":[true,true,true,false,true,true,false,true,false,false,false,false,false],"id":2,"leaf_child_counts":[0,0,0,0,0,0,0,0,0,0,0,0,0],"left_children":[1,3,5,-1,7,9,-1,11,-1,-1,-1,-1,-1],"loss_changes":[2.0529056E2,4.5158982E-2,4.7443848E1,0E0,2.0688474E-2,4.907315E1,0E0,3.1846017E-3,0E0,0E0,0E0,0E0,0E0],"parents":[2147483647,0,0,1,1,2,2,4,4,5,5,7,7],"right_children":[2,4,6,-1,8,10,-1,12,-1,-1,-1,-1,-1],"split_conditions":[5.0053976E2,4.6040808E2,5.6193823E2,-5.199394E-2,4.832411E2,5.300355E2,9.893406E-1,4.641494E2,-5.109333E-2,6.6036505E-1,-5.021427E-2,-1.5001185E-2,-2.6361238E-2],"split_indices":[0,0,0,0,0,0,0,0,0,0,0,0,0],"sum_hessian":[1.57E2,4.5E1,1.12E2,1.1E1,3.4E1,7.2E1,4E1,3.1E1,3E0,6.2E1,1E1,8E0,2.3E1],"tree_param":{"num_deleted":"0","num_feature":"1","num_nodes":"13","size_leaf_vector":"0"}},{"base_weights":[1.1909039E0,-8.409577E-2,1.6993914E0,-1.2915352E-1,-6.7992136E-2,1.320479E0,2.3325915E0,-5.8174316E-2,-1.3199109E-1,1.5513335E0,-1.2173157E-1],"default_left":[true,true,true,false,true,true,false,false,false,false,false],"id":3,"leaf_child_counts":[0,0,0,0,0,0,0,0,0,0,0],"left_children":[1,3,5,-1,7,9,-1,-1,-1,-1,-1],"loss_changes":[1.0257767E2,2.4595857E-2,2.4031677E1,0E0,1.4941394E-2,2.4493538E1,0E0,0E0,0E0,0E0,0E0],"parents":[2147483647,0,0,1,1,2,2,4,4,5,5],"right_children":[2,4,6,-1,8,10,-1,-1,-1,-1,-1],"split_conditions":[5.0053976E2,4.5440067E2,5.6193823E2,-3.874606E-2,4.832411E2,5.300355E2,6.997775E-1,-1.7452296E-2,-3.959733E-2,4.6540007E-1,-3.651947E-2],"split_indices":[0,0,0,0,0,0,0,0,0,0,0],"sum_hessian":[1.57E2,4.5E1,1.12E2,1E1,3.5E1,7.2E1,4E1,3.2E1,3E0,6.2E1,1E1],"tree_param":{"num_deleted":"0","num_feature":"1","num_nodes":"11","size_leaf_vector":"0"}},{"base_weights":[8.4016985E-1,-6.094955E-2,1.1995621E0,-9.392983E-2,-4.9179196E-2,9.302104E-1,1.6498818E0,-4.125087E-2,-1.022931E-1,1.0933208E0,-8.8532045E-2,-2.6009087E-2,-4.588283E-2],"default_left":[true,true,true,false,true,true,false,true,false,false,false,false,false],"id":4,"leaf_child_counts":[0,0,0,0,0,0,0,0,0,0,0,0,0],"left_children":[1,3,5,-1,7,9,-1,11,-1,-1,-1,-1,-1],"loss_changes":[5.1242256E1,1.3237312E-2,1.2171524E1,0E0,1.0940075E-2,1.2227024E1,0E0,1.1364035E-3,0E0,0E0,0E0,0E0,0E0],"parents":[2147483647,0,0,1,1,2,2,4,4,5,5,7,7],"right_children":[2,4,6,-1,8,10,-1,12,-1,-1,-1,-1,-1],"split_conditions":[5.0053976E2,4.5440067E2,5.6193823E2,-2.8178949E-2,4.832411E2,5.300355E2,4.9496457E-1,4.641494E2,-3.068793E-2,3.2799625E-1,-2.6559616E-2,-7.8027262E-3,-1.3764849E-2],"split_indices":[0,0,0,0,0,0,0,0,0,0,0,0,0],"sum_hessian":[1.57E2,4.5E1,1.12E2,1E1,3.5E1,7.2E1,4E1,3.2E1,3E0,6.2E1,1E1,9E0,2.3E1],"tree_param":{"num_deleted":"0","num_feature":"1","num_nodes":"13","size_leaf_vector":"0"}},{"base_weights":[5.9265035E-1,-4.4413254E-2,8.4674126E-1,-6.777659E-2,-3.5134017E-2,6.552766E-1,1.1669896E0,-2.8518189E-2,-7.927715E-2,7.7053094E-1,-6.4386934E-2,-1.4220653E-2,-3.2691505E-2,8.656819E-1,6.116007E-1],"default_left":[true,true,true,false,true,true,false,true,false,true,false,false,false,false,false],"id":5,"leaf_child_counts":[0,0,0,0,0,0,0,0,0,0,0,0,0,0,0],"left_children":[1,3,5,-1,7,9,-1,11,-1,13,-1,-1,-1,-1,-1],"loss_changes":[2.56134E1,7.591255E-3,6.164032E0,0E0,7.960677E-3,6.1045456E0,0E0,1.4444869E-3,0E0,4.2325592E-1,0E0,0E0,0E0,0E0,0E0],"parents":[2147483647,0,0,1,1,2,2,4,4,5,5,7,7,9,9],"right_children":[2,4,6,-1,8,10,-1,12,-1,14,-1,-1,-1,-1,-1],"split_conditions":[5.0053976E2,4.6040808E2,5.6193823E2,-2.0332977E-2,4.832411E2,5.300355E2,3.5009688E-1,4.641494E2,-2.3783145E-2,5.1251337E2,-1.9316081E-2,-4.266196E-3,-9.807452E-3,2.597046E-1,1.8348022E-1],"split_indices":[0,0,0,0,0,0,0,0,0,0,0,0,0,0,0],"sum_hessian":[1.57E2,4.5E1,1.12E2,1.1E1,3.4E1,7.2E1,4E1,3.1E1,3E0,6.2E1,1E1,8E0,2.3E1,3.6E1,2.6E1],"tree_param":{"num_deleted":"0","num_feature":"1","num_nodes":"15","size_leaf_vector":"0"}},{"base_weights":[4.1938546E-1,-3.235428E-2,5.995681E-1,-4.913803E-2,-2.5675446E-2,4.645E-1,8.2543164E-1,-2.0402547E-2,-6.143979E-2,5.4640627E-1,-4.6826866E-2,-1.042848E-2,-2.3292715E-2,6.1299634E-1,4.3491596E-1],"default_left":[true,true,true,false,true,true,false,true,false,true,false,false,false,false,false],"id":6,"leaf_child_counts":[0,0,0,0,0,0,0,0,0,0,0,0,0,0,0],"left_children":[1,3,5,-1,7,9,-1,11,-1,13,-1,-1,-1,-1,-1],"loss_changes":[1.2879915E1,3.8947687E-3,3.0638733E0,0E0,5.3468365E-3,3.0828905E0,0E0,6.795479E-4,0E0,2.0112038E-1,0E0,0E0,0E0,0E0,0E0],"parents":[2147483647,0,0,1,1,2,2,4,4,5,5,7,7,9,9],"right_children":[2,4,6,-1,8,10,-1,12,-1,14,-1,-1,-1,-1,-1],"split_conditions":[5.0053976E2,4.6040808E2,5.6193823E2,-1.4741409E-2,4.832411E2,5.300355E2,2.4762951E-1,4.641494E2,-1.8431937E-2,5.1251337E2,-1.404806E-2,-3.1285442E-3,-6.987815E-3,1.8389891E-1,1.3047479E-1],"split_indices":[0,0,0,0,0,0,0,0,0,0,0,0,0,0,0],"sum_hessian":[1.57E2,4.5E1,1.12E2,1.1E1,3.4E1,7.2E1,4E1,3.1E1,3E0,6.2E1,1E1,8E0,2.3E1,3.6E1,2.6E1],"tree_param":{"num_deleted":"0","num_feature":"1","num_nodes":"15","size_leaf_vector":"0"}},{"base_weights":[2.967639E-1,-2.3589076E-2,4.2454684E-1,-2.0805446E-2,-4.761584E-2,3.292641E-1,5.838418E-1,-3.562507E-2,-1.4597917E-2,3.874745E-1,-3.4055904E-2,-7.6475358E-3,-1.6596064E-2,4.3406767E-1,3.092737E-1],"default_left":[true,true,true,true,false,true,false,false,true,true,false,false,false,false,false],"id":7,"leaf_child_counts":[0,0,0,0,0,0,0,0,0,0,0,0,0,0,0],"left_children":[1,3,5,7,-1,9,-1,-1,11,13,-1,-1,-1,-1,-1],"loss_changes":[6.477847E0,2.085887E-3,1.5228825E0,3.4356583E-3,0E0,1.5570741E0,0E0,0E0,3.1749345E-4,9.530258E-2,0E0,0E0,0E0,0E0,0E0],"parents":[2147483647,0,0,1,1,2,2,3,3,5,5,8,8,9,9],"right_children":[2,4,6,8,-1,10,-1,-1,12,14,-1,-1,-1,-1,-1],"split_conditions":[5.0053976E2,4.832411E2,5.6193823E2,4.6040808E2,-1.4284753E-2,5.300355E2,1.7515254E-1,-1.0687522E-2,4.641494E2,5.1251337E2,-1.0216772E-2,-2.2942608E-3,-4.9788193E-3,1.3022031E-1,9.278211E-2],"split_indices":[0,0,0,0,0,0,0,0,0,0,0,0,0,0,0],"sum_hessian":[1.57E2,4.5E1,1.12E2,4.2E1,3E0,7.2E1,4E1,1.1E1,3.1E1,6.2E1,1E1,8E0,2.3E1,3.6E1,2.6E1],"tree_param":{"num_deleted":"0","num_feature":"1","num_nodes":"15","size_leaf_vector":"0"}},{"base_weights":[2.0998585E-1,-1.7213345E-2,3.0061573E-1,-1.4981505E-2,-3.690227E-2,2.3339969E-1,4.1296098E-1,-2.6710875E-2,-1.061773E-2,2.747718E-1,-2.4767933E-2,-6.65922E-3,-1.1824704E-2,3.073666E-1,2.1992813E-1],"default_left":[true,true,true,true,false,true,false,false,true,true,false,false,false,false,false],"id":8,"leaf_child_counts":[0,0,0,0,0,0,0,0,0,0,0,0,0,0,0],"left_children":[1,3,5,7,-1,9,-1,-1,11,13,-1,-1,-1,-1,-1],"loss_changes":[3.2585583E0,1.4685029E-3,7.569237E-1,1.9173184E-3,0E0,7.865143E-1,0E0,0E0,7.89247E-5,4.5021534E-2,0E0,0E0,0E0,0E0,0E0],"parents":[2147483647,0,0,1,1,2,2,3,3,5,5,8,8,9,9],"right_children":[2,4,6,8,-1,10,-1,-1,12,14,-1,-1,-1,-1,-1],"split_conditions":[5.0053976E2,4.832411E2,5.6193823E2,4.5440067E2,-1.1070682E-2,5.300355E2,1.238883E-1,-8.013263E-3,4.641494E2,5.1251337E2,-7.43038E-3,-1.997766E-3,-3.5474112E-3,9.220999E-2,6.5978445E-2],"split_indices":[0,0,0,0,0,0,0,0,0,0,0,0,0,0,0],"sum_hessian":[1.57E2,4.5E1,1.12E2,4.2E1,3E0,7.2E1,4E1,1E1,3.2E1,6.2E1,1E1,9E0,2.3E1,3.6E1,2.6E1],"tree_param":{"num_deleted":"0","num_feature":"1","num_nodes":"15","size_leaf_vector":"0"}},{"base_weights":[1.4857247E-1,-1.2584762E-2,2.1286151E-1,-1.0802372E-2,-2.8599255E-2,1.6544501E-1,2.920943E-1,-1.898398E-2,-7.396695E-3,1.9485125E-1,-1.8013041E-2,-3.832385E-3,-8.425116E-3,2.17649E-1,1.5639319E-1],"default_left":[true,true,true,true,false,true,false,false,true,true,false,false,false,false,false],"id":9,"leaf_child_counts":[0,0,0,0,0,0,0,0,0,0,0,0,0,0,0],"left_children":[1,3,5,7,-1,9,-1,-1,11,13,-1,-1,-1,-1,-1],"loss_changes":[1.6396604E0,1.0040868E-3,3.7620878E-1,1.0577296E-3,0E0,3.9733124E-1,0E0,0E0,8.501124E-5,2.1196842E-2,0E0,0E0,0E0,0E0,0E0],"parents":[2147483647,0,0,1,1,2,2,3,3,5,5,8,8,9,9],"right_children":[2,4,6,8,-1,10,-1,-1,12,14,-1,-1,-1,-1,-1],"split_conditions":[5.0053976E2,4.832411E2,5.6193823E2,4.6040808E2,-8.579777E-3,5.300355E2,8.762829E-2,-5.6951945E-3,4.641494E2,5.1251337E2,-5.4039126E-3,-1.1497155E-3,-2.5275347E-3,6.5294705E-2,4.6917956E-2],"split_indices":[0,0,0,0,0,0,0,0,0,0,0,0,0,0,0],"sum_hessian":[1.57E2,4.5E1,1.12E2,4.2E1,3E0,7.2E1,4E1,1.1E1,3.1E1,6.2E1,1E1,8E0,2.3E1,3.6E1,2.6E1],"tree_param":{"num_deleted":"0","num_feature":"1","num_nodes":"15","size_leaf_vector":"0"}},{"base_weights":[1.05117716E-1,-9.199598E-3,1.5072371E-1,-7.7796225E-3,-2.2164427E-2,1.1727469E-1,2.0660312E-1,-1.424864E-2,-5.387537E-3,1.3817708E-1,-1.31004015E-2,-3.3719377E-3,-6.00289E-3,1.5411907E-1,1.1121298E-1],"default_left":[true,true,true,true,false,true,false,false,true,true,false,false,false,false,false],"id":10,"leaf_child_counts":[0,0,0,0,0,0,0,0,0,0,0,0,0,0,0],"left_children":[1,3,5,7,-1,9,-1,-1,11,13,-1,-1,-1,-1,-1],"loss_changes":[8.2512844E-1,6.744168E-4,1.8698049E-1,5.886359E-4,0E0,2.0074618E-1,0E0,0E0,2.068869E-5,9.9413395E-3,0E0,0E0,0E0,0E0,0E0],"parents":[2147483647,0,0,1,1,2,2,3,3,5,5,8,8,9,9],"right_children":[2,4,6,8,-1,10,-1,-1,12,14,-1,-1,-1,-1,-1],"split_conditions":[5.0053976E2,4.832411E2,5.6193823E2,4.5440067E2,-6.6493284E-3,5.300355E2,6.198094E-2,-4.2745923E-3,4.641494E2,5.1251337E2,-3.9301207E-3,-1.0115814E-3,-1.800867E-3,4.6235725E-2,3.3363894E-2],"split_indices":[0,0,0,0,0,0,0,0,0,0,0,0,0,0,0],"sum_hessian":[1.57E2,4.5E1,1.12E2,4.2E1,3E0,7.2E1,4E1,1E1,3.2E1,6.2E1,1E1,9E0,2.3E1,3.6E1,2.6E1],"tree_param":{"num_deleted":"0","num_feature":"1","num_nodes":"15","size_leaf_vector":"0"}},{"base_weights":[7.4366756E-2,-6.738336E-3,1.0672488E-1,-5.6105526E-3,-1.7177425E-2,8.312892E-2,1.4613414E-1,-1.0116926E-2,-3.7453324E-3,9.798753E-2,-9.527567E-3,-1.9112378E-3,-4.277062E-3,1.0913303E-1,7.908491E-2],"default_left":[true,true,true,true,false,true,false,false,true,true,false,false,false,false,false],"id":11,"leaf_child_counts":[0,0,0,0,0,0,0,0,0,0,0,0,0,0,0],"left_children":[1,3,5,7,-1,9,-1,-1,11,13,-1,-1,-1,-1,-1],"loss_changes":[4.153757E-1,4.4518476E-4,9.2930675E-2,3.2354007E-4,0E0,1.0143608E-1,0E0,0E0,2.3033324E-5,4.6420097E-3,0E0,0E0,0E0,0E0,0E0],"parents":[2147483647,0,0,1,1,2,2,3,3,5,5,8,8,9,9],"right_children":[2,4,6,8,-1,10,-1,-1,12,14,-1,-1,-1,-1,-1],"split_conditions":[5.0053976E2,4.832411E2,5.6193823E2,4.6040808E2,-5.1532276E-3,5.300355E2,4.3840244E-2,-3.035078E-3,4.641494E2,5.1251337E2,-2.8582702E-3,-5.7337136E-4,-1.2831187E-3,3.273991E-2,2.3725474E-2],"split_indices":[0,0,0,0,0,0,0,0,0,0,0,0,0,0,0],"sum_hessian":[1.57E2,4.5E1,1.12E2,4.2E1,3E0,7.2E1,4E1,1.1E1,3.1E1,6.2E1,1E1,8E0,2.3E1,3.6E1,2.6E1],"tree_param":{"num_deleted":"0","num_feature":"1","num_nodes":"15","size_leaf_vector":"0"}},{"base_weights":[5.2609827E-2,-4.9352045E-3,7.556966E-2,-4.041148E-3,-1.3312511E-2,5.8924496E-2,1.03363015E-1,-7.603481E-3,-2.7312448E-3,6.9487445E-2,-6.9291415E-3,-1.6993091E-3,-3.047416E-3,7.727778E-2,5.6238193E-2],"default_left":[true,true,true,true,false,true,false,false,true,true,false,false,false,false,false],"id":12,"leaf_child_counts":[0,0,0,0,0,0,0,0,0,0,0,0,0,0,0],"left_children":[1,3,5,7,-1,9,-1,-1,11,13,-1,-1,-1,-1,-1],"loss_changes":[2.0912641E-1,2.9073225E-4,4.618597E-2,1.7988437E-4,0E0,5.126092E-2,0E0,0E0,5.588372E-6,2.156645E-3,0E0,0E0,0E0,0E0,0E0],"parents":[2147483647,0,0,1,1,2,2,3,3,5,5,8,8,9,9],"right_children":[2,4,6,8,-1,10,-1,-1,12,14,-1,-1,-1,-1,-1],"split_conditions":[5.0053976E2,4.832411E2,5.6193823E2,4.5440067E2,-3.9937533E-3,5.300355E2,3.1008905E-2,-2.2810444E-3,4.641494E2,5.1251337E2,-2.0787425E-3,-5.0979276E-4,-9.1422483E-4,2.3183335E-2,1.6871458E-2],"split_indices":[0,0,0,0,0,0,0,0,0,0,0,0,0,0,0],"sum_hessian":[1.57E2,4.5E1,1.12E2,4.2E1,3E0,7.2E1,4E1,1E1,3.2E1,6.2E1,1E1,9E0,2.3E1,3.6E1,2.6E1],"tree_param":{"num_deleted":"0","num_feature":"1","num_nodes":"15","size_leaf_vector":"0"}},{"base_weights":[3.721478E-2,-3.622015E-3,5.350927E-2,-2.9149742E-3,-1.0317199E-2,4.1767336E-2,7.3110536E-2,-5.3914194E-3,-1.8952144E-3,4.9276967E-2,-5.0393734E-3,-9.484275E-4,-2.1712922E-3,5.472101E-2,3.999154E-2],"default_left":[true,true,true,true,false,true,false,false,true,true,false,false,false,false,false],"id":13,"leaf_child_counts":[0,0,0,0,0,0,0,0,0,0,0,0,0,0,0],"left_children":[1,3,5,7,-1,9,-1,-1,11,13,-1,-1,-1,-1,-1],"loss_changes":[1.0532935E-1,1.876789E-4,2.2954077E-2,9.837342E-5,0E0,2.5907889E-2,0E0,0E0,6.3050684E-6,9.963065E-4,0E0,0E0,0E0,0E0,0E0],"parents":[2147483647,0,0,1,1,2,2,3,3,5,5,8,8,9,9],"right_children":[2,4,6,8,-1,10,-1,-1,12,14,-1,-1,-1,-1,-1],"split_conditions":[5.0053976E2,4.832411E2,5.6193823E2,4.6040808E2,-3.0951598E-3,5.300355E2,2.193316E-2,-1.6174259E-3,4.641494E2,5.1251337E2,-1.5118121E-3,-2.8452824E-4,-6.513877E-4,1.6416304E-2,1.1997462E-2],"split_indices":[0,0,0,0,0,0,0,0,0,0,0,0,0,0,0],"sum_hessian":[1.57E2,4.5E1,1.12E2,4.2E1,3E0,7.2E1,4E1,1.1E1,3.1E1,6.2E1,1E1,8E0,2.3E1,3.6E1,2.6E1],"tree_param":{"num_deleted":"0","num_feature":"1","num_nodes":"15","size_leaf_vector":"0"}},{"base_weights":[2.6323762E-2,-2.6582035E-3,3.7888777E-2,-2.099862E-3,-7.995822E-3,2.9605731E-2,5.1712524E-2,-4.0594186E-3,-1.3830445E-3,3.4944974E-2,-3.6649988E-3,-8.51132E-4,-1.5470479E-3,3.874869E-2,2.8438214E-2],"default_left":[true,true,true,true,false,true,false,false,true,true,false,false,false,false,false],"id":14,"leaf_child_counts":[0,0,0,0,0,0,0,0,0,0,0,0,0,0,0],"left_children":[1,3,5,7,-1,9,-1,-1,11,13,-1,-1,-1,-1,-1],"loss_changes":[5.3058654E-2,1.20299635E-4,1.1407822E-2,5.4785356E-5,0E0,1.3095826E-2,0E0,0E0,1.5620317E-6,4.5730174E-4,0E0,0E0,0E0,0E0,0E0],"parents":[2147483647,0,0,1,1,2,2,3,3,5,5,8,8,9,9],"right_children":[2,4,6,8,-1,10,-1,-1,12,14,-1,-1,-1,-1,-1],"split_conditions":[5.0053976E2,4.832411E2,5.6193823E2,4.5440067E2,-2.3987466E-3,5.300355E2,1.5513758E-2,-1.2178256E-3,4.641494E2,5.1251337E2,-1.0994996E-3,-2.553396E-4,-4.641144E-4,1.1624607E-2,8.531464E-3],"split_indices":[0,0,0,0,0,0,0,0,0,0,0,0,0,0,0],"sum_hessian":[1.57E2,4.5E1,1.12E2,4.2E1,3E0,7.2E1,4E1,1E1,3.2E1,6.2E1,1E1,9E0,2.3E1,3.6E1,2.6E1],"tree_param":{"num_deleted":"0","num_feature":"1","num_nodes":"15","size_leaf_vector":"0"}},{"base_weights":[1.8617872E-2,-1.9550018E-3,2.682791E-2,-1.5149538E-3,-6.196767E-3,2.0984868E-2,3.657704E-2,-2.8726377E-3,-9.5847994E-4,2.4781197E-2,-2.6654587E-3,-4.6854053E-4,-1.1022706E-3,2.743801E-2,2.0222558E-2],"default_left":[true,true,true,true,false,true,false,false,true,true,false,false,false,false,false],"id":15,"leaf_child_counts":[0,0,0,0,0,0,0,0,0,0,0,0,0,0,0],"left_children":[1,3,5,7,-1,9,-1,-1,11,13,-1,-1,-1,-1,-1],"loss_changes":[2.6739296E-2,7.647487E-5,5.66943E-3,2.9733805E-5,0E0,6.6203177E-3,0E0,0E0,1.7379025E-6,2.0815432E-4,0E0,0E0,0E0,0E0,0E0],"parents":[2147483647,0,0,1,1,2,2,3,3,5,5,8,8,9,9],"right_children":[2,4,6,8,-1,10,-1,-1,12,14,-1,-1,-1,-1,-1],"split_conditions":[5.0053976E2,4.832411E2,5.6193823E2,4.6040808E2,-1.8590302E-3,5.300355E2,1.0973112E-2,-8.6179137E-4,4.641494E2,5.1251337E2,-7.9963764E-4,-1.4056216E-4,-3.3068119E-4,8.231403E-3,6.0667675E-3],"split_indices":[0,0,0,0,0,0,0,0,0,0,0,0,0,0,0],"sum_hessian":[1.57E2,4.5E1,1.12E2,4.2E1,3E0,7.2E1,4E1,1.1E1,3.1E1,6.2E1,1E1,8E0,2.3E1,3.6E1,2.6E1],"tree_param":{"num_deleted":"0","num_feature":"1","num_nodes":"15","size_leaf_vector":"0"}},{"base_weights":[1.3167134E-2,-1.4378938E-3,1.8996019E-2,-1.0914676E-3,-4.8025027E-3,1.4874198E-2,2.5871556E-2,-2.1688526E-3,-6.992645E-4,1.757365E-2,-1.938511E-3,1.942882E-2,1.4380508E-2],"default_left":[true,true,true,true,false,true,false,false,false,true,false,false,false],"id":16,"leaf_child_counts":[0,0,0,0,0,0,0,0,0,0,0,0,0],"left_children":[1,3,5,7,-1,9,-1,-1,-1,11,-1,-1,-1],"loss_changes":[1.3478018E-2,4.8375303E-5,2.8175712E-3,1.6653205E-5,0E0,3.3471826E-3,0E0,0E0,4.538033E-7,9.380281E-5,0E0,0E0,0E0],"parents":[2147483647,0,0,1,1,2,2,3,3,5,5,9,9],"right_children":[2,4,6,8,-1,10,-1,-1,-1,12,-1,-1,-1],"split_conditions":[5.0053976E2,4.832411E2,5.6193823E2,4.5440067E2,-1.4407509E-3,5.300355E2,7.7614672E-3,-6.506558E-4,-2.0977936E-4,5.1251337E2,-5.815533E-4,5.828646E-3,4.3141525E-3],"split_indices":[0,0,0,0,0,0,0,0,0,0,0,0,0],"sum_hessian":[1.57E2,4.5E1,1.12E2,4.2E1,3E0,7.2E1,4E1,1E1,3.2E1,6.2E1,1E1,3.6E1,2.6E1],"tree_param":{"num_deleted":"0","num_feature":"1","num_nodes":"13","size_leaf_vector":"0"}},{"base_weights":[9.312082E-3,-1.056552E-3,1.3450534E-2,-7.840383E-4,-3.7219375E-3,1.0542889E-2,1.8299498E-2,-1.5773427E-3,-4.958447E-4,1.2462525E-2,-1.4098354E-3,1.37575E-2,1.0226356E-2],"default_left":[true,true,true,true,false,true,false,false,false,true,false,false,false],"id":17,"leaf_child_counts":[0,0,0,0,0,0,0,0,0,0,0,0,0],"left_children":[1,3,5,7,-1,9,-1,-1,-1,11,-1,-1,-1],"loss_changes":[6.7940056E-3,3.049416E-5,1.400264E-3,9.0487665E-6,0E0,1.6925465E-3,0E0,0E0,6.28198E-7,4.1745603E-5,0E0,0E0,0E0],"parents":[2147483647,0,0,1,1,2,2,3,3,5,5,9,9],"right_children":[2,4,6,8,-1,10,-1,-1,-1,12,-1,-1,-1],"split_conditions":[5.0053976E2,4.832411E2,5.6193823E2,4.5440067E2,-1.1165813E-3,5.300355E2,5.4898495E-3,-4.7320285E-4,-1.4875342E-4,5.1251337E2,-4.2295063E-4,4.12725E-3,3.067907E-3],"split_indices":[0,0,0,0,0,0,0,0,0,0,0,0,0],"sum_hessian":[1.57E2,4.5E1,1.12E2,4.2E1,3E0,7.2E1,4E1,1E1,3.2E1,6.2E1,1E1,3.6E1,2.6E1],"tree_param":{"num_deleted":"0","num_feature":"1","num_nodes":"13","size_leaf_vector":"0"}},{"base_weights":[6.5851067E-3,-7.7738723E-4,9.523952E-3,-5.6329736E-4,-2.8845072E-3,7.4729067E-3,1.2943524E-2,-1.1162317E-3,-3.383439E-4,8.838109E-3,-1.0253313E-3,-2.492302E-5,-4.4177906E-4,9.742066E-3,7.272014E-3],"default_left":[true,true,true,true,false,true,false,false,true,true,false,false,false,false,false],"id":18,"leaf_child_counts":[0,0,0,0,0,0,0,0,0,0,0,0,0,0,0],"left_children":[1,3,5,7,-1,9,-1,-1,11,13,-1,-1,-1,-1,-1],"loss_changes":[3.426087E-3,1.9126366E-5,6.9582183E-4,4.9708633E-6,0E0,8.5599395E-4,0E0,0E0,1.0263891E-6,1.8343795E-5,0E0,0E0,0E0,0E0,0E0],"parents":[2147483647,0,0,1,1,2,2,3,3,5,5,8,8,9,9],"right_children":[2,4,6,8,-1,10,-1,-1,12,14,-1,-1,-1,-1,-1],"split_conditions":[5.0053976E2,4.832411E2,5.6193823E2,4.6040808E2,-8.6535217E-4,5.300355E2,3.8830573E-3,-3.3486952E-4,4.641494E2,5.1251337E2,-3.075994E-4,-7.4769064E-6,-1.3253372E-4,2.92262E-3,2.1816043E-3],"split_indices":[0,0,0,0,0,0,0,0,0,0,0,0,0,0,0],"sum_hessian":[1.57E2,4.5E1,1.12E2,4.2E1,3E0,7.2E1,4E1,1.1E1,3.1E1,6.2E1,1E1,8E0,2.3E1,3.6E1,2.6E1],"tree_param":{"num_deleted":"0","num_feature":"1","num_nodes":"15","size_leaf_vector":"0"}},{"base_weights":[4.6560997E-3,-5.733071E-4,6.74368E-3,-4.053523E-4,-2.2354946E-3,5.2967793E-3,9.15539E-3,-8.4273046E-4,-2.4727618E-4,6.2677367E-3,-7.456839E-4,6.8984674E-3,5.1712636E-3],"default_left":[true,true,true,true,false,true,false,false,false,true,false,false,false],"id":19,"leaf_child_counts":[0,0,0,0,0,0,0,0,0,0,0,0,0],"left_children":[1,3,5,7,-1,9,-1,-1,-1,11,-1,-1,-1],"loss_changes":[1.7287221E-3,1.1935767E-5,3.458201E-4,2.7645915E-6,0E0,4.3296278E-4,0E0,0E0,3.9678912E-7,7.895753E-6,0E0,0E0,0E0],"parents":[2147483647,0,0,1,1,2,2,3,3,5,5,9,9],"right_children":[2,4,6,8,-1,10,-1,-1,-1,12,-1,-1,-1],"split_conditions":[5.0053976E2,4.832411E2,5.6193823E2,4.5440067E2,-6.706484E-4,5.300355E2,2.746617E-3,-2.5281915E-4,-7.4182855E-5,5.1251337E2,-2.2370518E-4,2.0695403E-3,1.5513791E-3],"split_indices":[0,0,0,0,0,0,0,0,0,0,0,0,0],"sum_hessian":[1.57E2,4.5E1,1.12E2,4.2E1,3E0,7.2E1,4E1,1E1,3.2E1,6.2E1,1E1,3.6E1,2.6E1],"tree_param":{"num_deleted":"0","num_feature":"1","num_nodes":"13","size_leaf_vector":"0"}},{"base_weights":[3.2919038E-3,-4.2300753E-4,4.7750366E-3,-2.9135635E-4,-1.7325059E-3,3.7544032E-3,6.4757974E-3,-6.1290036E-4,-1.7534602E-4,4.4450304E-3,-5.4231694E-4,4.884978E-3,3.6775095E-3],"default_left":[true,true,true,true,false,true,false,false,false,true,false,false,false],"id":20,"leaf_child_counts":[0,0,0,0,0,0,0,0,0,0,0,0,0],"left_children":[1,3,5,7,-1,9,-1,-1,-1,11,-1,-1,-1],"loss_changes":[8.725537E-4,7.425486E-6,1.7183856E-4,1.4965342E-6,0E0,2.190331E-4,0E0,0E0,4.1091255E-7,3.3085234E-6,0E0,0E0,0E0],"parents":[2147483647,0,0,1,1,2,2,3,3,5,5,9,9],"right_children":[2,4,6,8,-1,10,-1,-1,-1,12,-1,-1,-1],"split_conditions":[5.0053976E2,4.832411E2,5.6193823E2,4.5440067E2,-5.197518E-4,5.300355E2,1.9427392E-3,-1.8387011E-4,-5.260381E-5,5.1251337E2,-1.6269508E-4,1.4654935E-3,1.1032529E-3],"split_indices":[0,0,0,0,0,0,0,0,0,0,0,0,0],"sum_hessian":[1.57E2,4.5E1,1.12E2,4.2E1,3E0,7.2E1,4E1,1E1,3.2E1,6.2E1,1E1,3.6E1,2.6E1],"tree_param":{"num_deleted":"0","num_feature":"1","num_nodes":"13","size_leaf_vector":"0"}},{"base_weights":[2.3271104E-3,-3.1254944E-4,3.3810684E-3,-2.0945366E-4,-1.3426915E-3,2.6611132E-3,4.5804745E-3,3.1523781E-3,-3.9441342E-4,3.459286E-3,2.6150455E-3],"default_left":[true,true,true,false,false,true,false,true,false,false,false],"id":21,"leaf_child_counts":[0,0,0,0,0,0,0,0,0,0,0],"left_children":[1,3,5,-1,-1,7,-1,9,-1,-1,-1],"loss_changes":[4.4062705E-4,4.6041187E-6,8.538843E-5,8.3081693E-7,0E0,1.10821624E-4,0E0,1.3432E-6,0E0,0E0,0E0],"parents":[2147483647,0,0,1,1,2,2,5,5,7,7],"right_children":[2,4,6,-1,-1,8,-1,10,-1,-1,-1],"split_conditions":[5.0053976E2,4.832411E2,5.6193823E2,-6.28361E-5,-4.0280746E-4,5.300355E2,1.3741424E-3,5.1251337E2,-1.1832403E-4,1.0377858E-3,7.845137E-4],"split_indices":[0,0,0,0,0,0,0,0,0,0,0],"sum_hessian":[1.57E2,4.5E1,1.12E2,4.2E1,3E0,7.2E1,4E1,6.2E1,1E1,3.6E1,2.6E1],"tree_param":{"num_deleted":"0","num_feature":"1","num_nodes":"11","size_leaf_vector":"0"}},{"base_weights":[1.6455373E-3,-2.2891536E-4,2.3940266E-3,-1.4808757E-4,-1.0405853E-3,1.8862507E-3,3.2397248E-3,2.235738E-3,-2.8683653E-4],"default_left":[true,true,true,false,false,true,false,false,false],"id":22,"leaf_child_counts":[0,0,0,0,0,0,0,0,0],"left_children":[1,3,5,-1,-1,7,-1,-1,-1],"loss_changes":[2.2222323E-4,2.8637553E-6,4.2414118E-5,8.703467E-7,0E0,5.6082354E-5,0E0,5.1409006E-7,0E0],"parents":[2147483647,0,0,1,1,2,2,5,5],"right_children":[2,4,6,-1,-1,8,-1,-1,-1],"split_conditions":[5.0053976E2,4.832411E2,5.6193823E2,-4.442627E-5,-3.121756E-4,5.300355E2,9.7191747E-4,6.7072146E-4,-8.605096E-5],"split_indices":[0,0,0,0,0,0,0,0,0],"sum_hessian":[1.57E2,4.5E1,1.12E2,4.2E1,3E0,7.2E1,4E1,6.2E1,1E1],"tree_param":{"num_deleted":"0","num_feature":"1","num_nodes":"9","size_leaf_vector":"0"}},{"base_weights":[1.1594206E-3,-1.6798679E-4,1.6895207E-3,-1.0468742E-4,-8.064583E-4,1.3281909E-3,2.291656E-3,1.5754397E-3,-2.086149E-4,1.7969286E-3,1.2135683E-3],"default_left":[true,true,true,false,false,true,false,true,false,false,false],"id":23,"leaf_child_counts":[0,0,0,0,0,0,0,0,0,0,0],"left_children":[1,3,5,-1,-1,7,-1,9,-1,-1,-1],"loss_changes":[1.1146191E-4,1.7746568E-6,2.1541578E-5,8.941009E-7,0E0,2.8066715E-5,0E0,2.8687937E-6,0E0,0E0,0E0],"parents":[2147483647,0,0,1,1,2,2,5,5,7,7],"right_children":[2,4,6,-1,-1,8,-1,10,-1,-1,-1],"split_conditions":[5.0053976E2,4.832411E2,5.6193823E2,-3.1406227E-5,-2.419375E-4,5.300355E2,6.8749685E-4,5.1251337E2,-6.258448E-5,5.390786E-4,3.640705E-4],"split_indices":[0,0,0,0,0,0,0,0,0,0,0],"sum_hessian":[1.57E2,4.5E1,1.12E2,4.2E1,3E0,7.2E1,4E1,6.2E1,1E1,3.6E1,2.6E1],"tree_param":{"num_deleted":"0","num_feature":"1","num_nodes":"11","size_leaf_vector":"0"}},{"base_weights":[8.194285E-4,-1.235282E-4,1.1960354E-3,-7.400627E-5,-6.2500685E-4,9.410824E-4,1.6208044E-3,1.1169494E-3,-1.5170872E-4,1.2722015E-3,8.62828E-4],"default_left":[true,true,true,false,false,true,false,true,false,false,false],"id":24,"leaf_child_counts":[0,0,0,0,0,0,0,0,0,0,0],"left_children":[1,3,5,-1,-1,7,-1,9,-1,-1,-1],"loss_changes":[5.625734E-5,1.0961182E-6,1.0712145E-5,9.086768E-7,0E0,1.4199024E-5,0E0,1.387838E-6,0E0,0E0,0E0],"parents":[2147483647,0,0,1,1,2,2,5,5,7,7],"right_children":[2,4,6,-1,-1,8,-1,10,-1,-1,-1],"split_conditions":[5.0053976E2,4.832411E2,5.6193823E2,-2.220188E-5,-1.8750207E-4,5.300355E2,4.8624133E-4,5.1251337E2,-4.5512617E-5,3.8166047E-4,2.5884842E-4],"split_indices":[0,0,0,0,0,0,0,0,0,0,0],"sum_hessian":[1.57E2,4.5E1,1.12E2,4.2E1,3E0,7.2E1,4E1,6.2E1,1E1,3.6E1,2.6E1],"tree_param":{"num_deleted":"0","num_feature":"1","num_nodes":"11","size_leaf_vector":"0"}},{"base_weights":[5.7913404E-4,-9.1028116E-5,8.468184E-4,6.669676E-4,1.1463863E-3,7.921022E-4,-1.10345805E-4],"default_left":[true,false,true,true,false,false,false],"id":25,"leaf_child_counts":[0,0,0,0,0,0,0],"left_children":[1,-1,3,5,-1,-1,-1],"loss_changes":[2.8421E-5,6.7503356E-7,5.3235563E-6,7.1880313E-6,0E0,6.731643E-7,0E0],"parents":[2147483647,0,0,2,2,3,3],"right_children":[2,-1,4,6,-1,-1,-1],"split_conditions":[5.0053976E2,-2.7308435E-5,5.6193823E2,5.300355E2,3.439159E-4,2.3763067E-4,-3.3103744E-5],"split_indices":[0,0,0,0,0,0,0],"sum_hessian":[1.57E2,4.5E1,1.12E2,7.2E1,4E1,6.2E1,1E1],"tree_param":{"num_deleted":"0","num_feature":"1","num_nodes":"7","size_leaf_vector":"0"}},{"base_weights":[4.0876766E-4,-6.431843E-5,5.9773395E-4,4.698081E-4,8.1092556E-4,5.5839145E-4,-8.024275E-5],"default_left":[true,false,true,true,false,false,false],"id":26,"leaf_child_counts":[0,0,0,0,0,0,0],"left_children":[1,-1,3,5,-1,-1,-1],"loss_changes":[1.4163223E-5,6.987972E-7,2.7008355E-6,3.6017573E-6,0E0,9.6238E-7,0E0],"parents":[2147483647,0,0,2,2,3,3],"right_children":[2,-1,4,6,-1,-1,-1],"split_conditions":[5.0053976E2,-1.929553E-5,5.6193823E2,5.300355E2,2.4327768E-4,1.6751744E-4,-2.4072828E-5],"split_indices":[0,0,0,0,0,0,0],"sum_hessian":[1.57E2,4.5E1,1.12E2,7.2E1,4E1,6.2E1,1E1],"tree_param":{"num_deleted":"0","num_feature":"1","num_nodes":"7","size_leaf_vector":"0"}},{"base_weights":[2.885567E-4,-4.5451296E-5,4.2197094E-4,3.309505E-4,5.7373976E-4,5.07097E-4,1.458594E-4],"default_left":[true,false,true,true,false,false,false],"id":27,"leaf_child_counts":[0,0,0,0,0,0,0],"left_children":[1,-1,3,5,-1,-1,-1],"loss_changes":[7.0598853E-6,7.148798E-7,1.3711106E-6,2.3060647E-6,0E0,0E0,6.008537E-7],"parents":[2147483647,0,0,2,2,3,3],"right_children":[2,-1,4,6,-1,-1,-1],"split_conditions":[5.0053976E2,-1.3635389E-5,5.6193823E2,5.1251337E2,1.7212193E-4,1.521291E-4,4.3757824E-5],"split_indices":[0,0,0,0,0,0,0],"sum_hessian":[1.57E2,4.5E1,1.12E2,7.2E1,4E1,3.6E1,3.6E1],"tree_param":{"num_deleted":"0","num_feature":"1","num_nodes":"7","size_leaf_vector":"0"}},{"base_weights":[2.0421084E-4,-3.210212E-5,2.9860187E-4],"default_left":[true,false,false],"id":28,"leaf_child_counts":[0,0,0],"left_children":[1,-1,-1],"loss_changes":[3.5339049E-6,7.2596816E-7,6.8345526E-7],"parents":[2147483647,0,0],"right_children":[2,-1,-1],"split_conditions":[5.0053976E2,-9.630637E-6,8.9580564E-5],"split_indices":[0,0,0],"sum_hessian":[1.57E2,4.5E1,1.12E2],"tree_param":{"num_deleted":"0","num_feature":"1","num_nodes":"3","size_leaf_vector":"0"}},{"base_weights":[1.4338543E-4,-2.2685885E-5,2.0972079E-4],"default_left":[true,false,false],"id":29,"leaf_child_counts":[0,0,0],"left_children":[1,-1,-1],"loss_changes":[1.7453488E-6,7.3363515E-7,7.359831E-7],"parents":[2147483647,0,0],"right_children":[2,-1,-1],"split_conditions":[5.0053976E2,-6.8057657E-6,6.291624E-5],"split_indices":[0,0,0],"sum_hessian":[1.57E2,4.5E1,1.12E2],"tree_param":{"num_deleted":"0","num_feature":"1","num_nodes":"3","size_leaf_vector":"0"}},{"base_weights":[1.0073124E-4,4.5611887E-5,2.5691057E-4],"default_left":[true,false,false],"id":30,"leaf_child_counts":[0,0,0],"left_children":[1,-1,-1],"loss_changes":[1.3484253E-6,9.617784E-7,0E0],"parents":[2147483647,0,0],"right_children":[2,-1,-1],"split_conditions":[5.6193823E2,1.3683567E-5,7.707317E-5],"split_indices":[0,0,0],"sum_hessian":[1.57E2,1.17E2,4E1],"tree_param":{"num_deleted":"0","num_feature":"1","num_nodes":"3","size_leaf_vector":"0"}},{"base_weights":[7.097739E-5,-2.2958778E-4,9.503048E-5],"default_left":[true,false,false],"id":31,"leaf_child_counts":[0,0,0],"left_children":[1,-1,-1],"loss_changes":[1.1640823E-6,1.6993454E-8,4.2114755E-7],"parents":[2147483647,0,0],"right_children":[2,-1,-1],"split_conditions":[4.6040808E2,-6.887634E-5,2.8509146E-5],"split_indices":[0,0,0],"sum_hessian":[1.57E2,1.1E1,1.46E2],"tree_param":{"num_deleted":"0","num_feature":"1","num_nodes":"3","size_leaf_vector":"0"}},{"base_weights":[4.9397775E-5],"default_left":[false],"id":32,"leaf_child_counts":[0],"left_children":[-1],"loss_changes":[6.156827E-7],"parents":[2147483647],"right_children":[-1],"split_conditions":[1.4819333E-5],"split_indices":[0],"sum_hessian":[1.57E2],"tree_param":{"num_deleted":"0","num_feature":"1","num_nodes":"1","size_leaf_vector":"0"}},{"base_weights":[3.4656943E-5],"default_left":[false],"id":33,"leaf_child_counts":[0],"left_children":[-1],"loss_changes":[6.1061667E-7],"parents":[2147483647],"right_children":[-1],"split_conditions":[1.0397083E-5],"split_indices":[0],"sum_hessian":[1.57E2],"tree_param":{"num_deleted":"0","num_feature":"1","num_nodes":"1","size_leaf_vector":"0"}},{"base_weights":[2.4263853E-5],"default_left":[false],"id":34,"leaf_child_counts":[0],"left_children":[-1],"loss_changes":[6.065434E-7],"parents":[2147483647],"right_children":[-1],"split_conditions":[7.279156E-6],"split_indices":[0],"sum_hessian":[1.57E2],"tree_param":{"num_deleted":"0","num_feature":"1","num_nodes":"1","size_leaf_vector":"0"}},{"base_weights":[1.7118085E-5],"default_left":[false],"id":35,"leaf_child_counts":[0],"left_children":[-1],"loss_changes":[6.078693E-7],"parents":[2147483647],"right_children":[-1],"split_conditions":[5.135426E-6],"split_indices":[0],"sum_hessian":[1.57E2],"tree_param":{"num_deleted":"0","num_feature":"1","num_nodes":"1","size_leaf_vector":"0"}},{"base_weights":[1.194229E-5],"default_left":[false],"id":36,"leaf_child_counts":[0],"left_children":[-1],"loss_changes":[6.0858963E-7],"parents":[2147483647],"right_children":[-1],"split_conditions":[3.5826872E-6],"split_indices":[0],"sum_hessian":[1.57E2],"tree_param":{"num_deleted":"0","num_feature":"1","num_nodes":"1","size_leaf_vector":"0"}},{"base_weights":[8.234731E-6],"default_left":[false],"id":37,"leaf_child_counts":[0],"left_children":[-1],"loss_changes":[6.082301E-7],"parents":[2147483647],"right_children":[-1],"split_conditions":[2.4704193E-6],"split_indices":[0],"sum_hessian":[1.57E2],"tree_param":{"num_deleted":"0","num_feature":"1","num_nodes":"1","size_leaf_vector":"0"}},{"base_weights":[5.8380956E-6],"default_left":[false],"id":38,"leaf_child_counts":[0],"left_children":[-1],"loss_changes":[6.086378E-7],"parents":[2147483647],"right_children":[-1],"split_conditions":[1.7514287E-6],"split_indices":[0],"sum_hessian":[1.57E2],"tree_param":{"num_deleted":"0","num_feature":"1","num_nodes":"1","size_leaf_vector":"0"}},{"base_weights":[4.0310942E-6],"default_left":[false],"id":39,"leaf_child_counts":[0],"left_children":[-1],"loss_changes":[6.0897855E-7],"parents":[2147483647],"right_children":[-1],"split_conditions":[1.2093283E-6],"split_indices":[0],"sum_hessian":[1.57E2],"tree_param":{"num_deleted":"0","num_feature":"1","num_nodes":"1","size_leaf_vector":"0"}},{"base_weights":[2.6447203E-6],"default_left":[false],"id":40,"leaf_child_counts":[0],"left_children":[-1],"loss_changes":[6.079702E-7],"parents":[2147483647],"right_children":[-1],"split_conditions":[7.934161E-7],"split_indices":[0],"sum_hessian":[1.57E2],"tree_param":{"num_deleted":"0","num_feature":"1","num_nodes":"1","size_leaf_vector":"0"}},{"base_weights":[1.7517824E-6],"default_left":[false],"id":41,"leaf_child_counts":[0],"left_children":[-1],"loss_changes":[6.066665E-7],"parents":[2147483647],"right_children":[-1],"split_conditions":[5.2553474E-7],"split_indices":[0],"sum_hessian":[1.57E2],"tree_param":{"num_deleted":"0","num_feature":"1","num_nodes":"1","size_leaf_vector":"0"}},{"base_weights":[1.2734363E-6],"default_left":[false],"id":42,"leaf_child_counts":[0],"left_children":[-1],"loss_changes":[6.0705463E-7],"parents":[2147483647],"right_children":[-1],"split_conditions":[3.820309E-7],"split_indices":[0],"sum_hessian":[1.57E2],"tree_param":{"num_deleted":"0","num_feature":"1","num_nodes":"1","size_leaf_vector":"0"}},{"base_weights":[8.1621585E-7],"default_left":[false],"id":43,"leaf_child_counts":[0],"left_children":[-1],"loss_changes":[6.074686E-7],"parents":[2147483647],"right_children":[-1],"split_conditions":[2.4486476E-7],"split_indices":[0],"sum_hessian":[1.57E2],"tree_param":{"num_deleted":"0","num_feature":"1","num_nodes":"1","size_leaf_vector":"0"}},{"base_weights":[4.4048022E-7],"default_left":[false],"id":44,"leaf_child_counts":[0],"left_children":[-1],"loss_changes":[6.072136E-7],"parents":[2147483647],"right_children":[-1],"split_conditions":[1.3214407E-7],"split_indices":[0],"sum_hessian":[1.57E2],"tree_param":{"num_deleted":"0","num_feature":"1","num_nodes":"1","size_leaf_vector":"0"}},{"base_weights":[3.9671983E-7],"default_left":[false],"id":45,"leaf_child_counts":[0],"left_children":[-1],"loss_changes":[6.0771754E-7],"parents":[2147483647],"right_children":[-1],"split_conditions":[1.1901595E-7],"split_indices":[0],"sum_hessian":[1.57E2],"tree_param":{"num_deleted":"0","num_feature":"1","num_nodes":"1","size_leaf_vector":"0"}},{"base_weights":[3.5522294E-7],"default_left":[false],"id":46,"leaf_child_counts":[0],"left_children":[-1],"loss_changes":[6.081955E-7],"parents":[2147483647],"right_children":[-1],"split_conditions":[1.0656689E-7],"split_indices":[0],"sum_hessian":[1.57E2],"tree_param":{"num_deleted":"0","num_feature":"1","num_nodes":"1","size_leaf_vector":"0"}},{"base_weights":[3.159895E-7],"default_left":[false],"id":47,"leaf_child_counts":[0],"left_children":[-1],"loss_changes":[6.0864755E-7],"parents":[2147483647],"right_children":[-1],"split_conditions":[9.479685E-8],"split_indices":[0],"sum_hessian":[1.57E2],"tree_param":{"num_deleted":"0","num_feature":"1","num_nodes":"1","size_leaf_vector":"0"}},{"base_weights":[2.8430094E-7],"default_left":[false],"id":48,"leaf_child_counts":[0],"left_children":[-1],"loss_changes":[6.0901283E-7],"parents":[2147483647],"right_children":[-1],"split_conditions":[8.529028E-8],"split_indices":[0],"sum_hessian":[1.57E2],"tree_param":{"num_deleted":"0","num_feature":"1","num_nodes":"1","size_leaf_vector":"0"}},{"base_weights":[2.5412137E-7],"default_left":[false],"id":49,"leaf_child_counts":[0],"left_children":[-1],"loss_changes":[6.093608E-7],"parents":[2147483647],"right_children":[-1],"split_conditions":[7.623642E-8],"split_indices":[0],"sum_hessian":[1.57E2],"tree_param":{"num_deleted":"0","num_feature":"1","num_nodes":"1","size_leaf_vector":"0"}},{"base_weights":[2.2469631E-7],"default_left":[false],"id":50,"leaf_child_counts":[0],"left_children":[-1],"loss_changes":[6.0970024E-7],"parents":[2147483647],"right_children":[-1],"split_conditions":[6.74089E-8],"split_indices":[0],"sum_hessian":[1.57E2],"tree_param":{"num_deleted":"0","num_feature":"1","num_nodes":"1","size_leaf_vector":"0"}},{"base_weights":[2.0130715E-7],"default_left":[false],"id":51,"leaf_child_counts":[0],"left_children":[-1],"loss_changes":[6.0997E-7],"parents":[2147483647],"right_children":[-1],"split_conditions":[6.0392146E-8],"split_indices":[0],"sum_hessian":[1.57E2],"tree_param":{"num_deleted":"0","num_feature":"1","num_nodes":"1","size_leaf_vector":"0"}},{"base_weights":[1.8131318E-7],"default_left":[false],"id":52,"leaf_child_counts":[0],"left_children":[-1],"loss_changes":[6.1020074E-7],"parents":[2147483647],"right_children":[-1],"split_conditions":[5.4393958E-8],"split_indices":[0],"sum_hessian":[1.57E2],"tree_param":{"num_deleted":"0","num_feature":"1","num_nodes":"1","size_leaf_vector":"0"}},{"base_weights":[1.5981024E-7],"default_left":[false],"id":53,"leaf_child_counts":[0],"left_children":[-1],"loss_changes":[6.1044886E-7],"parents":[2147483647],"right_children":[-1],"split_conditions":[4.7943075E-8],"split_indices":[0],"sum_hessian":[1.57E2],"tree_param":{"num_deleted":"0","num_feature":"1","num_nodes":"1","size_leaf_vector":"0"}},{"base_weights":[1.417025E-7],"default_left":[false],"id":54,"leaf_child_counts":[0],"left_children":[-1],"loss_changes":[6.106579E-7],"parents":[2147483647],"right_children":[-1],"split_conditions":[4.2510752E-8],"split_indices":[0],"sum_hessian":[1.57E2],"tree_param":{"num_deleted":"0","num_feature":"1","num_nodes":"1","size_leaf_vector":"0"}},{"base_weights":[1.2963068E-7],"default_left":[false],"id":55,"leaf_child_counts":[0],"left_children":[-1],"loss_changes":[6.1079726E-7],"parents":[2147483647],"right_children":[-1],"split_conditions":[3.8889205E-8],"split_indices":[0],"sum_hessian":[1.57E2],"tree_param":{"num_deleted":"0","num_feature":"1","num_nodes":"1","size_leaf_vector":"0"}},{"base_weights":[1.1642711E-7],"default_left":[false],"id":56,"leaf_child_counts":[0],"left_children":[-1],"loss_changes":[6.1094966E-7],"parents":[2147483647],"right_children":[-1],"split_conditions":[3.4928135E-8],"split_indices":[0],"sum_hessian":[1.57E2],"tree_param":{"num_deleted":"0","num_feature":"1","num_nodes":"1","size_leaf_vector":"0"}},{"base_weights":[1.0624151E-7],"default_left":[false],"id":57,"leaf_child_counts":[0],"left_children":[-1],"loss_changes":[6.110673E-7],"parents":[2147483647],"right_children":[-1],"split_conditions":[3.1872453E-8],"split_indices":[0],"sum_hessian":[1.57E2],"tree_param":{"num_deleted":"0","num_feature":"1","num_nodes":"1","size_leaf_vector":"0"}},{"base_weights":[9.643315E-8],"default_left":[false],"id":58,"leaf_child_counts":[0],"left_children":[-1],"loss_changes":[6.1118055E-7],"parents":[2147483647],"right_children":[-1],"split_conditions":[2.8929945E-8],"split_indices":[0],"sum_hessian":[1.57E2],"tree_param":{"num_deleted":"0","num_feature":"1","num_nodes":"1","size_leaf_vector":"0"}},{"base_weights":[8.511581E-8],"default_left":[false],"id":59,"leaf_child_counts":[0],"left_children":[-1],"loss_changes":[6.113113E-7],"parents":[2147483647],"right_children":[-1],"split_conditions":[2.5534744E-8],"split_indices":[0],"sum_hessian":[1.57E2],"tree_param":{"num_deleted":"0","num_feature":"1","num_nodes":"1","size_leaf_vector":"0"}},{"base_weights":[7.4930206E-8],"default_left":[false],"id":60,"leaf_child_counts":[0],"left_children":[-1],"loss_changes":[6.114289E-7],"parents":[2147483647],"right_children":[-1],"split_conditions":[2.2479062E-8],"split_indices":[0],"sum_hessian":[1.57E2],"tree_param":{"num_deleted":"0","num_feature":"1","num_nodes":"1","size_leaf_vector":"0"}},{"base_weights":[6.4744604E-8],"default_left":[false],"id":61,"leaf_child_counts":[0],"left_children":[-1],"loss_changes":[6.1154657E-7],"parents":[2147483647],"right_children":[-1],"split_conditions":[1.9423382E-8],"split_indices":[0],"sum_hessian":[1.57E2],"tree_param":{"num_deleted":"0","num_feature":"1","num_nodes":"1","size_leaf_vector":"0"}},{"base_weights":[5.6822465E-8],"default_left":[false],"id":62,"leaf_child_counts":[0],"left_children":[-1],"loss_changes":[6.116381E-7],"parents":[2147483647],"right_children":[-1],"split_conditions":[1.7046741E-8],"split_indices":[0],"sum_hessian":[1.57E2],"tree_param":{"num_deleted":"0","num_feature":"1","num_nodes":"1","size_leaf_vector":"0"}},{"base_weights":[4.890033E-8],"default_left":[false],"id":63,"leaf_child_counts":[0],"left_children":[-1],"loss_changes":[6.117296E-7],"parents":[2147483647],"right_children":[-1],"split_conditions":[1.4670099E-8],"split_indices":[0],"sum_hessian":[1.57E2],"tree_param":{"num_deleted":"0","num_feature":"1","num_nodes":"1","size_leaf_vector":"0"}},{"base_weights":[4.6636863E-8],"default_left":[false],"id":64,"leaf_child_counts":[0],"left_children":[-1],"loss_changes":[6.117558E-7],"parents":[2147483647],"right_children":[-1],"split_conditions":[1.399106E-8],"split_indices":[0],"sum_hessian":[1.57E2],"tree_param":{"num_deleted":"0","num_feature":"1","num_nodes":"1","size_leaf_vector":"0"}},{"base_weights":[4.4373394E-8],"default_left":[false],"id":65,"leaf_child_counts":[0],"left_children":[-1],"loss_changes":[6.1178196E-7],"parents":[2147483647],"right_children":[-1],"split_conditions":[1.3312019E-8],"split_indices":[0],"sum_hessian":[1.57E2],"tree_param":{"num_deleted":"0","num_feature":"1","num_nodes":"1","size_leaf_vector":"0"}},{"base_weights":[4.1732683E-8],"default_left":[false],"id":66,"leaf_child_counts":[0],"left_children":[-1],"loss_changes":[6.118125E-7],"parents":[2147483647],"right_children":[-1],"split_conditions":[1.2519806E-8],"split_indices":[0],"sum_hessian":[1.57E2],"tree_param":{"num_deleted":"0","num_feature":"1","num_nodes":"1","size_leaf_vector":"0"}},{"base_weights":[3.984646E-8],"default_left":[false],"id":67,"leaf_child_counts":[0],"left_children":[-1],"loss_changes":[6.1183425E-7],"parents":[2147483647],"right_children":[-1],"split_conditions":[1.1953938E-8],"split_indices":[0],"sum_hessian":[1.57E2],"tree_param":{"num_deleted":"0","num_feature":"1","num_nodes":"1","size_leaf_vector":"0"}},{"base_weights":[3.7582993E-8],"default_left":[false],"id":68,"leaf_child_counts":[0],"left_children":[-1],"loss_changes":[6.118604E-7],"parents":[2147483647],"right_children":[-1],"split_conditions":[1.1274898E-8],"split_indices":[0],"sum_hessian":[1.57E2],"tree_param":{"num_deleted":"0","num_feature":"1","num_nodes":"1","size_leaf_vector":"0"}},{"base_weights":[3.5319523E-8],"default_left":[false],"id":69,"leaf_child_counts":[0],"left_children":[-1],"loss_changes":[6.118866E-7],"parents":[2147483647],"right_children":[-1],"split_conditions":[1.05958575E-8],"split_indices":[0],"sum_hessian":[1.57E2],"tree_param":{"num_deleted":"0","num_feature":"1","num_nodes":"1","size_leaf_vector":"0"}},{"base_weights":[3.3433302E-8],"default_left":[false],"id":70,"leaf_child_counts":[0],"left_children":[-1],"loss_changes":[6.119084E-7],"parents":[2147483647],"right_children":[-1],"split_conditions":[1.0029991E-8],"split_indices":[0],"sum_hessian":[1.57E2],"tree_param":{"num_deleted":"0","num_feature":"1","num_nodes":"1","size_leaf_vector":"0"}},{"base_weights":[3.1547078E-8],"default_left":[false],"id":71,"leaf_child_counts":[0],"left_children":[-1],"loss_changes":[6.1193015E-7],"parents":[2147483647],"right_children":[-1],"split_conditions":[9.464124E-9],"split_indices":[0],"sum_hessian":[1.57E2],"tree_param":{"num_deleted":"0","num_feature":"1","num_nodes":"1","size_leaf_vector":"0"}},{"base_weights":[2.928361E-8],"default_left":[false],"id":72,"leaf_child_counts":[0],"left_children":[-1],"loss_changes":[6.1195635E-7],"parents":[2147483647],"right_children":[-1],"split_conditions":[8.785084E-9],"split_indices":[0],"sum_hessian":[1.57E2],"tree_param":{"num_deleted":"0","num_feature":"1","num_nodes":"1","size_leaf_vector":"0"}},{"base_weights":[2.6265655E-8],"default_left":[false],"id":73,"leaf_child_counts":[0],"left_children":[-1],"loss_changes":[6.119912E-7],"parents":[2147483647],"right_children":[-1],"split_conditions":[7.879697E-9],"split_indices":[0],"sum_hessian":[1.57E2],"tree_param":{"num_deleted":"0","num_feature":"1","num_nodes":"1","size_leaf_vector":"0"}},{"base_weights":[2.4379432E-8],"default_left":[false],"id":74,"leaf_child_counts":[0],"left_children":[-1],"loss_changes":[6.1201297E-7],"parents":[2147483647],"right_children":[-1],"split_conditions":[7.31383E-9],"split_indices":[0],"sum_hessian":[1.57E2],"tree_param":{"num_deleted":"0","num_feature":"1","num_nodes":"1","size_leaf_vector":"0"}},{"base_weights":[2.4379432E-8],"default_left":[false],"id":75,"leaf_child_counts":[0],"left_children":[-1],"loss_changes":[6.1201297E-7],"parents":[2147483647],"right_children":[-1],"split_conditions":[7.31383E-9],"split_indices":[0],"sum_hessian":[1.57E2],"tree_param":{"num_deleted":"0","num_feature":"1","num_nodes":"1","size_leaf_vector":"0"}},{"base_weights":[2.4379432E-8],"default_left":[false],"id":76,"leaf_child_counts":[0],"left_children":[-1],"loss_changes":[6.1201297E-7],"parents":[2147483647],"right_children":[-1],"split_conditions":[7.31383E-9],"split_indices":[0],"sum_hessian":[1.57E2],"tree_param":{"num_deleted":"0","num_feature":"1","num_nodes":"1","size_leaf_vector":"0"}},{"base_weights":[2.4379432E-8],"default_left":[false],"id":77,"leaf_child_counts":[0],"left_children":[-1],"loss_changes":[6.1201297E-7],"parents":[2147483647],"right_children":[-1],"split_conditions":[7.31383E-9],"split_indices":[0],"sum_hessian":[1.57E2],"tree_param":{"num_deleted":"0","num_feature":"1","num_nodes":"1","size_leaf_vector":"0"}},{"base_weights":[2.4379432E-8],"default_left":[false],"id":78,"leaf_child_counts":[0],"left_children":[-1],"loss_changes":[6.1201297E-7],"parents":[2147483647],"right_children":[-1],"split_conditions":[7.31383E-9],"split_indices":[0],"sum_hessian":[1.57E2],"tree_param":{"num_deleted":"0","num_feature":"1","num_nodes":"1","size_leaf_vector":"0"}},{"base_weights":[2.4379432E-8],"default_left":[false],"id":79,"leaf_child_counts":[0],"left_children":[-1],"loss_changes":[6.1201297E-7],"parents":[2147483647],"right_children":[-1],"split_conditions":[7.31383E-9],"split_indices":[0],"sum_hessian":[1.57E2],"tree_param":{"num_deleted":"0","num_feature":"1","num_nodes":"1","size_leaf_vector":"0"}},{"base_weights":[2.4379432E-8],"default_left":[false],"id":80,"leaf_child_counts":[0],"left_children":[-1],"loss_changes":[6.1201297E-7],"parents":[2147483647],"right_children":[-1],"split_conditions":[7.31383E-9],"split_indices":[0],"sum_hessian":[1.57E2],"tree_param":{"num_deleted":"0","num_feature":"1","num_nodes":"1","size_leaf_vector":"0"}},{"base_weights":[2.4379432E-8],"default_left":[false],"id":81,"leaf_child_counts":[0],"left_children":[-1],"loss_changes":[6.1201297E-7],"parents":[2147483647],"right_children":[-1],"split_conditions":[7.31383E-9],"split_indices":[0],"sum_hessian":[1.57E2],"tree_param":{"num_deleted":"0","num_feature":"1","num_nodes":"1","size_leaf_vector":"0"}},{"base_weights":[2.4379432E-8],"default_left":[false],"id":82,"leaf_child_counts":[0],"left_children":[-1],"loss_changes":[6.1201297E-7],"parents":[2147483647],"right_children":[-1],"split_conditions":[7.31383E-9],"split_indices":[0],"sum_hessian":[1.57E2],"tree_param":{"num_deleted":"0","num_feature":"1","num_nodes":"1","size_leaf_vector":"0"}},{"base_weights":[2.4379432E-8],"default_left":[false],"id":83,"leaf_child_counts":[0],"left_children":[-1],"loss_changes":[6.1201297E-7],"parents":[2147483647],"right_children":[-1],"split_conditions":[7.31383E-9],"split_indices":[0],"sum_hessian":[1.57E2],"tree_param":{"num_deleted":"0","num_feature":"1","num_nodes":"1","size_leaf_vector":"0"}},{"base_weights":[2.4379432E-8],"default_left":[false],"id":84,"leaf_child_counts":[0],"left_children":[-1],"loss_changes":[6.1201297E-7],"parents":[2147483647],"right_children":[-1],"split_conditions":[7.31383E-9],"split_indices":[0],"sum_hessian":[1.57E2],"tree_param":{"num_deleted":"0","num_feature":"1","num_nodes":"1","size_leaf_vector":"0"}},{"base_weights":[2.4379432E-8],"default_left":[false],"id":85,"leaf_child_counts":[0],"left_children":[-1],"loss_changes":[6.1201297E-7],"parents":[2147483647],"right_children":[-1],"split_conditions":[7.31383E-9],"split_indices":[0],"sum_hessian":[1.57E2],"tree_param":{"num_deleted":"0","num_feature":"1","num_nodes":"1","size_leaf_vector":"0"}},{"base_weights":[2.4379432E-8],"default_left":[false],"id":86,"leaf_child_counts":[0],"left_children":[-1],"loss_changes":[6.1201297E-7],"parents":[2147483647],"right_children":[-1],"split_conditions":[7.31383E-9],"split_indices":[0],"sum_hessian":[1.57E2],"tree_param":{"num_deleted":"0","num_feature":"1","num_nodes":"1","size_leaf_vector":"0"}},{"base_weights":[2.4379432E-8],"default_left":[false],"id":87,"leaf_child_counts":[0],"left_children":[-1],"loss_changes":[6.1201297E-7],"parents":[2147483647],"right_children":[-1],"split_conditions":[7.31383E-9],"split_indices":[0],"sum_hessian":[1.57E2],"tree_param":{"num_deleted":"0","num_feature":"1","num_nodes":"1","size_leaf_vector":"0"}},{"base_weights":[2.4379432E-8],"default_left":[false],"id":88,"leaf_child_counts":[0],"left_children":[-1],"loss_changes":[6.1201297E-7],"parents":[2147483647],"right_children":[-1],"split_conditions":[7.31383E-9],"split_indices":[0],"sum_hessian":[1.57E2],"tree_param":{"num_deleted":"0","num_feature":"1","num_nodes":"1","size_leaf_vector":"0"}},{"base_weights":[2.4379432E-8],"default_left":[false],"id":89,"leaf_child_counts":[0],"left_children":[-1],"loss_changes":[6.1201297E-7],"parents":[2147483647],"right_children":[-1],"split_conditions":[7.31383E-9],"split_indices":[0],"sum_hessian":[1.57E2],"tree_param":{"num_deleted":"0","num_feature":"1","num_nodes":"1","size_leaf_vector":"0"}},{"base_weights":[2.4379432E-8],"default_left":[false],"id":90,"leaf_child_counts":[0],"left_children":[-1],"loss_changes":[6.1201297E-7],"parents":[2147483647],"right_children":[-1],"split_conditions":[7.31383E-9],"split_indices":[0],"sum_hessian":[1.57E2],"tree_param":{"num_deleted":"0","num_feature":"1","num_nodes":"1","size_leaf_vector":"0"}},{"base_weights":[2.4379432E-8],"default_left":[false],"id":91,"leaf_child_counts":[0],"left_children":[-1],"loss_changes":[6.1201297E-7],"parents":[2147483647],"right_children":[-1],"split_conditions":[7.31383E-9],"split_indices":[0],"sum_hessian":[1.57E2],"tree_param":{"num_deleted":"0","num_feature":"1","num_nodes":"1","size_leaf_vector":"0"}},{"base_weights":[2.4379432E-8],"default_left":[false],"id":92,"leaf_child_counts":[0],"left_children":[-1],"loss_changes":[6.1201297E-7],"parents":[2147483647],"right_children":[-1],"split_conditions":[7.31383E-9],"split_indices":[0],"sum_hessian":[1.57E2],"tree_param":{"num_deleted":"0","num_feature":"1","num_nodes":"1","size_leaf_vector":"0"}},{"base_weights":[2.4379432E-8],"default_left":[false],"id":93,"leaf_child_counts":[0],"left_children":[-1],"loss_changes":[6.1201297E-7],"parents":[2147483647],"right_children":[-1],"split_conditions":[7.31383E-9],"split_indices":[0],"sum_hessian":[1.57E2],"tree_param":{"num_deleted":"0","num_feature":"1","num_nodes":"1","size_leaf_vector":"0"}},{"base_weights":[2.4379432E-8],"default_left":[false],"id":94,"leaf_child_counts":[0],"left_children":[-1],"loss_changes":[6.1201297E-7],"parents":[2147483647],"right_children":[-1],"split_conditions":[7.31383E-9],"split_indices":[0],"sum_hessian":[1.57E2],"tree_param":{"num_deleted":"0","num_feature":"1","num_nodes":"1","size_leaf_vector":"0"}},{"base_weights":[2.4379432E-8],"default_left":[false],"id":95,"leaf_child_counts":[0],"left_children":[-1],"loss_changes":[6.1201297E-7],"parents":[2147483647],"right_children":[-1],"split_conditions":[7.31383E-9],"split_indices":[0],"sum_hessian":[1.57E2],"tree_param":{"num_deleted":"0","num_feature":"1","num_nodes":"1","size_leaf_vector":"0"}},{"base_weights":[2.4379432E-8],"default_left":[false],"id":96,"leaf_child_counts":[0],"left_children":[-1],"loss_changes":[6.1201297E-7],"parents":[2147483647],"right_children":[-1],"split_conditions":[7.31383E-9],"split_indices":[0],"sum_hessian":[1.57E2],"tree_param":{"num_deleted":"0","num_feature":"1","num_nodes":"1","size_leaf_vector":"0"}},{"base_weights":[2.4379432E-8],"default_left":[false],"id":97,"leaf_child_counts":[0],"left_children":[-1],"loss_changes":[6.1201297E-7],"parents":[2147483647],"right_children":[-1],"split_conditions":[7.31383E-9],"split_indices":[0],"sum_hessian":[1.57E2],"tree_param":{"num_deleted":"0","num_feature":"1","num_nodes":"1","size_leaf_vector":"0"}},{"base_weights":[2.4379432E-8],"default_left":[false],"id":98,"leaf_child_counts":[0],"left_children":[-1],"loss_changes":[6.1201297E-7],"parents":[2147483647],"right_children":[-1],"split_conditions":[7.31383E-9],"split_indices":[0],"sum_hessian":[1.57E2],"tree_param":{"num_deleted":"0","num_feature":"1","num_nodes":"1","size_leaf_vector":"0"}},{"base_weights":[2.4379432E-8],"default_left":[false],"id":99,"leaf_child_counts":[0],"left_children":[-1],"loss_changes":[6.1201297E-7],"parents":[2147483647],"right_children":[-1],"split_conditions":[7.31383E-9],"split_indices":[0],"sum_hessian":[1.57E2],"tree_param":{"num_deleted":"0","num_feature":"1","num_nodes":"1","size_leaf_vector":"0"}}]},"name":"gbtree"},"learner_model_param":{"base_score":"5E-1","num_class":"0","num_feature":"1"},"objective":{"name":"reg:squarederror","reg_loss_param":{"scale_pos_weight":"1"}}},"version":[1,2,1]}