"STATION_NUMBER","LATITUDE","LONGITUDE"
"07EA001",57.42082977294922,-125.62638854980467
"07EA002",57.45000076293945,-125.6374969482422
"07EA004",56.73060989379883,-125.1050033569336
"07EA005",57.126220703125,-125.24992370605467
"07EA006",56.78860855102539,-124.8741683959961
"07EA007",57.19110870361328,-124.90110778808594
"07EB001",56.03194046020508,-123.9055633544922
"07EB002",56.52410888671875,-123.93602752685548
"07EC001",55.78889083862305,-124.68055725097656
"07EC002",55.9168586730957,-124.5675811767578
"07EC003",56.244998931884766,-124.64466857910156
"07EC004",56.1269416809082,-124.80191802978516
"07ED001",55.20000076293945,-124.23332977294922
"07ED002",55.50389099121094,-123.4197235107422
"07ED003",55.42721939086914,-123.63336181640624
"07EE002",55.8477783203125,-123.7619400024414
"07EE003",54.85832977294922,-122.6152801513672
"07EE004",55.31943893432617,-123.09722137451172
"07EE005",55.36111068725586,-123.09722137451172
"07EE007",55.081939697265625,-122.9130630493164
"07EE008",55.33943939208984,-123.18805694580078
"07EE009",54.52972030639648,-122.61222076416016
"07EE010",54.99850082397461,-123.03656005859376
"07EF001",56.027000427246094,-121.9086685180664
"07EF002",56.04996871948242,-123.7481918334961
"07EF003",56.10639190673828,-122.7161102294922
"07EF004",55.94610977172852,-122.6588897705078
"07FA001",56.22777938842773,-121.48056030273438
"07FA003",56.50894165039063,-122.24321746826172
"07FA004",56.1993293762207,-120.8144989013672
"07FA005",56.45986175537109,-122.35453033447266
"07FA006",56.25075149536133,-121.62853240966795
"07FA007",56.82332992553711,-122.62471771240234
"07FB001",55.71844100952149,-121.21156311035156
"07FB002",55.55247116088867,-121.20349884033205
"07FB003",55.54217147827149,-121.6275634765625
"07FB004",55.53778076171875,-121.59680938720705
"07FB005",55.14582824707031,-120.92333221435548
"07FB006",55.06135940551758,-121.01377868652344
"07FB007",55.18777847290039,-121.7611083984375
"07FB008",56.09249877929688,-121.36678314208984
"07FB009",55.09017181396485,-120.94183349609376
"07FC001",56.278438568115234,-120.69985961914062
"07FC002",56.42417144775391,-120.9250030517578
"07FC003",56.67763900756836,-121.22232818603516
"07FC004",56.27444076538086,-120.94750213623048
"07FC005",56.28055953979492,-120.95693969726562
"07FC006",56.600830078125,-120.37972259521484
"07FD001",55.95735931396485,-120.56436157226562
"07FD002",56.13938903808594,-120.67241668701172
"07FD004",56.33422088623047,-120.15514373779295
"07FD007",55.86518859863281,-120.0304183959961
"07FD010",56.12691879272461,-120.0574722290039
"07GC001",54.6986083984375,-120.0583267211914
"08BB001",58.63888931274414,-133.540283203125
"08BB002",59.105560302734375,-133.66111755371094
"08CA001",57.67028045654297,-128.10333251953125
"08CA002",57.73305892944336,-128.10833740234375
"08CA003",57.98194122314453,-128.429443359375
"08CB001",58.04389190673828,-129.94583129882812
"08CB002",58.29360961914063,-130.51222229003906
"08CC001",57.900001525878906,-129.70388793945312
"08CC002",57.21722030639648,-129.10777282714844
"08CC003",57.25,-129.05332946777344
"08CD001",58.07225036621094,-130.82644653320312
"08CE001",57.9002685546875,-131.1597137451172
"08CE004",57.695831298828125,-131.7111053466797
"08CF001",57.48611068725586,-131.75
"08CG001",56.73443984985352,-131.6689910888672
"08CG003",57.53055953979492,-130.17916870117188
"08CG004",56.6986083984375,-130.87306213378906
"08CG005",57.040828704833984,-130.40138244628906
"08CG006",56.91556167602539,-130.7208251953125
"08DA005",56.10934066772461,-129.47740173339844
"08DA006",56.25556182861328,-130.06527709960938
"08DA007",56.23833084106445,-130.07333374023438
"08DA009",56.96805953979492,-129.46583557128906
"08DA010",56.27917098999024,-129.14443969726562
"08DA011",56.29444122314453,-129.24166870117188
"08DA012",56.292518615722656,-129.22950744628906
"08DB001",55.26224899291992,-129.0850372314453
"08DB002",54.66249847412109,-130.2624969482422
"08DB010",55.45500183105469,-129.47999572753906
"08DB011",55.56111145019531,-129.50306701660156
"08DB012",55.41889190673828,-129.41583251953125
"08DB013",55.129859924316406,-129.3549346923828
"08DB014",55.01816940307617,-129.34446716308594
"08DC006",56.042781829833984,-129.9250030517578
"08DD001",56.35139083862305,-130.69166564941406
"08EB003",55.30105972290039,-127.6725616455078
"08EB004",55.4338493347168,-127.7161636352539
"08EB005",55.717079162597656,-127.6867218017578
"08EC001",55.32252883911133,-126.62982940673828
"08EC002",54.81388854980469,-126.17082977294922
"08EC003",54.82231140136719,-126.15392303466795
"08EC004",54.40544128417969,-125.42981719970705
"08EC005",54.80693817138672,-126.3000030517578
"08EC013",55.42654037475586,-126.6976318359375
"08ED001",53.93032836914063,-127.45169067382812
"08ED002",54.11682891845703,-127.42658233642578
"08ED003",54.38222122192383,-126.73999786376952
"08EE001",55.258888244628906,-127.602783203125
"08EE003",54.39937973022461,-126.71941375732422
"08EE004",54.61861038208008,-126.89997100830078
"08EE005",54.769718170166016,-127.13333129882812
"08EE006",55.01028060913086,-127.33277893066406
"08EE008",54.64860916137695,-127.12332916259766
"08EE009",54.51639175415039,-126.33444213867188
"08EE010",54.8125,-127.2013931274414
"08EE011",54.817501068115234,-127.1986083984375
"08EE012",54.809940338134766,-127.20416259765624
"08EE013",54.39608001708984,-126.65023803710938
"08EE014",54.7983283996582,-127.11138916015624
"08EE018",54.35694122314453,-126.16999816894533
"08EE019",54.31943893432617,-126.11638641357422
"08EE020",54.60694122314453,-127.49694061279295
"08EE025",55.29610824584961,-127.6207504272461
"08EE028",55.230281829833984,-127.56749725341795
"08EF001",54.63193893432617,-128.43055725097656
"08EF003",54.536109924316406,-128.45416259765625
"08EF004",55.09027862548828,-127.81111145019533
"08EF005",54.493629455566406,-128.3246612548828
"08EG001",54.02693939208984,-129.8413848876953
"08EG002",53.98389053344727,-129.73138427734375
"08EG006",54.581939697265625,-128.6602783203125
"08EG011",54.51860809326172,-128.727783203125
"08EG012",54.36219024658203,-129.31283569335938
"08EG015",54.22943878173828,-130.16139221191406
"08EG016",54.24705123901367,-130.1729736328125
"08EG017",54.5886116027832,-128.57083129882812
"08EG018",54.99250030517578,-128.8067169189453
"08EG019",54.679298400878906,-128.74395751953125
"08FA001",51.56917190551758,-127.51000213623048
"08FA002",51.67916870117188,-127.17916870117188
"08FA004",51.51250076293945,-127.5133285522461
"08FA007",51.69218063354492,-127.16738891601562
"08FA008",51.85417175292969,-126.6500015258789
"08FB001",52.37749862670898,-126.75499725341795
"08FB002",52.44221878051758,-126.33222198486328
"08FB003",52.3650016784668,-126.75666809082033
"08FB004",52.424560546875,-126.52108001708984
"08FB005",52.38943862915039,-126.46028137207033
"08FB006",52.36008071899414,-126.005859375
"08FB007",52.42221832275391,-126.1580581665039
"08FB008",52.39167022705078,-126.5500030517578
"08FB009",52.36444091796875,-126.8080596923828
"08FB011",52.4392204284668,-126.3524398803711
"08FC001",52.81888961791992,-126.94416809082033
"08FC002",52.49721908569336,-127.28333282470705
"08FC003",52.88946914672852,-125.77117156982422
"08FC005",52.46001815795898,-125.2635726928711
"08FD002",52.12833023071289,-127.83332824707033
"08FE002",53.56111145019531,-127.93611145019533
"08FE003",53.56354904174805,-127.95236206054688
"08FF001",54.04872131347656,-128.6905059814453
"08FF002",54.06404876708984,-128.6026153564453
"08FF003",54.13639068603516,-128.69000244140625
"08FF004",54.23471832275391,-128.26138305664062
"08FF005",54.21556091308594,-128.22193908691406
"08FF006",53.94890975952149,-128.73751831054688
"08GA001",49.52777862548828,-122.83332824707033
"08GA002",49.526668548583984,-122.89666748046876
"08GA003",49.51082992553711,-122.88082885742188
"08GA005",49.55332946777344,-122.9333267211914
"08GA006",49.54167175292969,-122.85250091552734
"08GA007",49.54999923706055,-122.86750030517578
"08GA008",49.55500030517578,-122.86666870117188
"08GA009",49.54167175292969,-122.83332824707033
"08GA010",49.396240234375,-123.14584350585938
"08GA011",49.52777862548828,-122.83332824707033
"08GA012",49.36027908325195,-123.02555847167967
"08GA013",49.3980598449707,-122.98444366455078
"08GA015",49.533329010009766,-122.9000015258789
"08GA017",49.96527862548828,-123.1508331298828
"08GA020",49.52444076538086,-123.48416900634766
"08GA021",49.44028091430664,-122.96527862548828
"08GA022",49.795021057128906,-123.20316314697266
"08GA023",49.96500015258789,-123.13194274902344
"08GA024",50.08332824707031,-123.04833221435548
"08GA025",49.45806121826172,-122.99082946777344
"08GA026",49.45389175415039,-123.10916900634766
"08GA027",49.45027923583984,-123.10333251953124
"08GA028",49.44028091430664,-122.96527862548828
"08GA030",49.34197998046875,-123.00212097167967
"08GA031",49.357948303222656,-123.11094665527344
"08GA038",49.959720611572266,-123.16806030273438
"08GA041",50.223609924316406,-123.5777816772461
"08GA043",49.8160285949707,-123.15007781982422
"08GA046",49.44194030761719,-123.7205581665039
"08GA047",49.42082977294922,-123.64022064208984
"08GA048",49.73110961914063,-123.14360809326172
"08GA049",49.34416961669922,-123.086669921875
"08GA052",49.28472137451172,-122.83055877685548
"08GA054",49.72888946533203,-123.10556030273438
"08GA057",49.74055862426758,-123.1050033569336
"08GA060",49.48221969604492,-123.71083068847656
"08GA061",49.35615921020508,-123.09986114501952
"08GA062",49.524169921875,-123.0119400024414
"08GA063",49.314720153808594,-123.00110626220705
"08GA064",49.70111083984375,-123.09832763671876
"08GA065",49.30278015136719,-122.8227767944336
"08GA069",49.37361145019531,-123.3638916015625
"08GA071",50.11402893066406,-123.42839813232422
"08GA072",50.07991027832031,-123.0356216430664
"08GA075",49.72594833374024,-123.1020965576172
"08GA076",49.6898193359375,-123.14647674560548
"08GA077",49.520301818847656,-123.00404357910156
"08GA078",49.48221969604492,-123.71083068847656
"08GA079",49.497169494628906,-122.9691162109375
"08GB003",49.79499816894531,-124.31749725341795
"08GB005",49.89833068847656,-124.60166931152344
"08GB007",49.79721832275391,-124.37999725341795
"08GB009",49.73749923706055,-123.88082885742188
"08GB010",49.53194046020508,-123.92916870117188
"08GB013",49.78718948364258,-123.42041778564452
"08GB014",49.878028869628906,-124.27835845947266
"08GC003",50.5099983215332,-124.42166900634766
"08GC004",50.09278106689453,-124.6227798461914
"08GC005",50.12916946411133,-124.54055786132812
"08GC006",50.12833023071289,-124.5425033569336
"08GC007",50.12776947021485,-124.54332733154295
"08GC008",50.09749984741211,-124.6161117553711
"08GD003",51.44499969482422,-124.4491729736328
"08GD004",50.986358642578125,-124.91864013671876
"08GD005",51.37443923950195,-124.7619400024414
"08GD006",51.266109466552734,-124.8869400024414
"08GD007",51.40861129760742,-124.93167114257812
"08GD008",51.673221588134766,-124.40721893310548
"08GD009",51.42110824584961,-124.50694274902344
"08GE001",51.141109466552734,-125.6119384765625
"08GE002",51.144779205322266,-125.5943603515625
"08GE003",51.22761154174805,-125.67146301269533
"08GF001",50.73500061035156,-125.47833251953124
"08GF004",50.64582824707031,-125.7249984741211
"08GF005",51.06830978393555,-126.35843658447266
"08GF006",50.79689025878906,-126.0096435546875
"08GF007",51.10277938842773,-126.4749984741211
"08GF008",51.01499938964844,-126.12167358398438
"08GF009",51.00249862670898,-126.11778259277344
"08HA001",48.878360748291016,-123.70464324951172
"08HA002",48.82590866088867,-124.05304718017578
"08HA003",48.72782897949219,-123.67080688476562
"08HA004",48.65943908691406,-123.62999725341795
"08HA005",48.51832962036133,-123.7005615234375
"08HA006",48.51832962036133,-123.7005615234375
"08HA009",48.82440185546875,-124.06153106689452
"08HA010",48.57622909545898,-124.3113784790039
"08HA011",48.77307891845703,-123.71446990966795
"08HA013",48.80361175537109,-123.70722198486328
"08HA014",48.78556060791016,-123.6833267211914
"08HA015",48.79693984985352,-123.71499633789062
"08HA016",48.78921890258789,-123.72547149658205
"08HA017",48.49721908569336,-123.727783203125
"08HA021",48.78805923461914,-123.67138671875
"08HA026",48.811668395996094,-123.45443725585938
"08HA033",48.65805816650391,-123.5688934326172
"08HA034",48.46305847167969,-123.43860626220705
"08HA037",48.46916961669922,-123.4022216796875
"08HA038",48.8144416809082,-123.46666717529295
"08HA039",48.46110916137695,-123.55249786376952
"08HA041",48.3466682434082,-123.5944366455078
"08HA044",48.89305877685547,-123.5486068725586
"08HA047",48.46749877929688,-123.39888763427734
"08HA059",48.4244384765625,-123.7125015258789
"08HA060",48.58028030395508,-123.397216796875
"08HA063",48.59111022949219,-123.46056365966795
"08HA064",48.40361022949219,-123.5486068725586
"08HA065",48.39944076538086,-123.5486068725586
"08HA066",48.64221954345703,-123.55777740478516
"08HA067",48.644168853759766,-123.56944274902344
"08HA068",48.57835006713867,-124.10572052001952
"08HA069",48.636749267578125,-124.29171752929688
"08HA070",48.71937942504883,-124.2260513305664
"08HA071",48.581668853759766,-123.43193817138672
"08HA072",48.93352127075195,-124.249267578125
"08HA073",48.877220153808594,-123.67888641357422
"08HB001",49.394168853759766,-124.61499786376952
"08HB002",49.31610870361328,-124.28527069091795
"08HB003",49.040000915527344,-123.90778350830078
"08HB004",49.290828704833984,-124.58332824707033
"08HB005",49.07221984863281,-123.9236068725586
"08HB006",49.68803024291992,-125.03418731689452
"08HB007",49.66389083862305,-125.0930633544922
"08HB008",49.28971862792969,-124.9102783203125
"08HB009",49.33924865722656,-124.97747039794922
"08HB010",49.334999084472656,-124.92082977294922
"08HB011",49.70586013793945,-125.01146697998048
"08HB012",49.122779846191406,-124.98999786376952
"08HB014",48.89250183105469,-124.9694366455078
"08HB015",49.28472137451172,-124.91667175292967
"08HB016",49.39556121826172,-125.0763931274414
"08HB017",49.2852783203125,-124.86666870117188
"08HB018",49.34000015258789,-124.6750030517578
"08HB022",49.41852951049805,-124.6523895263672
"08HB023",49.36991882324219,-124.9841079711914
"08HB024",49.51750183105469,-124.84166717529295
"08HB025",49.69282913208008,-125.06925201416016
"08HB026",49.209999084472656,-124.0522232055664
"08HB027",49.20610809326172,-124.0522232055664
"08HB028",49.21305847167969,-124.02610778808594
"08HB029",49.35459899902344,-124.4833984375
"08HB030",49.28694152832031,-124.1588897705078
"08HB031",49.28694152832031,-124.1588897705078
"08HB032",49.177391052246094,-123.96903228759766
"08HB034",49.06861114501953,-123.8869400024414
"08HB037",49.4627799987793,-124.77278137207033
"08HB041",49.02497100830078,-124.1868133544922
"08HB043",49.37110900878906,-124.9311065673828
"08HB045",49.50667190551758,-124.73110961914062
"08HB046",49.149169921875,-123.82721710205078
"08HB047",49.47943878173828,-124.26667022705078
"08HB048",48.91556167602539,-124.9977798461914
"08HB053",49.1533317565918,-123.82611083984376
"08HB062",49.27082824707031,-124.83361053466795
"08HB069",48.92889022827149,-124.94110870361328
"08HB074",49.57878112792969,-125.21402740478516
"08HB075",49.73657989501953,-125.0857162475586
"08HB078",49.34000015258789,-124.37471771240234
"08HB080",49.22111129760742,-124.53472137451172
"08HB082",49.64213943481445,-125.09165954589844
"08HB084",49.66833114624024,-125.08721923828124
"08HB086",49.25083160400391,-125.58332824707033
"08HB088",49.20582962036133,-125.31749725341795
"08HB089",49.80881118774414,-125.19503021240234
"08HB090",49.766109466552734,-125.1208267211914
"08HB092",49.06016159057617,-124.12628936767578
"08HC001",49.70230865478516,-126.11141204833984
"08HC002",49.70843124389648,-126.0986099243164
"08HC004",49.404441833496094,-125.74749755859376
"08HC005",49.81550979614258,-125.98834228515624
"08HC006",49.841068267822266,-125.90670776367188
"08HC007",49.85443878173828,-125.95221710205078
"08HD001",50.002220153808594,-125.3888931274414
"08HD002",49.86888885498047,-125.12361145019533
"08HD003",50.03805923461914,-125.2947235107422
"08HD004",49.96500015258789,-125.58611297607422
"08HD005",50.02920913696289,-125.3000030517578
"08HD006",50.31246948242188,-125.90750122070312
"08HD007",50.19728088378906,-125.74481201171876
"08HD011",49.89458084106445,-125.24175262451172
"08HD012",50.34027862548828,-125.9055633544922
"08HD015",50.09041976928711,-125.67822265625
"08HD016",50.133888244628906,-125.25360870361328
"08HD018",49.85723114013672,-125.81268310546876
"08HD020",50.09366989135742,-125.66974639892578
"08HD021",49.92984008789063,-125.5096435546875
"08HD022",50.03364181518555,-125.267578125
"08HD023",49.91157913208008,-125.23197174072266
"08HD025",49.9102783203125,-125.54638671875
"08HD026",49.94147109985352,-125.52530670166016
"08HD027",49.92972183227539,-125.33778381347656
"08HD030",49.75,-125.34027862548828
"08HD031",49.99694061279297,-125.58656311035156
"08HD032",50.09366989135742,-125.66974639892578
"08HD033",49.835750579833984,-125.61605834960938
"08HDX03",50.03731155395508,-125.2874984741211
"08HE001",50.52389144897461,-127.43083190917967
"08HE002",50.43027877807617,-127.40389251708984
"08HE003",50.4011116027832,-127.29778289794922
"08HE006",50.012489318847656,-126.84339904785156
"08HE007",50.10221862792969,-127.39556121826172
"08HE008",50.13568878173828,-126.82006072998048
"08HE009",50.290130615234375,-127.6978988647461
"08HE010",49.93867111206055,-126.6414794921875
"08HF001",50.51667022705078,-126.85556030273438
"08HF002",50.52278137207031,-127.01416778564452
"08HF003",50.47972106933594,-126.8255615234375
"08HF004",50.44036102294922,-126.57850646972656
"08HF005",50.21482849121094,-126.61080932617188
"08HF006",50.66933059692383,-128.16839599609375
"08HF007",50.3247184753418,-126.41944122314452
"08HF008",50.42472076416016,-126.57888793945312
"08HF011",50.21833038330078,-126.61666870117188
"08HF012",50.734500885009766,-127.88224792480467
"08HF013",50.512451171875,-127.84200286865234
"08HF014",50.67197036743164,-127.34867095947266
"08JA002",53.625,-125.73332977294922
"08JA003",53.63888931274414,-126.74889373779295
"08JA004",53.353328704833984,-125.56944274902344
"08JA005",53.75556182861328,-126.6999969482422
"08JA006",53.68333053588867,-127.23332977294922
"08JA010",53.56388854980469,-124.86000061035156
"08JA013",53.77082824707031,-125.9705581665039
"08JA014",53.263328552246094,-125.40833282470705
"08JA015",53.65208053588867,-127.5377197265625
"08JA016",53.800559997558594,-126.36000061035156
"08JA017",53.68550109863281,-124.83927917480467
"08JA018",53.70756149291992,-125.6117172241211
"08JA019",53.4002799987793,-124.97110748291016
"08JA020",53.46221923828125,-125.86444091796876
"08JA021",53.4900016784668,-127.20639038085938
"08JA022",53.58028030395508,-124.9727783203125
"08JA023",53.77238082885742,-125.99723815917967
"08JA024",53.3477783203125,-125.35138702392578
"08JA025",53.64221954345703,-127.14582824707033
"08JA026",53.65555953979492,-127.39167022705078
"08JA027",53.6622200012207,-127.1508331298828
"08JA028",53.234169006347656,-126.1119384765625
"08JA030",53.61722183227539,-127.69416809082033
"08JB002",54.0078010559082,-125.00891876220705
"08JB003",54.0850715637207,-124.6008529663086
"08JB005",54.0644416809082,-124.7633285522461
"08JB007",53.90415954589844,-126.97083282470705
"08JB008",53.90250015258789,-126.95471954345705
"08JB011",54.0513916015625,-125.7544403076172
"08JB012",54.17805862426758,-125.4888916015625
"08JB014",53.94194030761719,-124.91555786132812
"08JC001",54.02672958374024,-124.00865173339844
"08JC002",53.96044158935547,-123.23486328125
"08JC005",53.80889129638672,-122.9888916015625
"08JC006",54.02999877929688,-124.0152816772461
"08JC008",54.05638885498047,-124.06999969482422
"08JC015",53.73389053344727,-122.85138702392578
"08JC017",53.89685821533203,-124.197998046875
"08JD006",55.97613906860352,-126.67767333984376
"08JE001",54.4168586730957,-124.27062225341795
"08JE003",54.45500183105469,-124.28556060791016
"08JE004",54.61080932617188,-124.2477569580078
"08JE005",54.9002799987793,-125.1380615234375
"08KA001",53.30924987792969,-120.2490005493164
"08KA004",54.07867050170898,-121.85035705566406
"08KA005",53.301719665527344,-120.14092254638672
"08KA007",52.98627853393555,-119.00666809082033
"08KA008",52.91999816894531,-118.8000030517578
"08KA009",53.44406127929688,-120.22013854980467
"08KA010",52.8769416809082,-119.1963882446289
"08KA012",52.83832931518555,-119.26667022705078
"08KA013",53.681671142578125,-120.59139251708984
"08KB001",54.00366973876953,-122.62474822998048
"08KB003",54.23117065429688,-121.6687469482422
"08KB006",54.29677963256836,-120.9774169921875
"08KC001",54.09642028808594,-122.67986297607422
"08KC002",54.09444046020508,-122.68611145019533
"08KC003",54.605281829833984,-123.23722076416016
"08KD001",53.2611083984375,-121.41388702392578
"08KD002",53.10221862792969,-121.56944274902344
"08KD003",54.06861114501953,-122.4638900756836
"08KD004",54.036109924316406,-121.8791732788086
"08KD005",53.258331298828125,-121.41388702392578
"08KD006",54.04555892944336,-122.37306213378906
"08KD007",54.01694107055664,-122.10285949707033
"08KE002",52.97444152832031,-122.49694061279295
"08KE009",53.15528106689453,-122.47611236572266
"08KE014",53.4263916015625,-122.5888900756836
"08KE015",53.75667190551758,-122.64778137207033
"08KE016",52.9738883972168,-122.50943756103516
"08KE018",53.90077972412109,-122.73493957519533
"08KE024",52.91490173339844,-121.76747131347656
"08KE028",53.79499816894531,-122.65193939208984
"08KE029",52.81111145019531,-123.022216796875
"08KE032",53.86249923706055,-122.570556640625
"08KF001",52.92916870117188,-123.5472183227539
"08KG001",53.306419372558594,-122.89180755615234
"08KG003",52.98611068725586,-123.8027801513672
"08KG004",53.29693984985352,-122.95194244384766
"08KH001",52.61582946777344,-121.57232666015624
"08KH003",52.66667175292969,-121.67082977294922
"08KH006",52.84305953979492,-122.22528076171876
"08KH007",52.331668853759766,-121.41278076171876
"08KH008",52.3730583190918,-121.31360626220705
"08KH010",52.29138946533203,-121.0669403076172
"08KH011",52.5747184753418,-121.540283203125
"08KH013",52.72943878173828,-121.43472290039062
"08KH014",52.84333038330078,-120.74166870117188
"08KH015",52.84333038330078,-120.7361068725586
"08KH016",52.97417068481445,-122.43499755859376
"08KH018",53.02582931518555,-122.4883270263672
"08KH019",52.31571960449219,-121.40843963623048
"08KH020",52.28083038330078,-121.00135803222656
"08KH022",52.3738899230957,-120.72222137451172
"08KH023",52.95333099365234,-122.4036102294922
"08KH027",52.51277923583984,-121.57111358642578
"08KH028",52.68722152709961,-121.78166961669922
"08KH029",52.78305816650391,-120.73777770996094
"08KH030",52.79193878173828,-120.74971771240234
"08KH031",52.44430923461914,-121.41813659667967
"08LA001",51.65571975708008,-120.06604766845705
"08LA004",51.97943878173828,-120.10360717773438
"08LA005",51.70500183105469,-121.1758270263672
"08LA006",51.86861038208008,-120.59722137451172
"08LA007",52.13888931274414,-120.1916732788086
"08LA008",51.93193817138672,-120.24138641357422
"08LA009",52.348609924316406,-120.2638931274414
"08LA010",51.93833160400391,-120.2411117553711
"08LA011",51.841941833496094,-120.73027801513672
"08LA012",52.14305877685547,-120.1916732788086
"08LA013",52.421669006347656,-120.32389068603516
"08LA014",52.42499923706055,-120.3255615234375
"08LA017",51.60166931152344,-121.19222259521484
"08LA018",52.67499923706055,-120.102783203125
"08LA019",51.94610977172852,-120.70417022705078
"08LA020",51.60694122314453,-121.23056030273438
"08LA027",51.58760833740234,-120.9207534790039
"08LA028",51.622779846191406,-120.6722183227539
"08LA029",51.56999969482422,-120.79888916015624
"08LB012",50.72499847412109,-120.03278350830078
"08LB017",51.63888931274414,-119.96666717529295
"08LB020",51.188018798828125,-120.12654113769533
"08LB022",51.18611145019531,-120.1513900756836
"08LB024",51.12202835083008,-120.2089385986328
"08LB037",52.223331451416016,-119.21527862548828
"08LB038",52.11669158935547,-119.30194091796876
"08LB042",51.46667098999024,-120.2161102294922
"08LB047",51.60186004638672,-119.9143524169922
"08LB050",51.57611083984375,-120.1383285522461
"08LB051",51.23749923706055,-120.00556182861328
"08LB052",51.23332977294922,-120.0152816772461
"08LB064",51.04093170166016,-120.24046325683594
"08LB069",51.24533081054688,-119.9376983642578
"08LB070",51.63249969482422,-120.0263900756836
"08LB071",51.62916946411133,-120.022216796875
"08LB072",51.1349983215332,-120.1227798461914
"08LB076",51.3543815612793,-119.8816375732422
"08LB077",52.255001068115234,-119.1786117553711
"08LB078",51.42758941650391,-120.20204162597656
"08LB081",50.86027908325195,-119.97332763671876
"08LB082",50.83028030395508,-120.4375
"08LB083",50.88471984863281,-120.28778076171876
"08LC002",50.54365921020508,-119.01284790039062
"08LC003",50.30278015136719,-118.81861114501952
"08LC004",50.56666946411133,-119.04167175292967
"08LC006",50.1974983215332,-119.03443908691406
"08LC018",50.34510040283203,-118.54785919189452
"08LC019",50.60277938842773,-118.7383270263672
"08LC031",50.50278091430664,-119.12361145019533
"08LC034",50.24193954467773,-118.647216796875
"08LC035",50.43833160400391,-119.14221954345705
"08LC037",50.7763900756836,-119.0044403076172
"08LC038",50.60277938842773,-118.7383270263672
"08LC039",50.29790115356445,-118.85912322998048
"08LC040",50.28432083129883,-118.94703674316406
"08LC041",50.357669830322266,-118.53826141357422
"08LC042",50.25246810913086,-118.96124267578124
"08LD001",50.937591552734375,-119.65634155273438
"08LD003",50.95357894897461,-119.6753921508789
"08LE001",50.50083160400391,-119.56194305419922
"08LE007",50.84167098999024,-118.97917175292967
"08LE020",50.49856185913086,-119.55860900878906
"08LE021",50.692508697509766,-119.33052825927734
"08LE024",50.93634033203125,-118.80165100097656
"08LE025",51.20832824707031,-119.00749969482422
"08LE027",51.2622184753418,-118.94644165039062
"08LE031",50.76311111450195,-119.7431182861328
"08LE044",50.661109924316406,-119.37638854980467
"08LE047",50.88056182861328,-119.4647216796875
"08LE053",50.85139083862305,-119.0119400024414
"08LE057",50.82833099365234,-119.6744384765625
"08LE064",50.4474983215332,-119.4694366455078
"08LE065",50.46944046020508,-119.3499984741211
"08LE069",50.6533317565918,-119.95944213867188
"08LE070",50.70943069458008,-119.2840576171875
"08LE071",51.2388916015625,-118.9277801513672
"08LE072",50.70417022705078,-119.34722137451172
"08LE075",50.28889083862305,-119.95555877685548
"08LE077",50.91316986083984,-119.5328369140625
"08LE080",50.88056182861328,-119.47083282470705
"08LE086",51.3650016784668,-118.80638885498048
"08LE088",50.63471984863281,-119.3874969482422
"08LE089",50.513328552246094,-119.3491668701172
"08LE090",50.60860824584961,-119.36277770996094
"08LE091",50.63444137573242,-119.3902816772461
"08LE092",50.661109924316406,-119.383056640625
"08LE093",50.71667098999024,-119.3630599975586
"08LE094",50.50917053222656,-119.56944274902344
"08LE096",50.52360916137695,-119.3852767944336
"08LE097",50.49861145019531,-119.34583282470705
"08LE108",50.69665145874024,-119.19615936279295
"08LE109",50.75471878051758,-119.22860717773438
"08LE112",50.81909942626953,-119.68153381347656
"08LF002",50.802978515625,-121.3233413696289
"08LF007",50.8838996887207,-120.9659423828125
"08LF015",50.88444137573242,-121.42028045654295
"08LF021",50.95111083984375,-121.43138885498048
"08LF022",50.42082977294922,-121.34166717529295
"08LF023",50.68751907348633,-120.36412048339844
"08LF027",50.8980712890625,-120.97598266601562
"08LF033",50.758331298828125,-120.86666870117188
"08LF043",50.76443862915039,-121.03221893310548
"08LF046",50.75278091430664,-120.84722137451172
"08LF049",50.85277938842773,-120.50167083740234
"08LF051",50.35462951660156,-121.39364624023438
"08LF060",50.915828704833984,-121.41139221191406
"08LF061",50.75611114501953,-121.5883331298828
"08LF062",51.3355598449707,-120.7986068725586
"08LF064",51.11111068725586,-121.4875030517578
"08LF065",51.1138916015625,-121.4736099243164
"08LF066",51.035831451416016,-121.44139099121094
"08LF069",50.557498931884766,-121.15778350830078
"08LF070",50.67472076416016,-121.06999969482422
"08LF071",51.036109924316406,-121.44082641601562
"08LF075",51.44166946411133,-121.14167022705078
"08LF079",50.716941833496094,-120.6347198486328
"08LF080",51.258331298828125,-121.6811065673828
"08LF081",50.7369384765625,-121.57611083984376
"08LF082",50.75917053222656,-121.5561065673828
"08LF083",50.75,-121.4741668701172
"08LF084",50.72639083862305,-121.6352767944336
"08LF085",50.707218170166016,-120.53417205810548
"08LF086",50.6775016784668,-120.5744400024414
"08LF090",50.79888916015625,-121.6050033569336
"08LF092",50.72666931152344,-121.59944152832033
"08LF093",50.84527969360352,-121.5425033569336
"08LF096",51.16416931152344,-121.13639068603516
"08LF099",50.835750579833984,-121.23995208740234
"08LF100",50.84078979492188,-121.1544418334961
"08LG004",50.15010833740234,-120.87808227539062
"08LG006",50.33086013793945,-121.226806640625
"08LG007",50.144439697265625,-120.88500213623048
"08LG008",50.13618087768555,-121.03002166748048
"08LG009",50.49250030517578,-120.85806274414062
"08LG010",50.10979843139648,-120.8030014038086
"08LG013",50.163330078125,-120.66583251953124
"08LG016",49.96492004394531,-120.13493347167967
"08LG019",50.1511116027832,-120.88555908203124
"08LG020",50.02806091308594,-120.11833190917967
"08LG028",50.13988876342773,-120.28363800048828
"08LG036",50.14305877685547,-120.11083221435548
"08LG041",50.36111068725586,-120.8099365234375
"08LG046",50.158390045166016,-120.5251007080078
"08LG048",49.85422134399414,-120.90846252441406
"08LG049",50.182559967041016,-120.37510681152344
"08LG051",50.53443908691406,-120.86833190917967
"08LG055",50.47999954223633,-121.03333282470705
"08LG056",50.60783004760742,-120.91085815429688
"08LG060",50.13555908203125,-120.2750015258789
"08LG064",50.11111068725586,-119.98249816894533
"08LG065",50.162139892578125,-120.66876220703124
"08LG066",50.33110809326172,-120.92305755615234
"08LG067",50.14588165283203,-120.88227081298828
"08LG068",49.95027160644531,-121.09644317626952
"08LG069",50.14324951171875,-120.27957153320312
"08MA001",52.06975173950195,-123.53949737548828
"08MA002",51.62485885620117,-124.1433563232422
"08MA003",51.37900161743164,-123.63121795654295
"08MA006",51.673858642578125,-124.1453094482422
"08MB004",52.125,-123.6916732788086
"08MB005",51.847938537597656,-122.65477752685548
"08MB006",51.52368927001953,-123.11589050292967
"08MB007",51.25397109985352,-123.10449981689452
"08MC005",52.12194061279297,-122.13999938964844
"08MC006",51.875,-121.66889190673828
"08MC009",51.848331451416016,-121.5869369506836
"08MC018",52.53028106689453,-122.44432830810548
"08MC023",52.12194061279297,-122.10916900634766
"08MC031",52.10583114624024,-122.04167175292967
"08MC032",52.3627815246582,-122.27306365966795
"08MC039",52.11471939086914,-121.93721771240234
"08MC040",52.07707977294922,-121.99188995361328
"08MC041",51.872501373291016,-121.58805847167967
"08MC044",52.0263900756836,-121.68611145019533
"08MC045",52.42625045776367,-122.29463958740234
"08MC047",52,-121.6630630493164
"08MD013",51.18367004394531,-122.132080078125
"08MD034",51.36888885498047,-122.61083221435548
"08MD035",51.24491882324219,-122.92169189453124
"08ME001",50.78749847412109,-122.2249984741211
"08ME002",50.66931915283203,-121.96533966064452
"08ME003",50.67110824584961,-121.9695281982422
"08ME004",50.837501525878906,-122.8566665649414
"08ME005",50.85110855102539,-122.84583282470705
"08ME006",50.89500045776367,-122.77333068847656
"08ME007",50.89860916137695,-122.6138916015625
"08ME011",50.76805877685547,-122.85694122314452
"08ME014",50.890281677246094,-122.625
"08ME015",50.702781677246094,-122.3000030517578
"08ME017",50.72777938842773,-122.23332977294922
"08ME018",50.67221832275391,-121.95693969726562
"08ME022",50.54360961914063,-122.49166870117188
"08ME023",50.85622024536133,-123.45327758789062
"08ME025",50.9126091003418,-122.23931121826172
"08ME027",50.73088836669922,-122.9420166015625
"08ME028",50.82093811035156,-123.2034912109375
"08MF002",49.25083160400391,-121.60221862792967
"08MF003",49.37527847290039,-121.41944122314452
"08MF004",50.2480583190918,-121.58917236328124
"08MF005",49.38595962524414,-121.45423889160156
"08MF006",49.25056076049805,-121.60443878173828
"08MF008",50.00667190551758,-121.61499786376952
"08MF009",49.363059997558594,-121.46916961669922
"08MF018",49.13861083984375,-121.83110809326172
"08MF030",49.50917053222656,-121.42056274414062
"08MF031",49.56417083740234,-121.42472076416016
"08MF032",49.43111038208008,-121.43639373779295
"08MF034",49.31306076049805,-121.62555694580078
"08MF035",49.20368957519531,-121.7758331298828
"08MF040",50.61367034912109,-121.85343933105467
"08MF048",49.14611053466797,-121.83332824707033
"08MF049",49.15861129760742,-121.8263931274414
"08MF062",49.54188919067383,-121.1199722290039
"08MF064",49.19889068603516,-121.9513931274414
"08MF065",49.953861236572266,-121.86286926269533
"08MF068",49.36846160888672,-121.38449096679688
"08MG001",49.30002975463867,-121.9377670288086
"08MG003",50.28194046020508,-122.85138702392578
"08MG004",50.17082977294922,-122.91667175292967
"08MG005",50.33602142333984,-122.8002471923828
"08MG006",50.26667022705078,-122.87222290039062
"08MG007",50.22499847412109,-122.88333129882812
"08MG008",50.3388900756836,-122.727783203125
"08MG009",49.32110977172852,-121.88111114501952
"08MG012",49.30926132202149,-121.7737274169922
"08MG013",49.300418853759766,-121.82964324951172
"08MG014",49.234649658203125,-121.95931243896484
"08MG020",50.240360260009766,-122.48113250732422
"08MG022",49.28501129150391,-121.9041976928711
"08MG023",49.32971954345703,-121.97528076171876
"08MG025",50.3155403137207,-122.80464935302734
"08MG026",50.1202507019043,-122.94880676269533
"08MG027",50.09159851074219,-122.53656005859376
"08MH001",49.09738159179688,-121.9674835205078
"08MH002",49.26523971557617,-122.78150177001952
"08MH003",49.32917022705078,-122.6750030517578
"08MH004",49.35417175292969,-122.75694274902344
"08MH005",49.23899841308594,-122.57975006103516
"08MH006",49.24264907836914,-122.5801773071289
"08MH010",49.38417053222656,-122.63443756103516
"08MH011",49.22943878173828,-122.3550033569336
"08MH014",49.28667068481445,-122.4866714477539
"08MH016",49.08364868164063,-121.45844268798828
"08MH017",49.66389083862305,-122.68611145019533
"08MH018",49.15610885620117,-122.8419418334961
"08MH019",49.1511116027832,-122.83556365966795
"08MH020",49.14527893066406,-122.7994384765625
"08MH024",49.12773895263672,-122.30294036865234
"08MH026",49.24388885498047,-122.89861297607422
"08MH029",49.00249099731445,-122.2322998046875
"08MH033",49.077781677246094,-121.977783203125
"08MH035",49.24480819702149,-122.73406982421876
"08MH046",49.24222183227539,-122.93389129638672
"08MH047",49.09167098999024,-122.0361099243164
"08MH050",49.095829010009766,-122.6897201538086
"08MH055",49.081668853759766,-121.7205581665039
"08MH056",49.071720123291016,-121.6997528076172
"08MH058",49.19028091430664,-122.15917205810548
"08MH059",49.01583099365234,-122.7227783203125
"08MH060",49.17306137084961,-122.75556182861328
"08MH061",49.2622184753418,-123.01361083984376
"08MH068",49.081939697265625,-122.2772216796875
"08MH072",49.03388977050781,-122.0250015258789
"08MH076",49.20708847045898,-122.53661346435548
"08MH088",49.01721954345703,-122.1883316040039
"08MH089",49.14250183105469,-122.60028076171876
"08MH090",49.13354110717773,-122.59642791748048
"08MH091",49.14833068847656,-122.33721923828124
"08MH093",49.06333160400391,-122.17082977294922
"08MH097",49.17721939086914,-122.6513900756836
"08MH098",49.14767074584961,-122.53186798095705
"08MH099",49.17499923706055,-122.4552764892578
"08MH103",49.10171890258789,-121.66300201416016
"08MH104",49.09278106689453,-122.68277740478516
"08MH105",49.10055923461914,-122.64556121826172
"08MH107",49.0897216796875,-122.6361083984375
"08MH108",49.31888961791992,-122.54694366455078
"08MH125",49.30971908569336,-122.54805755615234
"08MH126",49.21780014038086,-122.8246612548828
"08MH129",49.0724983215332,-122.6241683959961
"08MH130",49.01583099365234,-122.21556091308594
"08MH131",49.11444091796875,-122.11083221435548
"08MH133",49.0755615234375,-122.16221618652344
"08MH134",49.209720611572266,-122.85193634033205
"08MH141",49.48794174194336,-122.79251098632812
"08MH146",49.16249847412109,-123.04444122314452
"08MH147",49.556190490722656,-122.32306671142578
"08MH148",49.2872200012207,-122.48444366455078
"08MH149",49.35573959350586,-122.7791976928711
"08MH150",49.23971939086914,-122.1272201538086
"08MH151",49.1480598449707,-123.04582977294922
"08MH152",49.00239181518555,-122.52339935302734
"08MH153",49.0023307800293,-122.4069595336914
"08MH154",49.14611053466797,-122.82193756103516
"08MH155",49.095699310302734,-122.66008758544922
"08MH163",49.15277862548828,-121.53861236572266
"08MH166",49.38098907470703,-122.77684783935548
"08MH167",49.19791030883789,-122.4073715209961
"08MH168",49.363868713378906,-122.73465728759766
"08NA001",50.877220153808594,-116.37832641601562
"08NA002",51.243560791015625,-116.91293334960938
"08NA004",50.51556015014648,-116.01889038085938
"08NA005",50.57332992553711,-116.0955581665039
"08NA006",51.30118179321289,-116.9720687866211
"08NA007",51.41833114624024,-116.44000244140624
"08NA008",51.43278121948242,-116.39861297607422
"08NA009",50.58832931518555,-116.1291732788086
"08NA011",50.90435028076172,-116.40682220458984
"08NA012",50.51082992553711,-116.04360961914062
"08NA015",51.397499084472656,-116.47693634033205
"08NA016",51.397499084472656,-116.47693634033205
"08NA018",50.62916946411133,-116.06722259521484
"08NA020",50.56832885742188,-115.99138641357422
"08NA024",50.484169006347656,-115.93389129638672
"08NA045",50.3236083984375,-115.8625030517578
"08NA049",50.834999084472656,-116.31832885742188
"08NA051",50.69166946411133,-116.26583099365234
"08NA052",50.73278045654297,-116.19444274902344
"08NA053",51.43693923950195,-116.37444305419922
"08NA055",50.46028137207031,-116.09610748291016
"08NA056",50.58694076538086,-116.03333282470705
"08NA057",50.54639053344727,-116.09832763671876
"08NA067",51.19778060913086,-116.8499984741211
"08NA068",51.19778060913086,-116.85305786132812
"08NB001",51.42388916015625,-117.04055786132812
"08NB002",51.3236083984375,-116.95916748046876
"08NB004",51.32500076293945,-116.9736099243164
"08NB005",51.48329925537109,-117.18038940429688
"08NB006",51.77138900756836,-117.6866683959961
"08NB011",52.11471939086914,-118.4244384765625
"08NB012",51.48249816894531,-116.9693603515625
"08NB013",51.613059997558594,-117.7411117553711
"08NB014",51.6779899597168,-117.71849822998048
"08NB015",51.65472030639648,-116.74250030517578
"08NB016",51.5265007019043,-116.8989028930664
"08NB017",51.89067077636719,-117.91207885742188
"08NB018",51.30556106567383,-117.51667022705078
"08NB019",51.509090423583984,-117.46530151367188
"08NC001",52.1522216796875,-118.4044418334961
"08NC002",52.18917083740234,-118.45333099365234
"08NC004",52.73152923583984,-119.38485717773438
"08ND001",50.824440002441406,-118.02889251708984
"08ND002",51.008060455322266,-118.21916961669922
"08ND006",50.85306167602539,-118.1066665649414
"08ND007",52.05527877807617,-118.58416748046876
"08ND009",51.4769401550293,-118.4255599975586
"08ND011",51.04193878173828,-118.21305847167967
"08ND012",51.66878128051758,-118.59619903564452
"08ND013",51.01263046264648,-118.08513641357422
"08ND014",51.04444122314453,-118.26917266845705
"08ND017",52.07806015014648,-118.5616683959961
"08ND018",51.65943908691406,-118.10443878173828
"08ND019",51.63943862915039,-118.67056274414062
"08ND025",51.04444122314453,-118.1972198486328
"08ND026",51.146610260009766,-118.20053100585938
"08NE001",50.77360916137695,-117.67666625976562
"08NE002",49.332218170166016,-117.6758270263672
"08NE003",49.09389114379883,-117.6977767944336
"08NE006",50.28290939331055,-117.73448181152344
"08NE008",50.73445892333984,-117.7293472290039
"08NE009",49.790000915527344,-118.14556121826172
"08NE012",50.80500030517578,-117.6427764892578
"08NE021",50.25,-117.727783203125
"08NE039",49.0146484375,-117.94529724121094
"08NE044",49.03028106689453,-117.37389373779295
"08NE045",50.23667144775391,-117.80194091796876
"08NE046",49.874168395996094,-118.0930633544922
"08NE049",49.17784118652344,-117.7176513671875
"08NE063",49.87083053588867,-118.10360717773438
"08NE073",49.25556182861328,-117.68055725097656
"08NE074",49.04713821411133,-117.2942886352539
"08NE077",49.905181884765625,-118.12547302246094
"08NE078",49.9122200012207,-118.12332916259766
"08NE087",49.44847106933594,-118.04199981689452
"08NE098",49.31917190551758,-117.65193939208984
"08NE102",49.87205123901367,-118.0816879272461
"08NE103",49.33832931518555,-117.77056121826172
"08NE104",50.2374382019043,-117.7978515625
"08NE105",49.3388900756836,-117.76416778564452
"08NE106",49.06943893432617,-117.600830078125
"08NE110",49.896949768066406,-118.1898422241211
"08NE113",49.10943984985352,-117.5022201538086
"08NE114",49.23453903198242,-117.23916625976562
"08NE117",50.34333038330078,-117.51805877685548
"08NE120",50.675559997558594,-117.8244400024414
"08NE121",50.685279846191406,-117.77306365966795
"08NE122",50.65306091308594,-117.8277816772461
"08NE123",50.79389190673828,-118.08072662353516
"08NE124",50.67805862426758,-117.81111145019533
"08NE125",50.65555953979492,-117.81639099121094
"08NE126",49.3388900756836,-117.76416778564452
"08NE128",50.706390380859375,-118.11028289794922
"08NF001",50.88703155517578,-116.0460968017578
"08NF002",50.14778137207031,-115.7991714477539
"08NF003",50.158329010009766,-115.41667175292967
"08NF004",50.91667175292969,-116.00138854980467
"08NF005",50.65972137451172,-115.52999877929688
"08NF006",50.5252799987793,-115.61917114257812
"08NG001",50.13193893432617,-115.96527862548828
"08NG002",49.49362182617188,-115.36583709716795
"08NG004",49.0747184753418,-115.24305725097656
"08NG005",49.42028045654297,-115.41944122314452
"08NG009",49.3224983215332,-115.17694091796876
"08NG010",49.36888885498047,-115.24527740478516
"08NG011",49.37778091430664,-115.29083251953124
"08NG012",49.60028076171875,-115.86277770996094
"08NG017",49.39944076538086,-115.62027740478516
"08NG023",49.55332946777344,-115.96499633789062
"08NG042",49.01443862915039,-115.1741714477539
"08NG044",50.12667083740234,-115.56500244140624
"08NG046",49.60805892944336,-116.16860961914062
"08NG048",49.025001525878906,-115.02777862548828
"08NG051",49.91167068481445,-115.76750183105467
"08NG052",49.619998931884766,-115.61888885498048
"08NG053",49.91056060791016,-115.73555755615234
"08NG057",49.69667053222656,-115.9741668701172
"08NG058",49.48556137084961,-115.4552764892578
"08NG061",49.37971878051758,-115.4499969482422
"08NG062",49.50667190551758,-115.4477767944336
"08NG063",49.53028106689453,-115.47860717773438
"08NG065",49.61203002929688,-115.63533782958984
"08NG068",49.45111083984375,-115.68778228759766
"08NG070",49.46889114379883,-115.7052764892578
"08NG073",49.69417190551758,-116.0102767944336
"08NG074",49.54138946533203,-115.74221801757812
"08NG076",49.713661193847656,-115.896728515625
"08NG077",49.73727035522461,-116.43504333496094
"08NG078",49.18833160400391,-115.43639373779295
"08NG080",49.4486083984375,-115.68250274658205
"08NG082",49.05278015136719,-115.06305694580078
"08NG083",49.056671142578125,-115.04444122314452
"08NG085",49.69667053222656,-116.02999877929688
"08NG086",49.66056060791016,-116.07028198242188
"08NG087",49.68722152709961,-115.98944091796876
"08NG088",49.63056182861328,-115.96111297607422
"08NH001",50.285831451416016,-116.945556640625
"08NH003",50.28139114379883,-116.92278289794922
"08NH004",49.089168548583984,-116.45555877685548
"08NH005",49.90761947631836,-116.9534912109375
"08NH007",50.26287078857422,-116.96829223632812
"08NH009",49.07944107055664,-116.4250030517578
"08NH016",49.20262908935547,-116.5339126586914
"08NH018",49.62110900878906,-116.95777893066406
"08NH024",49.91416931152344,-116.9069366455078
"08NH026",49.2611083984375,-116.64778137207033
"08NH028",49.084999084472656,-116.57917022705078
"08NH034",49.258331298828125,-115.8499984741211
"08NH051",50.16389083862305,-116.90028381347656
"08NH053",49.630001068115234,-116.94471740722656
"08NH057",49.87166976928711,-116.91056060791016
"08NH064",49.6540412902832,-116.9303207397461
"08NH066",50.5099983215332,-117.27471923828124
"08NH067",49.29882049560547,-116.65956115722656
"08NH068",49.07917022705078,-116.647216796875
"08NH084",49.15911865234375,-116.4524917602539
"08NH085",49.13861083984375,-116.3927764892578
"08NH100",49.14305877685547,-116.65416717529295
"08NH101",49.69694137573242,-116.91777801513672
"08NH107",49.25860977172852,-116.64611053466795
"08NH109",49.769718170166016,-116.83139038085938
"08NH110",50.30416870117188,-116.93888854980467
"08NH111",49.29027938842773,-115.83332824707033
"08NH115",49.104270935058594,-116.43675231933594
"08NH117",49.33694076538086,-116.71111297607422
"08NH118",50.23286056518555,-116.95519256591795
"08NH119",50.63750076293945,-117.04802703857422
"08NH120",49.422149658203125,-115.94129180908205
"08NH124",50.26721954345703,-116.99749755859376
"08NH125",50.258888244628906,-116.9991683959961
"08NH126",50.25138854980469,-116.94750213623048
"08NH127",50.255409240722656,-116.94856262207033
"08NH128",50.25416946411133,-116.99749755859376
"08NH129",49.11722183227539,-116.57749938964844
"08NH130",50.08200073242188,-116.78485870361328
"08NH131",50.158329010009766,-116.57527923583984
"08NH132",49.87255096435547,-117.12197875976562
"08NH138",50.63360977172852,-117.5447235107422
"08NJ001",49.40555953979492,-117.5374984741211
"08NJ003",49.99166870117188,-117.35138702392578
"08NJ004",49.97777938842773,-117.23194122314452
"08NJ006",49.93333053588867,-117.28028106689452
"08NJ007",49.46110916137695,-117.4888916015625
"08NJ009",49.50917053222656,-117.2794418334961
"08NJ012",49.91167068481445,-117.35694122314452
"08NJ013",49.460079193115234,-117.5647964477539
"08NJ014",49.768890380859375,-117.47306060791016
"08NJ019",49.63639068603516,-117.0041732788086
"08NJ026",49.590309143066406,-117.24234771728516
"08NJ061",49.6225700378418,-117.05574035644533
"08NJ073",49.49639129638672,-117.34416961669922
"08NJ079",49.5966682434082,-117.17832946777344
"08NJ080",49.61666870117188,-117.00389099121094
"08NJ085",49.60778045654297,-117.14111328125
"08NJ086",49.61027908325195,-117.11222076416016
"08NJ088",49.60306167602539,-117.02610778808594
"08NJ089",49.49361038208008,-117.33416748046876
"08NJ090",49.49388885498047,-117.3375015258789
"08NJ098",49.45222091674805,-117.2638931274414
"08NJ112",49.43888854980469,-117.56111145019533
"08NJ113",49.46944046020508,-117.46721649169922
"08NJ114",49.46889114379883,-117.4680633544922
"08NJ128",49.3255615234375,-117.61943817138672
"08NJ129",49.50333023071289,-117.2602767944336
"08NJ130",49.501949310302734,-117.2612762451172
"08NJ137",49.77027893066406,-117.47083282470705
"08NJ158",49.466941833496094,-117.46499633789062
"08NJ160",49.69712066650391,-117.44596862792967
"08NJ162",49.4658317565918,-117.5177764892578
"08NJ168",49.51853942871094,-117.21163940429688
"08NK001",49.28055953979492,-115.0986099243164
"08NK002",49.50347137451172,-115.07012939453124
"08NK005",49.21500015258789,-115.11055755615234
"08NK012",49.311668395996094,-115.05110931396484
"08NK016",49.86561965942383,-114.86868286132812
"08NK018",49.89395904541016,-114.86666107177734
"08NK019",49.84333038330078,-114.86000061035156
"08NK020",49.730281829833984,-114.8566665649414
"08NK021",50.20138931274414,-114.88249969482422
"08NK022",49.8914909362793,-114.83335876464844
"08NK023",49.6986083984375,-114.82333374023438
"08NK025",50.20111083984375,-114.88249969482422
"08NK026",49.584171295166016,-114.95388793945312
"08NK027",50.38249969482422,-114.92194366455078
"08NK029",50.16889190673828,-114.86083221435548
"08NK030",49.28805923461914,-115.10360717773438
"08NL004",49.2076301574707,-119.99352264404295
"08NL006",49.22111129760742,-119.95777893066406
"08NL007",49.45970153808594,-120.50353240966795
"08NL008",49.508331298828125,-120.6916732788086
"08NL010",49.26443862915039,-119.8244400024414
"08NL023",49.54555892944336,-120.75332641601562
"08NL024",49.45771026611328,-120.51856994628906
"08NL025",49.43611145019531,-120.30693817138672
"08NL034",49.37971878051758,-120.19055938720705
"08NL035",49.40499877929688,-120.26277923583984
"08NL036",49.369171142578125,-120.56971740722656
"08NL037",49.5897216796875,-120.39250183105467
"08NL038",49.37696838378906,-120.15231323242188
"08NL039",49.66281127929688,-120.33553314208984
"08NL040",49.05443954467773,-119.63278198242188
"08NL041",49.42778015136719,-120.34667205810548
"08NL042",49.42832946777344,-120.34667205810548
"08NL045",49.2588996887207,-119.82579040527344
"08NL046",49.76667022705078,-120.5
"08NL050",49.36418914794922,-120.06874084472656
"08NL052",49.69110870361328,-120.28028106689452
"08NL057",49.68111038208008,-120.6050033569336
"08NL059",49.55083084106445,-120.75556182861328
"08NL060",49.76805877685547,-120.77082824707033
"08NL067",49.54056167602539,-120.8000030517578
"08NL069",49.09893035888672,-120.5793685913086
"08NL070",49.09410095214844,-120.67254638671876
"08NL071",49.46567916870117,-120.97891235351562
"08NL075",49.11611175537109,-120.83528137207033
"08NL076",49.13249969482422,-120.03781127929688
"08NM002",49.34204864501953,-119.58040618896484
"08NM003",49.92778015136719,-119.51055908203124
"08NM009",50.0494384765625,-119.4055633544922
"08NM010",49.84056091308594,-119.3324966430664
"08NM011",49.78361129760742,-119.18444061279295
"08NM015",49.2622184753418,-119.4741668701172
"08NM016",49.85221862792969,-119.33721923828124
"08NM020",50.30083084106445,-119.20832824707033
"08NM022",50.043060302734375,-119.24305725097656
"08NM035",49.79389190673828,-119.46083068847656
"08NM037",49.42745971679688,-119.75154876708984
"08NM041",49.82582092285156,-119.78701782226562
"08NM046",50.23083114624024,-119.45249938964844
"08NM048",50.11582946777344,-119.334716796875
"08NM050",49.49851989746094,-119.6153564453125
"08NM053",49.894718170166016,-119.41832733154295
"08NM059",49.8408317565918,-119.6513900756836
"08NM065",50.238468170166016,-119.2668914794922
"08NM066",50.10971832275391,-119.38249969482422
"08NM067",49.98471832275391,-119.39639282226562
"08NM071",49.50167083740234,-119.61083221435548
"08NM083",49.88613128662109,-119.4996566772461
"08NM084",49.42641830444336,-119.57508087158205
"08NM085",49.11462020874024,-119.566650390625
"08NM113",49.02861022949219,-119.46028137207033
"08NM116",49.8779296875,-119.41346740722656
"08NM117",49.918060302734375,-119.39193725585938
"08NM118",49.49639129638672,-119.58389282226562
"08NM119",50.44610977172852,-119.20443725585938
"08NM123",50.2783317565918,-119.2750015258789
"08NM124",50.24861145019531,-119.0749969482422
"08NM125",50.293060302734375,-119.2624969482422
"08NM129",49.86000061035156,-119.13082885742188
"08NM130",49.12028121948242,-119.59027862548828
"08NM133",49.62083053588867,-119.90277862548828
"08NM134",49.71234130859375,-120.01116943359376
"08NM135",49.47888946533203,-119.5944366455078
"08NM137",49.86806106567383,-119.274169921875
"08NM138",50.070831298828125,-119.66667175292967
"08NM139",50.07332992553711,-119.68778228759766
"08NM140",49.75360870361328,-119.7994384765625
"08NM142",50.25642013549805,-119.0801010131836
"08NM143",50.22972106933594,-119.27361297607422
"08NM145",50.005001068115234,-119.25167083740234
"08NM146",50.04875183105469,-119.33596801757812
"08NM149",49.337501525878906,-119.58332824707033
"08NM150",49.480281829833984,-119.5999984741211
"08NM151",50.13193893432617,-119.5133285522461
"08NM152",49.88888931274414,-119.49166870117188
"08NM153",50.34722137451172,-119.29332733154295
"08NM155",49.785831451416016,-119.71417236328124
"08NM156",49.81972122192383,-119.49221801757812
"08NM157",49.81499862670898,-119.62777709960938
"08NM158",49.56888961791992,-119.62832641601562
"08NM159",49.74250030517578,-119.76444244384766
"08NM160",50.255279541015625,-119.30555725097656
"08NM161",50.288330078125,-119.41194152832033
"08NM162",50.005001068115234,-119.38583374023438
"08NM164",49.12139129638672,-119.59806060791016
"08NM165",49.994171142578125,-119.61444091796876
"08NM166",49.95832824707031,-119.55667114257812
"08NM167",49.91056060791016,-119.55500030517578
"08NM168",49.61528015136719,-119.42305755615234
"08NM169",49.625,-119.42333221435548
"08NM170",49.51832962036133,-119.52166748046876
"08NM171",49.2492790222168,-119.3213882446289
"08NM172",49.886940002441406,-119.0616683959961
"08NM173",49.794578552246094,-119.8520278930664
"08NM174",50.21221923828125,-119.53861236572266
"08NM175",50.015281677246094,-119.3244400024414
"08NM176",50.36611175537109,-119.50360870361328
"08NM177",50.46221923828125,-119.17749786376952
"08NM178",49.18111038208008,-119.54750061035156
"08NM179",50.22639083862305,-119.25556182861328
"08NM180",50.23110961914063,-119.45194244384766
"08NM181",50.04999923706055,-119.40833282470705
"08NM182",50.01583099365234,-119.40167236328124
"08NM183",50.1119384765625,-119.37972259521484
"08NM198",49.82416915893555,-119.61666870117188
"08NM200",49.07783889770508,-119.50205993652344
"08NM225",49.87028121948242,-119.149169921875
"08NM226",49.81832885742188,-119.36360931396484
"08NM229",49.9858283996582,-118.8708267211914
"08NM232",49.99980926513672,-119.07269287109376
"08NM233",49.88777923583984,-119.0625
"08NM235",50.07500076293945,-119.3794403076172
"08NM237",49.71332931518555,-120.05332946777344
"08NM240",49.6508903503418,-119.40003204345705
"08NM241",49.65003967285156,-119.39385223388672
"08NM242",49.624141693115234,-119.38117218017578
"08NM243",49.27318954467773,-119.5255126953125
"08NM246",49.24533081054688,-119.52481079101562
"08NM247",49.25683975219727,-119.5280303955078
"08NN001",49.078609466552734,-118.6866683959961
"08NN002",49.043270111083984,-118.4404296875
"08NN003",49.1698112487793,-118.97505950927734
"08NN004",49.05693817138672,-118.9416732788086
"08NN005",49,-118.4958267211914
"08NN006",49.02360916137695,-118.20832824707033
"08NN014",49.04193878173828,-118.20693969726562
"08NN015",49.702919006347656,-119.09246826171876
"08NN019",49.56536865234375,-119.05196380615234
"08NN020",49.66667175292969,-118.90972137451172
"08NN021",49.05110931396485,-118.27333068847656
"08NN022",49.484169006347656,-119.10832977294922
"08NN023",49.589141845703125,-118.31175231933594
"08NN026",49.23004913330078,-118.9281234741211
"08NN028",49.365821838378906,-118.84931182861328
"08NP002",49.032501220703125,-114.58332824707033
"08NP003",49.09471893310547,-114.53582763671876
"08NP004",49.09439849853516,-114.55387115478516
"08NP005",49.04027938842773,-114.53472137451172
"08OA002",53.6138916015625,-132.209716796875
"08OA003",53.25860977172852,-132.07504272460938
"08OA005",53.24399185180664,-132.14785766601562
"08OB002",53.05730056762695,-132.05136108398438
"08PA001",49.04721832275391,-121.09583282470705
"08PA002",49.22055816650391,-121.09249877929688
"08PA003",49.272499084472656,-121.22833251953124
"08PA004",49.00025939941406,-121.06661987304688
"09AA001",59.57252883911133,-133.70547485351562
"09AA003",59.83332824707031,-135.01278686523438
"09AA006",59.595359802246094,-133.81442260742188
"09AA008",59.56111145019531,-133.66555786132812
"09AA013",59.94778060913086,-134.33250427246094
"09AA018",59.83460998535156,-134.6856689453125
"09AE003",59.93082809448242,-131.76861572265625
"10AC001",58.459720611572266,-130.0366668701172
"10AC002",59.18888854980469,-129.21221923828125
"10AC003",58.81388854980469,-130.0833282470703
"10AC004",59.758331298828125,-129.12777709960938
"10AC005",59.11750030517578,-129.82554626464844
"10AC006",59.85832977294922,-128.5972137451172
"10AD001",59.950828552246094,-128.1508331298828
"10BA001",59.0644416809082,-127.84471893310548
"10BB001",59.61528015136719,-127.3102798461914
"10BB002",59.098331451416016,-127.5338897705078
"10BC001",59.69139099121094,-126.9505615234375
"10BE001",59.41249847412109,-126.09722137451172
"10BE004",58.8549690246582,-125.38260650634766
"10BE005",59.74250030517578,-124.47638702392578
"10BE006",59.70111083984375,-127.22750091552734
"10BE007",59.33597183227539,-125.94024658203124
"10BE008",59.598331451416016,-126.66667175292967
"10BE009",59.45417022705078,-126.22750091552734
"10BE010",59.18777847290039,-124.7013931274414
"10BE011",59.37472152709961,-125.06861114501952
"10BE012",59.60943984985352,-127.09610748291016
"10BE013",59.55332946777344,-126.48056030273438
"10CA001",58.27119064331055,-121.46392059326172
"10CB001",57.23822021484375,-122.69146728515624
"10CC001",58.82221984863281,-122.54167175292967
"10CC002",58.67082977294922,-122.6374969482422
"10CD001",58.7881088256836,-122.66163635253906
"10CD002",58.24250030517578,-122.8013916015625
"10CD003",58.892391204833984,-123.3188934326172
"10CD004",58.030250549316406,-122.7201690673828
"10CD005",58.10599899291992,-122.71558380126952
"10CD006",58.48389053344727,-122.82971954345705
"10DA001",59.9888916015625,-122.95639038085938
