STATION_NUMBER,YEAR,MEAN,MIN,MAX,MIN_MONTH,MAX_MONTH,LATITUDE,LONGITUDE,DRAINAGE_AREA_GROSS,YEARS_OF_DATA
07EA001,1983,190.45,26.10000038146973,1100.0,3.0,6.0,57.42082977294922,-125.62638854980469,11100.0,20
07EA002,1998,50.83939384691643,6.079999923706055,267.0,2.0,5.0,57.45000076293945,-125.6374969482422,2410.0,33
07EA004,2019,57.60238129752023,8.670000076293945,267.0,1.0,5.0,56.73060989379883,-125.1050033569336,4140.0,42
07EA005,2018,256.725,24.899999618530284,1080.0,1.0,6.0,57.126220703125,-125.24992370605469,15600.0,40
07EA007,2019,30.124999947018093,3.7899999618530273,145.0,3.0,5.0,57.19110870361328,-124.90110778808594,1690.0,36
07EB001,1962,680.0,101.0,3620.0,3.0,6.0,56.03194046020508,-123.9055633544922,43300.0,3
07EB002,2019,39.53243250460238,4.78000020980835,255.0,1.0,5.0,56.52410888671875,-123.93602752685548,2190.0,37
07EC001,1969,90.22500038146973,10.800000190734863,631.0,2.0,5.0,55.78889083862305,-124.68055725097656,5080.0,8
07EC002,2019,88.92727305672385,15.5,370.0,3.0,5.0,55.9168586730957,-124.5675811767578,5560.0,44
07EC003,2019,44.06279049363247,7.920000076293945,298.0,3.0,5.0,56.24499893188477,-124.64466857910156,3060.0,43
07EC004,2018,35.29736855155543,6.6599998474121085,262.0,3.0,5.0,56.1269416809082,-124.80191802978516,1950.0,38
07ED001,1995,56.949999945504324,12.5,317.0,3.0,5.0,55.20000076293945,-124.23332977294922,4350.0,28
07ED003,2018,83.83684268750642,15.300000190734865,426.0,9.0,6.0,55.42721939086914,-123.63336181640624,6790.0,38
07EE002,1967,390.42857142857144,62.29999923706055,2430.0,3.0,6.0,55.8477783203125,-123.7619400024414,20300.0,7
07EE003,1963,135.0,32.59999847412109,697.0,11.0,5.0,54.85832977294922,-122.6152801513672,4010.0,1
07EE004,1966,1.6499999761581419,0.0989999994635582,15.300000190734865,3.0,5.0,55.31943893432617,-123.09722137451172,72.30000305175781,1
07EE005,1966,0.35899999737739563,0.05700000002980232,2.859999895095825,8.0,6.0,55.36111068725586,-123.09722137451172,23.29999923706055,1
07EE007,2018,147.69,33.400001525878906,681.0,1.0,5.0,55.08193969726562,-122.9130630493164,4930.0,50
07EE009,2018,5.079512194889348,0.3540000021457672,40.0,8.0,3.0,54.52972030639648,-122.61222076416016,310.0,41
07EE010,2018,43.91842089201275,6.269999980926514,315.0,9.0,5.0,54.99850082397461,-123.03656005859376,3710.0,38
07EF004,2018,13.145263119747764,1.4900000095367432,189.0,1.0,6.0,55.94610977172852,-122.6588897705078,741.0,19
07FA001,1983,75.82105235049599,8.800000190734863,553.0,3.0,7.0,56.22777938842773,-121.48056030273438,9400.0,19
07FA003,2019,35.09047626313709,4.059999942779541,71.0999984741211,3.0,5.0,56.50894165039063,-122.24321746826172,3780.0,21
07FA005,2019,23.7305555873447,4.449999809265137,113.0,3.0,7.0,56.459861755371094,-122.35453033447266,2140.0,36
07FA006,2018,70.91142861502512,8.310000419616701,165.0,12.0,5.0,56.25075149536133,-121.62853240966795,9340.0,35
07FA007,2000,4.216666618982951,0.2899999916553497,57.599998474121094,2.0,6.0,56.82332992553711,-122.62471771240234,,3
07FB001,2017,189.73584905660377,27.79999923706055,2790.0,3.0,6.0,55.71844100952149,-121.21156311035156,12100.0,53
07FB002,2018,84.12999973297119,15.0,731.0,3.0,7.0,55.55247116088867,-121.20349884033205,5550.0,40
07FB003,2015,54.87105269181101,7.3499999046325675,349.0,12.0,5.0,55.54217147827149,-121.6275634765625,2590.0,38
07FB004,2019,0.6356499947607517,0.059000000357627876,26.79999923706055,12.0,7.0,55.53778076171875,-121.59680938720705,82.4000015258789,40
07FB005,2000,0.19640909033742818,0.0,3.0299999713897705,2.0,9.0,55.14582824707031,-120.92333221435548,29.5,22
07FB006,2018,57.712820493257965,8.670000076293945,412.0,3.0,5.0,55.06135940551758,-121.01377868652344,2370.0,39
07FB007,1985,24.024999856948853,2.4000000953674316,185.0,2.0,5.0,55.18777847290039,-121.7611083984375,927.0,8
07FB008,2019,11.829999858140946,1.4099999666213991,101.0,4.0,5.0,56.09249877929688,-121.36678314208984,1520.0,40
07FB009,2018,4.1935294305576996,0.44999998807907104,112.0,3.0,7.0,55.09017181396485,-120.94183349609376,486.0,34
07FC001,2019,52.35094358336251,0.4059999883174896,568.0,3.0,6.0,56.27843856811523,-120.69985961914062,15600.0,53
07FC002,1973,0.7195000015199184,0.001000000047497451,8.720000267028809,8.0,4.0,56.424171447753906,-120.9250030517578,201.0,8
07FC003,2019,5.306415103516489,0.13199999928474426,271.0,3.0,6.0,56.67763900756836,-121.22232818603516,1770.0,53
07FC006,1980,0.1589999943971634,0.0,4.0,1.0,6.0,56.600830078125,-120.37972259521484,120.0,1
07FD001,2019,10.750363618677312,2.009999990463257,65.09999847412111,2.0,4.0,55.95735931396485,-120.56436157226562,3630.0,55
07FD004,2015,0.5922580649775844,0.002000000094994902,17.700000762939453,8.0,4.0,56.33422088623047,-120.15514373779295,295.0,31
07FD007,2015,6.856657872074528,0.020999999716877937,36.900001525878906,8.0,6.0,55.86518859863281,-120.0304183959961,2860.0,38
07GC001,1981,38.0,6.300000190734862,258.0,12.0,5.0,54.6986083984375,-120.0583267211914,2400.0,4
08BB001,1987,264.95,21.5,1180.0,3.0,7.0,58.63888931274414,-133.540283203125,15500.0,20
08BB002,1979,9.732000160217286,0.4160000085830689,52.4000015258789,4.0,7.0,59.10556030273438,-133.66111755371094,427.0,15
08CA001,1994,60.20714269365583,5.0,258.0,2.0,5.0,57.67028045654297,-128.10333251953122,3400.0,14
08CA002,1994,131.64285714285714,14.5,615.0,2.0,7.0,57.73305892944336,-128.10833740234378,7690.0,14
08CA003,1994,45.91428565979004,5.150000095367432,277.0,2.0,7.0,57.98194122314453,-128.429443359375,2730.0,14
08CB001,1994,300.7,42.5,1350.0,2.0,7.0,58.04389190673828,-129.94583129882812,18800.0,30
08CB002,1965,13.699999809265135,2.2699999809265137,108.0,3.0,6.0,58.29360961914063,-130.51222229003906,1600.0,1
08CC001,1995,72.31290288125315,10.0,300.0,3.0,5.0,57.9000015258789,-129.70388793945312,3550.0,31
08CC002,1995,1.4922222296396892,0.028999999165534977,8.079999923706055,3.0,5.0,57.21722030639648,-129.10777282714844,29.20000076293945,9
08CC003,1995,0.6177499927580357,0.0130000002682209,3.9000000953674316,4.0,5.0,57.25,-129.05332946777344,16.600000381469727,8
08CD001,2019,36.420754702586045,5.929999828338622,232.0,4.0,5.0,58.07225036621094,-130.82644653320312,3550.0,53
08CE001,2017,406.6923076923077,47.9000015258789,1560.0,3.0,6.0,57.9002685546875,-131.15971374511722,29000.0,52
08CE004,1994,140.2,12.300000190734865,1490.0,2.0,9.0,57.69583129882813,-131.71110534667972,,5
08CF001,1994,656.304347826087,88.0,3100.0,2.0,9.0,57.48611068725586,-131.75,36000.0,23
08CG001,2019,454.6909090909091,48.9000015258789,1390.0,3.0,6.0,56.73443984985352,-131.66899108886722,9500.0,55
08CG003,1995,17.20689655172414,3.75,34.5,3.0,6.0,57.53055953979492,-130.17916870117188,1250.0,29
08CG004,1994,287.2307692307692,32.09999847412109,4820.0,2.0,9.0,56.6986083984375,-130.87306213378906,7230.0,26
08CG005,1994,49.49473672164114,3.7999999523162837,670.0,2.0,9.0,57.04082870483398,-130.40138244628906,844.0,19
08CG006,1993,28.380000114440918,1.1200000047683716,131.0,3.0,10.0,56.91556167602539,-130.7208251953125,311.0,20
08DA005,2019,15.447058752471326,0.8899999856948853,54.9000015258789,3.0,6.0,56.10934066772461,-129.47740173339844,218.0,51
08DA006,1972,6.066000080108642,0.2440000027418137,30.0,3.0,8.0,56.25556182861328,-130.06527709960938,,5
08DA007,1970,0.0,0.0,0.0,1.0,1.0,56.23833084106445,-130.07333374023438,120.0,2
08DA009,1995,4.376666731304592,0.4149999916553497,22.70000076293945,3.0,6.0,56.96805953979492,-129.46583557128906,118.0,9
08DA010,1995,290.1666666666667,22.899999618530284,954.0,3.0,9.0,56.27917098999024,-129.14443969726562,5160.0,6
08DA011,1998,0.29600000381469727,0.017000000923871994,2.7300000190734863,1.0,5.0,56.29444122314453,-129.24166870117188,,2
08DA012,1998,0.1875,0.001000000047497451,1.5299999713897705,1.0,5.0,56.292518615722656,-129.22950744628906,8.640000343322754,2
08DB001,2019,773.7424242424242,76.0,3070.0,1.0,5.0,55.26224899291992,-129.08503723144528,18400.0,66
08DB002,1930,7.199999809265138,0.2689999938011169,43.599998474121094,1.0,9.0,54.662498474121094,-130.26249694824222,60.29999923706055,1
08DB010,1995,1.8086666504542033,0.2189999967813492,12.0,9.0,9.0,55.45500183105469,-129.47999572753906,39.400001525878906,15
08DB011,1995,22.664285796029226,2.049999952316284,104.0,12.0,9.0,55.56111145019531,-129.50306701660156,242.0,14
08DB012,1995,0.2247499953955412,0.019999999552965164,1.0700000524520874,2.0,5.0,55.41889190673828,-129.41583251953122,4.679999828338623,8
08DB013,2018,0.9784761922700065,0.04399999976158142,4.699999809265137,3.0,5.0,55.129859924316406,-129.35493469238278,26.0,21
08DB014,2016,0.5789999976754189,0.054999999701976776,3.5,12.0,9.0,55.01816940307617,-129.34446716308594,18.0,20
08DC006,1998,25.167741898567446,2.3499999046325684,141.0,12.0,8.0,56.04278182983398,-129.92500305175778,350.0,31
08DD001,1995,104.59655156628838,10.399999618530273,480.0,3.0,9.0,56.35139083862305,-130.69166564941406,1480.0,29
08EB003,1985,589.24,62.5,3250.0,12.0,6.0,55.30105972290039,-127.6725616455078,26000.0,25
08EB004,2019,44.33018871523299,5.389999866485597,223.0,9.0,5.0,55.4338493347168,-127.7161636352539,1880.0,53
08EB005,2019,352.97222222222223,29.10000038146973,1800.0,2.0,5.0,55.717079162597656,-127.6867218017578,12400.0,36
08EC001,1985,46.32820549989358,16.0,84.30000305175781,2.0,6.0,55.32252883911133,-126.62982940673828,6350.0,39
08EC005,1961,14.699999809265135,1.4199999570846558,113.0,3.0,5.0,54.80693817138672,-126.3000030517578,1340.0,1
08EC013,2018,50.69782605378524,19.0,224.0,12.0,5.0,55.42654037475586,-126.6976318359375,6760.0,46
08ED001,2019,28.774467914662463,3.4100000858306885,148.0,3.0,5.0,53.93032836914063,-127.45169067382812,732.0,47
08ED002,2019,75.19482757305276,11.399999618530273,308.0,3.0,5.0,54.11682891845703,-127.42658233642578,1900.0,58
08ED003,1971,113.0,10.300000190734863,552.0,1.0,6.0,54.38222122192383,-126.73999786376952,4270.0,1
08EE001,1931,164.33333333333334,15.600000381469727,787.0,12.0,6.0,55.2588882446289,-127.602783203125,12300.0,3
08EE003,2019,17.260000038146973,1.2200000286102295,104.0,9.0,5.0,54.39937973022461,-126.71941375732422,2370.0,10
08EE004,2018,135.03521126760563,21.0,809.0,3.0,5.0,54.61861038208008,-126.89997100830078,7340.0,71
08EE005,2019,167.58333333333334,22.79999923706055,541.0,2.0,5.0,54.76971817016602,-127.13333129882812,8940.0,12
08EE006,1948,1.2699999809265137,0.06800000369548798,10.899999618530273,2.0,5.0,55.01028060913086,-127.33277893066406,79.0,1
08EE008,2019,1.7535185195781566,0.1449999958276749,12.199999809265135,3.0,7.0,54.64860916137695,-127.12332916259766,125.0,54
08EE009,1974,1.3195555475023057,0.012000000104308128,11.199999809265137,1.0,5.0,54.51639175415039,-126.33444213867188,173.0,9
08EE010,1977,0.2156666691104571,0.0,1.1200000047683716,8.0,9.0,54.8125,-127.2013931274414,24.60000038146973,6
08EE012,2019,0.26393023063970167,0.004000000189989804,3.130000114440918,2.0,6.0,54.80994033813477,-127.20416259765624,13.199999809265135,43
08EE013,2019,4.492666647169326,0.23100000619888306,65.09999847412111,9.0,5.0,54.396080017089844,-126.65023803710938,565.0,45
08EE018,1979,2.591999959945679,0.02800000086426735,29.70000076293945,8.0,5.0,54.35694122314453,-126.16999816894531,368.0,5
08EE019,1976,2.8399999141693115,0.289000004529953,31.10000038146973,3.0,5.0,54.31943893432617,-126.11638641357422,246.0,1
08EE020,2018,14.295348877130552,1.4800000190734863,86.69999694824219,3.0,5.0,54.60694122314453,-127.49694061279295,367.0,43
08EE025,2019,0.12310810830142047,0.054999999701976776,0.5669999718666077,3.0,4.0,55.29610824584961,-127.6207504272461,21.200000762939453,37
08EE028,1995,0.2790000021457672,0.029999999329447743,1.3400000333786009,3.0,6.0,55.23028182983398,-127.56749725341795,10.800000190734863,10
08EF001,2019,907.6623376623377,97.9000015258789,4640.0,3.0,5.0,54.63193893432617,-128.43055725097656,42300.0,77
08EF003,1963,138.0,23.79999923706055,770.0,11.0,7.0,54.536109924316406,-128.45416259765622,3080.0,9
08EF004,1971,15.300000054495674,1.7599999904632568,75.30000305175781,2.0,6.0,55.09027862548828,-127.81111145019531,728.0,7
08EF005,2018,105.23584920055461,8.890000343322754,1670.0,1.0,10.0,54.493629455566406,-128.32466125488278,2850.0,53
08EG001,1931,6.103333473205566,0.5379999876022339,32.59999847412109,8.0,10.0,54.026939392089844,-129.84138488769528,56.20000076293945,3
08EG006,1949,123.25,14.800000190734865,351.0,3.0,6.0,54.58193969726562,-128.6602783203125,2180.0,4
08EG011,1994,23.72187513113022,3.6500000953674316,135.0,2.0,9.0,54.51860809326172,-128.727783203125,376.0,32
08EG012,2018,42.97777765768546,2.869999885559082,170.0,2.0,11.0,54.36219024658203,-129.31283569335938,370.0,54
08EG017,2008,0.5703529435045579,0.11599999666213988,5.0,2.0,10.0,54.5886116027832,-128.57083129882812,12.5,17
08EG018,1998,0.27650000154972076,0.03400000184774399,2.190000057220459,12.0,10.0,54.99250030517578,-128.80671691894528,7.1599998474121085,2
08EG019,2019,108.0,,,,,54.6792984008789,-128.74395751953122,2070.0,1
08FA001,1931,13.524999976158142,1.6399999856948853,51.29999923706055,8.0,10.0,51.56917190551758,-127.51000213623048,130.0,8
08FA002,2018,324.01724137931035,58.70000076293945,1020.0,3.0,11.0,51.67916870117188,-127.17916870117188,3900.0,58
08FA004,1951,0.367333322763443,0.003000000026077032,4.25,7.0,5.0,51.51250076293945,-127.5133285522461,4.920000076293945,3
08FA008,1971,8.84499979019165,1.0499999523162842,75.9000015258789,12.0,10.0,51.85417175292969,-126.6500015258789,,2
08FB001,1929,139.0,28.0,430.0,2.0,10.0,52.37749862670898,-126.75499725341795,5130.0,1
08FB002,1967,119.19999991522894,21.39999961853028,510.0,3.0,6.0,52.44221878051758,-126.33222198486328,4040.0,18
08FB003,1949,2.2300000190734863,0.33399999141693115,25.899999618530284,1.0,11.0,52.3650016784668,-126.75666809082031,28.399999618530284,3
08FB004,2018,8.824888865152994,1.5800000429153442,28.20000076293945,10.0,11.0,52.424560546875,-126.52108001708984,159.0,45
08FB005,1995,16.26086952375329,2.4100000858306885,47.29999923706055,1.0,5.0,52.38943862915039,-126.46028137207031,269.0,23
08FB006,2019,27.95555542839898,9.31999969482422,174.0,10.0,5.0,52.36008071899414,-126.005859375,2550.0,45
08FB007,2009,90.04102540627504,13.899999618530273,429.0,2.0,10.0,52.422218322753906,-126.1580581665039,3720.0,39
08FB008,1931,135.0,28.10000038146973,504.0,12.0,6.0,52.39167022705078,-126.5500030517578,,1
08FB009,1995,6.283750027418137,1.5,24.10000038146973,1.0,11.0,52.36444091796875,-126.8080596923828,92.5,16
08FC001,1931,140.0,16.700000762939453,430.0,12.0,1.0,52.81888961791992,-126.94416809082031,7850.0,6
08FC002,1951,57.36666615804037,5.300000190734863,583.0,3.0,10.0,52.49721908569336,-127.28333282470705,383.0,3
08FC003,2016,17.0611364624717,4.230000019073486,80.80000305175781,1.0,4.0,52.88946914672852,-125.77117156982422,3720.0,44
08FC005,2006,0.9623333281940885,0.03099999949336052,5.28000020980835,8.0,4.0,52.46001815795898,-125.2635726928711,1060.0,9
08FD002,1951,0.9370000064373016,0.07599999755620956,4.110000133514403,7.0,5.0,52.12833023071289,-127.83332824707031,,2
08FE003,2017,46.35000004975692,3.2300000190734863,1030.0,1.0,10.0,53.56354904174805,-127.95236206054688,556.0,46
08FF001,2019,130.10754725618182,12.600000381469727,539.0,3.0,11.0,54.04872131347656,-128.69050598144528,1990.0,53
08FF002,2019,21.513207561564894,3.119999885559082,233.0,12.0,10.0,54.064048767089844,-128.60261535644528,353.0,53
08FF003,2018,17.348000087738036,1.3400000333786009,110.0,3.0,5.0,54.136390686035156,-128.69000244140622,180.0,50
08FF004,1998,0.24400000274181366,0.004999999888241291,2.059999942779541,3.0,10.0,54.234718322753906,-128.26138305664062,,2
08FF005,1998,0.5259999930858612,0.05400000140070915,4.199999809265137,3.0,10.0,54.21556091308594,-128.22193908691406,12.699999809265135,2
08FF006,2019,0.3928636353124272,0.0070000002160668364,3.140000104904175,8.0,11.0,53.94890975952149,-128.73751831054688,3.190000057220459,22
08GA001,1920,3.867142847606114,0.5099999904632568,34.5,1.0,9.0,49.52777862548828,-122.83332824707031,19.89999961853028,7
08GA002,1913,1.6499999761581419,0.17000000178813934,11.600000381469727,8.0,10.0,49.52666854858398,-122.89666748046876,,1
08GA003,1913,3.5399999618530287,0.5659999847412109,19.89999961853028,2.0,11.0,49.51082992553711,-122.88082885742188,,1
08GA005,1920,11.68625009059906,1.9299999475479128,60.0,3.0,9.0,49.55332946777344,-122.9333267211914,,8
08GA006,1920,0.2674285684313093,0.004000000189989804,1.5299999713897705,8.0,9.0,49.54167175292969,-122.85250091552734,2.359999895095825,7
08GA007,1919,0.6614999870459238,0.023000000044703484,5.489999771118164,9.0,11.0,49.54999923706055,-122.86750030517578,6.21999979019165,6
08GA008,1920,0.40599999725818636,0.003000000026077032,2.1800000667572017,8.0,9.0,49.55500030517578,-122.86666870117188,3.369999885559082,5
08GA009,1919,3.1139999866485595,0.6800000071525574,24.899999618530284,10.0,11.0,49.54167175292969,-122.83332824707031,16.799999237060547,5
08GA011,1919,0.5563333531220754,0.04800000041723251,4.960000038146973,1.0,11.0,49.52777862548828,-122.83332824707031,,3
08GA015,1920,1.5774999856948853,0.014000000432133676,8.409999847412111,8.0,9.0,49.53332901000977,-122.9000015258789,12.199999809265135,4
08GA021,1926,11.276000022888184,1.0399999618530271,76.69999694824219,7.0,12.0,49.44028091430664,-122.96527862548828,148.0,5
08GA023,1933,4.927777820163303,4.449999809265137,10.300000190734863,5.0,9.0,49.96500015258789,-123.13194274902344,74.0999984741211,9
08GA024,1947,19.67391304347826,2.3199999332427983,76.19999694824219,1.0,7.0,50.08332824707031,-123.04833221435548,287.0,23
08GA026,2003,9.929999947547913,0.3709999918937683,143.0,9.0,10.0,49.45389175415039,-123.10916900634766,69.90000152587889,8
08GA027,2003,5.453333377838135,0.3199999928474426,66.30000305175781,8.0,10.0,49.450279235839844,-123.10333251953124,41.400001525878906,3
08GA038,1956,1.4300000071525574,0.08500000089406967,15.199999809265135,9.0,11.0,49.95972061157226,-123.16806030273438,24.899999618530284,2
08GA041,1956,86.5,6.5999999046325675,646.0,2.0,9.0,50.223609924316406,-123.5777816772461,1100.0,1
08GA049,1968,0.6679999828338623,0.15000000596046448,11.800000190734865,8.0,1.0,49.34416961669922,-123.086669921875,5.179999828338623,1
08GA052,1975,0.4081000030040741,0.0070000002160668364,6.119999885559082,8.0,12.0,49.28472137451172,-122.83055877685548,6.989999771118164,10
08GA054,1986,25.518749952316284,6.53000020980835,100.0,10.0,3.0,49.72888946533203,-123.10556030273438,334.0,16
08GA057,1979,2.596666614214579,0.5889999866485596,17.799999237060547,2.0,12.0,49.74055862426758,-123.1050033569336,38.900001525878906,6
08GA060,1987,4.36625000834465,0.1589999943971634,47.29999923706055,10.0,3.0,49.48221969604492,-123.71083068847656,64.5,16
08GA061,2017,0.23402380872340428,0.016000000759959217,2.5199999809265137,9.0,3.0,49.35615921020508,-123.09986114501952,3.630000114440918,42
08GA062,2004,0.27700000007947284,0.027000000700354576,5.309999942779541,10.0,12.0,49.524169921875,-123.0119400024414,2.8499999046325684,3
08GA063,1976,0.03466666676104069,0.0,0.2240000069141388,7.0,2.0,49.314720153808594,-123.00110626220705,,3
08GA064,1988,3.628888898425632,0.3700000047683716,44.0,1.0,11.0,49.70111083984375,-123.09832763671876,40.400001525878906,9
08GA065,1995,0.2471538484096527,0.004000000189989804,4.099999904632568,6.0,11.0,49.30278015136719,-122.8227767944336,2.5899999141693115,13
08GA071,2018,105.09999971132021,11.100000381469727,823.0,2.0,11.0,50.11402893066406,-123.42839813232422,1200.0,37
08GA072,2018,19.577777730094063,3.990000009536743,82.19999694824219,3.0,11.0,50.07991027832031,-123.0356216430664,297.0,36
08GA075,2018,24.16086943253227,3.920000076293945,140.0,1.0,11.0,49.72594833374024,-123.1020965576172,284.0,23
08GA077,2019,6.570384594110342,0.296999990940094,53.099998474121094,8.0,11.0,49.520301818847656,-123.00404357910156,63.0,26
08GA079,2019,8.897826111834982,0.4790000021457672,71.5,8.0,11.0,49.4971694946289,-122.9691162109375,82.9000015258789,23
08GB005,1950,2.0699999332427983,0.02800000086426735,11.399999618530273,9.0,11.0,49.89833068847656,-124.60166931152344,,1
08GB009,1970,1.1642000198364257,0.0820000022649765,8.579999923706055,8.0,10.0,49.73749923706055,-123.88082885742188,22.5,5
08GB010,1981,0.5363333374261856,0.004000000189989804,6.039999961853027,8.0,10.0,49.53194046020508,-123.92916870117188,,6
08GB013,2019,15.500000036679781,1.8799999952316284,160.0,1.0,11.0,49.78718948364258,-123.42041778564452,147.0,26
08GB014,2019,5.9966667493184405,0.6069999933242798,26.899999618530284,9.0,12.0,49.8780288696289,-124.27835845947266,135.0,12
08GC003,1930,26.774999618530277,1.7000000476837158,137.0,1.0,9.0,50.5099983215332,-124.42166900634766,233.0,4
08GC008,2019,4.693125024437904,0.17399999499320984,30.29999923706055,9.0,11.0,50.09749984741211,-124.6161117553711,,16
08GD003,1931,7.550000190734862,1.1299999952316284,18.299999237060547,4.0,6.0,51.44499969482422,-124.4491729736328,648.0,1
08GD004,2019,270.45098039215685,50.5,945.0,3.0,6.0,50.98635864257813,-124.91864013671876,5680.0,51
08GD005,1994,41.655555725097656,6.800000190734862,168.0,2.0,7.0,51.37443923950195,-124.7619400024414,1960.0,9
08GD006,1994,130.88888888888889,18.600000381469727,543.0,2.0,7.0,51.26610946655274,-124.8869400024414,4070.0,9
08GD007,1994,48.92307692307692,6.75,210.0,2.0,7.0,51.40861129760742,-124.93167114257812,1550.0,13
08GD008,2018,1.7377142872129168,0.2980000078678131,9.920000076293944,4.0,5.0,51.67322158813477,-124.40721893310548,486.0,35
08GD009,1994,24.828571592058456,4.699999809265137,90.4000015258789,2.0,7.0,51.42110824584961,-124.50694274902344,1550.0,7
08GE001,1983,8.325000166893005,0.10199999809265137,19.89999961853028,12.0,6.0,51.14110946655274,-125.6119384765625,5720.0,4
08GE002,2019,300.9756097560976,38.5,996.0,3.0,6.0,51.14477920532226,-125.5943603515625,5780.0,41
08GE003,2015,2.878666639328003,0.34599998593330383,13.699999809265135,11.0,10.0,51.22761154174805,-125.67146301269531,23.0,15
08GF001,1928,31.299999872843426,6.119999885559082,151.0,1.0,1.0,50.73500061035156,-125.47833251953124,326.0,3
08GF004,1972,6.1500000953674325,0.7649999856948853,43.599998474121094,9.0,3.0,50.64582824707031,-125.7249984741211,,1
08GF005,2009,2.153636347163807,0.1040000021457672,24.5,9.0,11.0,51.06830978393555,-126.35843658447266,54.29999923706055,11
08GF006,2011,3.700769222699679,0.125,18.700000762939453,11.0,11.0,50.79689025878906,-126.0096435546875,36.900001525878906,13
08GF007,2018,79.13333299424913,12.399999618530273,335.0,3.0,11.0,51.10277938842773,-126.4749984741211,698.0,9
08GF008,2009,136.0,11.199999809265137,918.0,2.0,10.0,51.01499938964844,-126.12167358398438,1040.0,3
08HA001,2019,18.652307730454666,0.11400000005960464,356.0,9.0,1.0,48.87836074829102,-123.70464324951172,355.0,65
08HA003,2019,9.72721311694286,0.1169999986886978,199.0,8.0,1.0,48.72782897949219,-123.67080688476562,209.0,61
08HA010,2018,48.847058501898076,0.8360000252723694,797.0,9.0,1.0,48.57622909545898,-124.3113784790039,578.0,51
08HA016,2018,0.46968000143766403,0.008000000379979609,8.479999542236326,9.0,1.0,48.78921890258789,-123.72547149658205,15.5,50
08HA017,1965,5.444999933242798,0.05700000002980232,78.4000015258789,9.0,2.0,48.49721908569336,-123.727783203125,104.0,2
08HA026,1998,0.12614999916404485,0.0,1.350000023841858,7.0,1.0,48.8116683959961,-123.45443725585938,12.399999618530273,20
08HA034,1981,0.30733333528041845,0.002000000094994902,4.559999942779541,8.0,2.0,48.46305847167969,-123.43860626220705,13.5,3
08HA064,1998,0.11400000005960464,0.0,2.759999990463257,6.0,12.0,48.40361022949219,-123.5486068725586,3.9700000286102295,3
08HA066,1999,0.01033333378533522,0.004000000189989804,0.1080000028014183,7.0,1.0,48.64221954345703,-123.55777740478516,,3
08HA067,1999,0.05999999865889549,0.014000000432133676,0.7250000238418579,7.0,1.0,48.64416885375977,-123.56944274902344,3.490000009536743,3
08HA068,2019,0.20265217481747919,0.002000000094994902,2.5699999332427983,8.0,1.0,48.57835006713867,-124.10572052001952,2.880000114440918,23
08HA069,2018,1.6190000116825103,0.016000000759959217,28.29999923706055,9.0,11.0,48.63674926757813,-124.29171752929688,8.119999885559082,20
08HA070,2018,2.94099999666214,0.04199999943375588,31.29999923706055,9.0,11.0,48.71937942504883,-124.2260513305664,28.0,20
08HA072,2018,0.6992999956011772,0.0130000002682209,6.6599998474121085,9.0,1.0,48.93352127075195,-124.249267578125,13.0,20
08HB003,1960,4.381428616387503,0.2919999957084656,45.0,9.0,1.0,49.040000915527344,-123.90778350830078,95.5999984741211,7
08HB012,1930,20.72000045776367,1.190000057220459,168.0,9.0,2.0,49.122779846191406,-124.98999786376952,140.0,5
08HB014,2018,19.782812505960464,0.3109999895095825,317.0,9.0,1.0,48.89250183105469,-124.9694366455078,162.0,64
08HB018,1961,6.210000038146973,0.06499999761581421,69.69999694824219,8.0,1.0,49.34000015258789,-124.6750030517578,111.0,2
08HB024,2008,7.8731914631863855,0.4970000088214874,69.80000305175781,9.0,11.0,49.51750183105469,-124.84166717529295,113.0,47
08HB025,2019,5.366060603748668,0.07800000160932541,31.399999618530284,9.0,1.0,49.69282913208008,-125.06925201416016,87.9000015258789,33
08HB027,1974,1.5614285639354162,0.0,15.199999809265135,9.0,1.0,49.20610809326172,-124.0522232055664,46.099998474121094,7
08HB032,2019,2.544374994933605,0.006000000052154064,31.899999618530284,8.0,1.0,49.1773910522461,-123.96903228759766,86.19999694824219,32
08HB037,1978,2.619999945163727,0.0,72.80000305175781,7.0,1.0,49.4627799987793,-124.77278137207031,43.29999923706055,6
08HB043,1998,0.8114999979734421,0.22300000488758087,3.9700000286102295,9.0,1.0,49.37110900878906,-124.9311065673828,11.399999618530273,4
08HB045,1978,0.11883333325386047,0.0,0.6940000057220459,7.0,3.0,49.50667190551758,-124.73110961914062,3.369999885559082,6
08HB047,1977,0.024999999906867743,0.0,0.2240000069141388,5.0,11.0,49.47943878173828,-124.26667022705078,1.8600000143051147,4
08HB048,2019,0.8037872301771286,0.010999999940395357,17.100000381469727,8.0,11.0,48.91556167602539,-124.9977798461914,10.300000190734863,47
08HB062,1979,0.14499999955296516,0.0,3.109999895095825,5.0,12.0,49.27082824707031,-124.83361053466795,3.890000104904175,2
08HB069,1998,0.22164705921621883,0.0070000002160668364,5.860000133514403,9.0,1.0,48.92889022827149,-124.94110870361328,2.5299999713897705,17
08HB074,2019,17.72972975550471,2.0999999046325684,113.0,9.0,11.0,49.57878112792969,-125.21402740478516,213.0,37
08HB075,2019,1.97711762435296,0.0,42.5,9.0,1.0,49.73657989501953,-125.0857162475586,41.099998474121094,34
08HB078,1995,2.5799999237060547,0.004999999888241291,19.0,8.0,2.0,49.34000015258789,-124.37471771240234,86.5999984741211,1
08HB080,1996,0.3415000041325887,0.008000000379979609,2.4300000667572017,8.0,1.0,49.22111129760742,-124.53472137451172,,6
08HB086,2019,6.834166705608368,0.0,126.0,8.0,11.0,49.250831604003906,-125.58332824707031,38.599998474121094,24
08HB088,2006,0.6990000009536743,0.07000000029802322,10.0,9.0,11.0,49.20582962036133,-125.31749725341795,,3
08HB089,2014,4.024375021457672,0.01899999938905239,116.0,9.0,12.0,49.80881118774414,-125.19503021240234,86.80000305175781,16
08HC002,2013,17.682926712966548,1.820000052452088,86.5,9.0,9.0,49.70843124389648,-126.0986099243164,187.0,41
08HC004,1998,15.53333330154419,0.8600000143051147,140.0,9.0,12.0,49.4044418334961,-125.74749755859376,114.0,6
08HC006,2019,1.45418180660768,0.003000000026077032,11.100000381469727,9.0,11.0,49.84106826782226,-125.90670776367188,,22
08HD001,1948,85.97297297297297,30.0,354.0,12.0,5.0,50.002220153808594,-125.3888931274414,1400.0,37
08HD002,1915,14.399999618530273,0.99099999666214,133.0,9.0,10.0,49.86888885498047,-125.12361145019531,363.0,1
08HD004,1955,87.79999923706055,23.79999923706055,413.0,4.0,11.0,49.96500015258789,-125.58611297607422,1150.0,2
08HD011,2019,13.844047546386719,0.5239999890327454,129.0,10.0,11.0,49.89458084106445,-125.24175262451172,302.0,42
08HD012,1980,0.5504999980330467,0.06800000369548798,7.1599998474121085,8.0,12.0,50.34027862548828,-125.9055633544922,17.399999618530273,4
08HD015,2017,13.675882311428294,0.5149999856948853,169.0,9.0,11.0,50.09041976928711,-125.67822265625,268.0,34
08HD016,1998,0.27500000298023225,0.002000000094994902,4.400000095367432,9.0,1.0,50.1338882446289,-125.25360870361328,7.679999828338622,5
08HD023,2018,1.1181249916553497,0.003000000026077032,14.199999809265135,8.0,2.0,49.91157913208008,-125.23197174072266,38.0,8
08HE003,1930,19.87999992370606,1.2699999809265137,311.0,1.0,2.0,50.4011116027832,-127.29778289794922,228.0,5
08HE007,2008,1.243999993801117,0.12600000202655792,8.0,9.0,3.0,50.10221862792969,-127.39556121826172,,10
08HE008,2018,1.2541999995708466,0.008999999612569809,14.100000381469727,8.0,12.0,50.13568878173828,-126.82006072998048,14.600000381469727,20
08HE009,2019,6.737619059426444,0.1550000011920929,58.20000076293945,7.0,1.0,50.29013061523438,-127.6978988647461,33.299999237060554,21
08HE010,2013,3.0183333357175193,0.289000004529953,14.899999618530273,10.0,9.0,49.93867111206055,-126.6414794921875,19.600000381469727,12
08HF001,1940,17.989999866485597,1.2999999523162842,52.099998474121094,7.0,3.0,50.51667022705078,-126.85556030273438,290.0,10
08HF002,1935,129.15555572509766,14.100000381469727,1250.0,9.0,1.0,50.52278137207031,-127.01416778564452,1760.0,9
08HF003,1968,18.09999990463257,1.4199999570846558,131.0,9.0,10.0,50.47972106933594,-126.8255615234375,269.0,6
08HF004,2017,22.5074999332428,1.0399999618530271,250.0,9.0,11.0,50.44036102294922,-126.57850646972656,365.0,40
08HF005,2018,59.464286123003276,2.1199998855590816,494.0,9.0,12.0,50.21482849121094,-126.61080932617188,783.0,28
08HF006,2019,7.591153823412382,0.3869999945163727,64.40000152587889,7.0,12.0,50.66933059692383,-128.16839599609378,64.40000152587889,26
08HF007,1998,2.102857163974217,0.20200000703334808,9.800000190734863,9.0,12.0,50.3247184753418,-126.41944122314452,32.59999847412109,7
08HF008,1999,4.008750021457672,0.25799998641014105,27.5,9.0,11.0,50.424720764160156,-126.57888793945312,46.099998474121094,8
08HF011,2001,1.7833333412806194,0.25,12.899999618530273,9.0,11.0,50.21833038330078,-126.61666870117188,,3
08HF012,2019,2.125263163917943,0.016000000759959217,39.0,8.0,1.0,50.73450088500977,-127.88224792480469,22.299999237060547,19
08HF013,2016,1.3600000072928036,0.04600000008940697,27.0,8.0,11.0,50.512451171875,-127.84200286865234,16.299999237060547,17
08JA002,1951,99.18333307902019,16.5,320.0,3.0,7.0,53.625,-125.73332977294922,4450.0,18
08JA003,1941,33.350000063578285,8.210000038146973,108.0,3.0,6.0,53.63888931274414,-126.74889373779295,1010.0,6
08JA004,1938,65.25999908447265,20.100000381469727,142.0,3.0,6.0,53.35332870483398,-125.56944274902344,3320.0,5
08JA005,1931,51.4000015258789,14.199999809265135,214.0,12.0,6.0,53.75556182861328,-126.6999969482422,1420.0,1
08JA006,1951,26.29999923706055,3.2799999713897705,117.0,4.0,6.0,53.68333053588867,-127.23332977294922,578.0,1
08JA010,1951,176.0,52.70000076293945,524.0,4.0,5.0,53.56388854980469,-124.86000061035156,13900.0,1
08JA014,2005,0.9058709673343166,0.20100000500679016,8.380000114440918,2.0,4.0,53.2633285522461,-125.40833282470705,150.0,31
08JA015,2019,5.282093037006467,0.3930000066757202,29.5,3.0,6.0,53.65208053588867,-127.5377197265625,86.5,43
08JA016,1995,0.9245624914765358,0.06300000101327896,6.429999828338622,3.0,5.0,53.800559997558594,-126.36000061035156,53.4000015258789,16
08JA019,1995,3.436666568120321,0.6470000147819519,16.700000762939453,9.0,5.0,53.4002799987793,-124.97110748291016,,3
08JA020,1995,13.466666539510092,1.2100000381469729,140.0,10.0,5.0,53.46221923828125,-125.86444091796876,,3
08JA021,1995,6.96999994913737,0.4979999959468842,42.5,3.0,6.0,53.4900016784668,-127.20639038085938,,3
08JA024,1995,6.833333333333333,1.1599999666213991,28.70000076293945,1.0,5.0,53.3477783203125,-125.35138702392578,,3
08JA025,1995,9.433333396911621,0.8999999761581421,39.29999923706055,3.0,5.0,53.64221954345703,-127.14582824707031,,3
08JA026,1995,3.2833333015441895,0.2189999967813492,25.399999618530284,4.0,6.0,53.65555953979492,-127.39167022705078,,3
08JA028,2012,66.09166685740153,24.29999923706055,236.0,12.0,6.0,53.234169006347656,-126.1119384765625,,12
08JB002,2018,21.1388059587621,7.760000228881836,87.4000015258789,10.0,6.0,54.0078010559082,-125.00891876220705,3600.0,67
08JB003,2018,31.706250071525574,2.369999885559082,221.0,12.0,5.0,54.0850715637207,-124.6008529663086,6030.0,64
08JB012,2003,3.4587499797344208,0.06499999761581421,13.600000381469727,9.0,5.0,54.17805862426758,-125.4888916015625,771.0,8
08JC005,1973,12.914545405994762,1.5900000333786009,54.70000076293945,9.0,5.0,53.80889129638672,-122.9888916015625,3390.0,11
08JC015,1984,0.19699999690055847,0.0,1.8999999761581419,1.0,3.0,53.73389053344727,-122.85138702392578,,1
08JC017,2006,0.5658999979496002,0.04100000113248825,2.5799999237060547,9.0,5.0,53.89685821533203,-124.197998046875,,10
08JD006,2019,8.235675721555143,0.4560000002384186,62.4000015258789,12.0,5.0,55.97613906860352,-126.67767333984376,403.0,37
08JE001,2019,130.57272725291065,34.0,368.0,12.0,6.0,54.4168586730957,-124.27062225341795,14200.0,77
08JE004,2019,2.540476177419935,0.27900001406669617,18.299999237060547,8.0,5.0,54.61080932617188,-124.2477569580078,431.0,42
08JE005,1986,5.991666555404663,0.3179999887943268,42.400001525878906,9.0,6.0,54.9002799987793,-125.1380615234375,881.0,6
08KA001,2013,14.234042512609603,1.2699999809265137,97.0,3.0,7.0,53.30924987792969,-120.2490005493164,409.0,47
08KA004,2018,459.67692307692306,78.9000015258789,2090.0,3.0,5.0,54.07867050170898,-121.85035705566406,18000.0,65
08KA005,2018,196.44262295081967,31.60000038146973,851.0,2.0,5.0,53.301719665527344,-120.14092254638672,6890.0,61
08KA007,2019,45.25000011920929,7.110000133514403,269.0,3.0,5.0,52.98627853393555,-119.00666809082031,1710.0,64
08KA008,1995,14.326315779435006,0.8999999761581421,51.9000015258789,2.0,5.0,52.91999816894531,-118.8000030517578,458.0,38
08KA009,2019,8.30531917734349,0.5929999947547913,56.099998474121094,3.0,6.0,53.44406127929688,-120.22013854980469,253.0,47
08KA010,1980,3.243750035762787,0.11299999803304672,15.600000381469727,2.0,6.0,52.8769416809082,-119.1963882446289,111.0,8
08KA012,1998,3.2607142754963467,0.3680000007152557,27.20000076293945,3.0,5.0,52.83832931518555,-119.26667022705078,132.0,14
08KA013,2019,38.51818206093528,3.859999895095825,347.0,3.0,6.0,53.68167114257813,-120.59139251708984,1260.0,22
08KB001,2017,811.5671641791045,125.0,3590.0,3.0,5.0,54.00366973876953,-122.62474822998048,32400.0,67
08KB003,2018,214.73684210526315,26.899999618530284,1700.0,2.0,10.0,54.23117065429688,-121.6687469482422,4780.0,57
08KB006,2018,4.7013513526401,0.21299999952316284,27.5,2.0,5.0,54.29677963256836,-120.9774169921875,103.0,37
08KC001,2018,29.06078420900831,4.329999923706056,383.0,1.0,4.0,54.09642028808594,-122.67986297607422,4230.0,51
08KC002,1973,1.223428555897304,0.0,11.699999809265135,8.0,4.0,54.09444046020508,-122.68611145019531,181.0,7
08KC003,1998,2.0623809610094344,0.2770000100135803,20.89999961853028,8.0,4.0,54.60528182983398,-123.23722076416016,303.0,21
08KD001,1995,9.183750063180923,1.9800000190734863,21.299999237060547,3.0,6.0,53.2611083984375,-121.41388702392578,458.0,32
08KD002,1974,0.9899999797344208,0.07599999755620956,10.0,3.0,6.0,53.10221862792969,-121.56944274902344,50.0,2
08KD003,1975,47.23636384443803,5.380000114440918,229.0,2.0,5.0,54.06861114501953,-122.4638900756836,3110.0,22
08KD004,1976,74.61999944051107,15.899999618530273,436.0,1.0,5.0,54.036109924316406,-121.8791732788086,3550.0,15
08KD006,2008,37.05333321889241,6.920000076293945,536.0,2.0,5.0,54.04555892944336,-122.37306213378906,2860.0,30
08KD007,2018,65.23658519837915,18.600000381469727,290.0,12.0,4.0,54.01694107055664,-122.10285949707031,3330.0,41
08KE009,1998,24.379411837633917,2.220000028610229,166.0,9.0,4.0,53.15528106689453,-122.47611236572266,1910.0,34
08KE014,1974,8.335833311080933,0.4469999969005585,78.4000015258789,9.0,5.0,53.4263916015625,-122.5888900756836,658.0,12
08KE015,1973,1.4751333355903626,0.006000000052154064,18.0,9.0,4.0,53.75667190551758,-122.64778137207031,188.0,15
08KE016,2019,5.229454510862177,0.3109999895095825,90.6999969482422,8.0,4.0,52.9738883972168,-122.50943756103516,1550.0,55
08KE024,2018,2.7469767692477203,0.2430000007152557,37.29999923706055,9.0,5.0,52.91490173339844,-121.76747131347656,127.0,43
08KE028,1981,0.8071428537368774,0.0,6.010000228881836,8.0,4.0,53.79499816894531,-122.65193939208984,113.0,7
08KE029,1980,0.6682000160217285,0.032000001519918435,7.559999942779541,2.0,6.0,52.81111145019531,-123.022216796875,169.0,5
08KE032,1998,0.44445454396984796,0.0,3.609999895095825,7.0,4.0,53.86249923706055,-122.570556640625,60.20000076293945,11
08KF001,1995,4.9039285864148825,0.7580000162124634,33.0,1.0,5.0,52.92916870117188,-123.5472183227539,3240.0,28
08KG001,2017,35.323255583297374,12.100000381469727,187.0,1.0,7.0,53.306419372558594,-122.89180755615234,12400.0,43
08KG003,1995,2.3638095288049605,0.39800000190734863,9.06999969482422,1.0,5.0,52.98611068725586,-123.8027801513672,992.0,21
08KG004,1982,0.41616666813691455,0.09799999743700027,2.1099998950958248,3.0,5.0,53.29693984985352,-122.95194244384766,145.0,6
08KH001,2019,129.40352926815257,29.10000038146973,360.0,3.0,6.0,52.61582946777344,-121.57232666015624,5970.0,85
08KH003,1994,93.40363644686612,18.0,348.0,2.0,7.0,52.66667175292969,-121.67082977294922,3260.0,55
08KH006,2019,238.85135135135135,81.19999694824219,660.0,12.0,6.0,52.84305953979492,-122.22528076171876,11500.0,74
08KH007,1956,29.21666685740153,3.940000057220459,174.0,3.0,5.0,52.33166885375977,-121.41278076171876,2310.0,6
08KH008,1957,4.4028571333204,1.5299999713897705,13.899999618530273,3.0,5.0,52.3730583190918,-121.31360626220705,422.0,7
08KH010,2019,19.603636290810325,3.190000057220459,148.0,1.0,5.0,52.29138946533203,-121.0669403076172,790.0,55
08KH013,1974,95.11666742960612,13.899999618530273,433.0,3.0,6.0,52.72943878173828,-121.43472290039062,2870.0,12
08KH014,1982,12.176470532136804,1.6200000047683716,54.29999923706055,4.0,6.0,52.84333038330078,-120.74166870117188,245.0,17
08KH018,1973,0.28250000178813933,0.004000000189989804,3.1700000762939453,9.0,4.0,53.02582931518555,-122.4883270263672,69.90000152587889,10
08KH019,2019,3.420980402067596,0.4149999916553497,31.70000076293945,8.0,5.0,52.31571960449219,-121.40843963623048,548.0,51
08KH022,1984,4.571538503353413,0.5,30.0,12.0,6.0,52.3738899230957,-120.72222137451172,144.0,13
08KH023,1981,0.032299999799579385,0.0,0.17800000309944153,8.0,1.0,52.953330993652344,-122.4036102294922,7.25,10
08KH027,1995,0.2680000066757202,0.06400000303983687,1.2599999904632568,10.0,5.0,52.512779235839844,-121.57111358642578,,1
08KH029,2010,0.09437500080093741,0.023000000044703484,0.3109999895095825,2.0,5.0,52.783058166503906,-120.73777770996094,6.289999961853027,8
08KH030,2014,6.571428571428571,0.531000018119812,43.70000076293945,3.0,5.0,52.79193878173828,-120.74971771240234,184.0,14
08KH031,2019,34.26153872563289,8.189999580383299,116.0,2.0,4.0,52.44430923461914,-121.41813659667969,,13
08LA001,2017,224.9078947368421,40.79999923706055,1270.0,2.0,6.0,51.65571975708008,-120.06604766845705,10300.0,76
08LA004,1983,43.314285687037874,9.649999618530273,181.0,2.0,6.0,51.97943878173828,-120.10360717773438,1380.0,28
08LA006,1962,18.042856897626603,3.9600000381469727,143.0,1.0,6.0,51.86861038208008,-120.59722137451172,,7
08LA007,1994,134.83783783783784,19.299999237060547,507.0,2.0,7.0,52.13888931274414,-120.1916732788086,2950.0,37
08LA008,1984,33.73181845925071,5.889999866485597,176.0,12.0,6.0,51.93193817138672,-120.24138641357422,4710.0,22
08LA009,1967,116.0,17.700000762939453,592.0,3.0,6.0,52.348609924316406,-120.2638931274414,2380.0,5
08LA013,1983,45.10434772657312,6.039999961853027,149.0,2.0,7.0,52.421669006347656,-120.32389068603516,904.0,23
08LA018,1984,7.90416665871938,1.0800000429153442,49.0,3.0,6.0,52.67499923706055,-120.102783203125,162.0,12
08LA027,2018,1.2040499910712241,0.23100000619888306,15.300000190734865,10.0,5.0,51.587608337402344,-120.9207534790039,,20
08LA028,2013,0.7330000010820535,0.05000000074505806,7.789999961853027,2.0,5.0,51.622779846191406,-120.6722183227539,79.4000015258789,13
08LA029,2002,0.10333333412806193,0.0,2.009999990463257,7.0,5.0,51.56999969482422,-120.79888916015624,20.100000381469727,3
08LB012,2006,0.16803703705469766,0.0,0.8050000071525574,8.0,5.0,50.724998474121094,-120.03278350830078,55.70000076293945,27
08LB017,1957,15.199999809265137,1.25,125.0,3.0,5.0,51.63888931274414,-119.96666717529295,764.0,4
08LB020,2019,14.69308827905094,2.1800000667572017,73.4000015258789,8.0,5.0,51.18801879882813,-120.12654113769531,1140.0,68
08LB022,1957,393.20512820512823,61.20000076293945,2740.0,2.0,5.0,51.18611145019531,-120.1513900756836,17700.0,39
08LB024,2017,0.7949777762095134,0.07000000029802322,14.800000190734865,10.0,5.0,51.12202835083008,-120.2089385986328,135.0,45
08LB037,1928,10.5,0.9629999995231628,65.69999694824219,1.0,5.0,52.22333145141602,-119.21527862548828,175.0,1
08LB038,2019,10.846842138390793,1.7899999618530271,57.79999923706055,1.0,5.0,52.11669158935547,-119.30194091796876,272.0,38
08LB047,2019,151.33898305084745,29.899999618530284,630.0,11.0,5.0,51.60186004638672,-119.9143524169922,4490.0,59
08LB050,1981,3.0050000101327896,0.4979999959468842,20.100000381469727,9.0,5.0,51.57611083984375,-120.1383285522461,295.0,16
08LB064,2019,429.344262295082,71.5999984741211,2220.0,2.0,5.0,51.040931701660156,-120.24046325683594,19600.0,61
08LB069,2019,11.630740677868879,1.9500000476837158,93.9000015258789,1.0,4.0,51.24533081054688,-119.9376983642578,624.0,54
08LB076,2019,4.028636363419619,0.6309999823570251,23.29999923706055,12.0,6.0,51.3543815612793,-119.8816375732422,166.0,44
08LB077,1982,10.56000010172526,0.8500000238418579,55.099998474121094,3.0,6.0,52.25500106811523,-119.1786117553711,267.0,6
08LB083,1993,1.3566666841506958,0.10199999809265137,26.79999923706055,1.0,5.0,50.88471984863281,-120.28778076171876,230.0,3
08LC004,1966,0.4255555503898197,0.02500000037252903,2.1400001049041752,2.0,6.0,50.56666946411133,-119.04167175292969,32.59999847412109,9
08LC034,1974,1.0730000138282776,0.1330000013113022,11.800000190734865,1.0,6.0,50.24193954467773,-118.647216796875,145.0,3
08LC040,2017,0.4900263171446951,0.04399999976158142,10.399999618530273,9.0,5.0,50.28432083129883,-118.94703674316406,70.9000015258789,38
08LD001,2018,70.98255827260571,12.800000190734865,298.0,3.0,5.0,50.93759155273438,-119.65634155273438,3210.0,86
08LE001,1912,1.4900000095367432,0.12700000405311584,11.699999809265135,3.0,5.0,50.500831604003906,-119.56194305419922,228.0,1
08LE007,1912,43.099998474121094,6.5999999046325675,178.0,3.0,6.0,50.84167098999024,-118.97917175292969,1230.0,1
08LE024,2018,37.98679240244739,2.7699999809265137,220.0,12.0,6.0,50.93634033203125,-118.80165100097656,932.0,53
08LE025,1924,5.2174999713897705,0.18400000035762787,46.4000015258789,1.0,5.0,51.20832824707031,-119.00749969482422,282.0,4
08LE027,2019,36.39799999237061,4.300000190734863,222.0,2.0,5.0,51.2622184753418,-118.94644165039062,805.0,50
08LE031,2018,294.64044943820227,88.19999694824219,1260.0,12.0,6.0,50.76311111450195,-119.7431182861328,15800.0,89
08LE065,1975,3.309999942779541,0.6800000071525574,26.79999923706055,1.0,6.0,50.46944046020508,-119.3499984741211,1160.0,2
08LE069,1970,299.3333333333333,91.6999969482422,731.0,3.0,6.0,50.6533317565918,-119.95944213867188,16600.0,12
08LE075,2000,0.746352939044728,0.0860000029206276,5.75,1.0,5.0,50.28889083862305,-119.95555877685548,143.0,34
08LE077,2018,0.37869444489479065,0.014999999664723871,2.619999885559082,12.0,6.0,50.913169860839844,-119.5328369140625,26.20000076293945,36
08LE086,1983,11.245454701510342,1.0499999523162842,132.0,1.0,7.0,51.3650016784668,-118.80638885498048,253.0,11
08LE088,1979,3.9283332427342734,0.546999990940094,14.0,8.0,5.0,50.63471984863281,-119.3874969482422,1400.0,6
08LE091,1980,0.11371428732361112,0.014000000432133676,1.0199999809265137,3.0,5.0,50.63444137573242,-119.3902816772461,8.289999961853027,7
08LE092,1979,0.30149999757607776,0.012000000104308128,2.1400001049041752,1.0,5.0,50.661109924316406,-119.383056640625,17.899999618530273,6
08LE093,1979,0.2094999998807907,0.0130000002682209,1.4600000381469729,1.0,5.0,50.71667098999024,-119.3630599975586,15.5,6
08LE094,1986,1.072363625873219,0.17299999296665192,8.399999618530272,8.0,5.0,50.50917053222656,-119.56944274902344,224.0,11
08LE096,1986,0.08914285685334887,0.020999999716877937,0.5720000267028809,1.0,5.0,50.52360916137695,-119.3852767944336,15.800000190734865,7
08LE108,2016,0.10743333287537098,0.0130000002682209,1.1699999570846558,2.0,5.0,50.69665145874024,-119.19615936279295,20.799999237060547,30
08LF022,1950,743.4166666666666,241.0,3310.0,2.0,6.0,50.42082977294922,-121.34166717529295,54600.0,36
08LF023,1914,623.0,127.0,2190.0,2.0,6.0,50.68751907348633,-120.36412048339844,37800.0,1
08LF033,1965,696.1,190.0,2590.0,4.0,6.0,50.75833129882813,-120.86666870117188,39100.0,10
08LF043,1947,673.4,129.0,2590.0,1.0,6.0,50.76443862915039,-121.03221893310548,40900.0,15
08LF049,1973,0.5471999943256378,0.03099999949336052,4.130000114440918,12.0,5.0,50.85277938842773,-120.50167083740234,79.5,5
08LF051,2019,776.5,268.0,2340.0,12.0,6.0,50.35462951660156,-121.39364624023438,55400.0,68
08LF070,1973,0.08199999947100878,0.0,0.8859999775886536,8.0,5.0,50.674720764160156,-121.06999969482422,32.400001525878906,4
08LF080,1995,0.047750000143423676,0.028999999165534977,0.059999998658895486,9.0,3.0,51.25833129882813,-121.6811065673828,36.400001525878906,16
08LF081,1998,0.022047619113609904,0.004999999888241291,0.08699999749660492,1.0,7.0,50.7369384765625,-121.57611083984376,32.900001525878906,21
08LF084,1998,0.08909999933093786,0.014999999664723871,0.4469999969005585,2.0,5.0,50.72639083862305,-121.6352767944336,31.899999618530284,20
08LF093,1986,0.06400000179807346,0.02199999988079071,0.09700000286102296,12.0,6.0,50.84527969360352,-121.5425033569336,44.599998474121094,3
08LF099,2016,0.10986666654547056,0.023000000044703484,0.4769999980926514,8.0,5.0,50.83575057983398,-121.23995208740234,50.5,15
08LF100,2019,0.015000000157777001,0.003000000026077032,0.04100000113248825,3.0,3.0,50.84078979492188,-121.1544418334961,10.600000381469727,17
08LG008,2017,10.206046559089838,0.19599999487400047,66.90000152587889,1.0,5.0,50.13618087768555,-121.03002166748048,775.0,43
08LG016,2019,0.7208367361097919,0.06199999898672104,3.7999999523162837,8.0,6.0,49.96492004394531,-120.13493347167969,87.5999984741211,49
08LG036,1974,0.0011250000534346325,0.0,0.0070000002160668364,1.0,5.0,50.14305877685547,-120.11083221435548,58.0,8
08LG048,2019,6.763653837717497,0.4339999854564667,51.70000076293945,9.0,4.0,49.85422134399414,-120.90846252441406,316.0,52
08LG051,1973,0.019399999640882015,0.0,0.05400000140070915,2.0,5.0,50.53443908691406,-120.86833190917969,26.20000076293945,5
08LG055,1985,0.04441176464452463,0.0,0.33399999141693115,3.0,5.0,50.47999954223633,-121.03333282470705,15.5,17
08LG056,2018,0.15173333411415418,0.010999999940395357,2.1800000667572017,2.0,5.0,50.60783004760742,-120.91085815429688,78.19999694824219,45
08LG064,2000,0.47405555761522716,0.054999999701976776,3.4100000858306885,12.0,7.0,50.11111068725586,-119.98249816894531,85.0,18
08LG066,1998,0.05953333390255769,0.002000000094994902,1.1599999666213991,9.0,5.0,50.33110809326172,-120.92305755615234,32.200000762939446,15
08LG068,2019,3.4356249943375587,0.07000000029802322,26.10000038146973,8.0,2.0,49.95027160644531,-121.09644317626952,178.0,16
08MA001,2018,88.64999990752248,15.699999809265135,253.0,4.0,7.0,52.06975173950195,-123.53949737548828,6880.0,66
08MA002,2018,43.141071796417236,7.579999923706055,115.0,4.0,6.0,51.62485885620117,-124.1433563232422,2130.0,56
08MA003,2018,37.47777790493436,4.070000171661377,150.0,3.0,6.0,51.37900161743164,-123.63121795654295,1520.0,36
08MA006,2018,0.7749318175695159,0.0130000002682209,4.789999961853027,11.0,5.0,51.67385864257813,-124.1453094482422,98.8000030517578,44
08MB004,1970,0.7072499990463257,0.11299999803304672,1.0499999523162842,8.0,4.0,52.125,-123.6916732788086,1790.0,4
08MB005,2018,103.0270832379659,25.29999923706055,331.0,2.0,7.0,51.847938537597656,-122.65477752685548,19200.0,48
08MB006,2018,6.01363637230613,1.0700000524520874,45.20000076293945,12.0,5.0,51.52368927001953,-123.11589050292969,1010.0,44
08MB007,2018,2.735681815580888,0.3219999969005585,15.199999809265135,4.0,5.0,51.25397109985352,-123.10449981689452,232.0,44
08MC041,1991,0.08000000038494666,0.002000000094994902,0.6159999966621399,8.0,4.0,51.87250137329102,-121.58805847167969,,6
08MC044,1995,0.12142857217362948,0.002000000094994902,0.06199999898672104,1.0,8.0,52.0263900756836,-121.68611145019531,,7
08MC045,2018,0.22752631553693822,0.04100000113248825,8.890000343322754,2.0,4.0,52.42625045776367,-122.29463958740234,99.0,19
08MD035,2017,0.5172000010808309,0.052000001072883606,3.559999942779541,3.0,5.0,51.24491882324219,-122.92169189453124,,15
08ME004,1947,44.3476190112886,3.0,212.0,2.0,5.0,50.8375015258789,-122.8566665649414,956.0,21
08ME005,1940,66.81874966621399,13.300000190734865,518.0,2.0,10.0,50.85110855102539,-122.84583282470705,1650.0,16
08ME006,1932,11.846249997615814,1.2699999809265137,62.29999923706055,3.0,6.0,50.89500045776367,-122.77333068847656,570.0,8
08ME007,1926,6.5299999713897705,1.1299999952316284,14.699999809265135,1.0,6.0,50.89860916137695,-122.6138916015625,759.0,2
08ME011,1933,15.099999972752162,0.906000018119812,85.0,4.0,6.0,50.76805877685547,-122.85694122314452,368.0,7
08ME014,1940,89.6090913252397,15.600000381469727,459.0,2.0,10.0,50.8902816772461,-122.625,3190.0,11
08ME015,1954,17.84000015258789,4.670000076293945,65.40000152587889,2.0,7.0,50.7027816772461,-122.3000030517578,728.0,5
08ME022,1967,7.289999961853027,1.440000057220459,53.79999923706055,3.0,6.0,50.54360961914063,-122.49166870117188,326.0,2
08ME023,2019,12.856410173269419,0.4629999995231629,57.0,11.0,8.0,50.85622024536133,-123.45327758789062,144.0,39
08ME025,2019,4.454324348552807,1.1799999475479126,26.20000076293945,2.0,5.0,50.9126091003418,-122.23931121826172,581.0,37
08ME027,2019,13.474999984105429,1.0800000429153442,71.80000305175781,3.0,5.0,50.73088836669922,-122.9420166015625,312.0,24
08ME028,2019,36.81250015894572,2.9300000667572017,165.0,2.0,7.0,50.82093811035156,-123.2034912109375,708.0,24
08MF002,1920,1.6985714435577393,0.22699999809265134,13.600000381469727,4.0,1.0,49.250831604003906,-121.60221862792969,29.79999923706055,7
08MF003,1982,32.996875286102295,8.359999656677246,137.0,1.0,6.0,49.37527847290039,-121.41944122314452,741.0,32
08MF006,1925,4.617142830576215,1.0199999809265137,13.199999809265135,10.0,5.0,49.25056076049805,-121.60443878173828,64.80000305175781,14
08MF008,1920,48.35000038146973,13.300000190734865,227.0,4.0,10.0,50.00667190551758,-121.61499786376952,1040.0,4
08MF009,1971,14.398749947547914,3.4000000953674316,51.5,1.0,5.0,49.363059997558594,-121.46916961669922,350.0,8
08MF018,1918,0.5225000083446503,0.0989999994635582,3.4500000476837163,10.0,12.0,49.13861083984375,-121.83110809326172,11.100000381469727,2
08MF030,1935,5.3400001525878915,0.3910000026226044,60.599998474121094,9.0,1.0,49.50917053222656,-121.42056274414062,65.30000305175781,2
08MF031,1934,3.5799999237060547,0.12999999523162842,97.4000015258789,9.0,11.0,49.564170837402344,-121.42472076416016,37.29999923706055,1
08MF032,1935,3.065000057220459,0.1589999943971634,52.70000076293945,9.0,1.0,49.43111038208008,-121.43639373779295,32.400001525878906,2
08MF048,1974,0.31549999862909317,0.0,2.4300000667572017,8.0,6.0,49.14611053466797,-121.83332824707031,11.899999618530273,8
08MF049,1963,0.06899999951322873,0.0,0.5920000076293945,8.0,11.0,49.15861129760742,-121.8263931274414,,3
08MF062,2018,3.407391309738159,0.35600000619888306,36.0,10.0,11.0,49.54188919067383,-121.1199722290039,85.5,46
08MF065,2018,36.05945948007945,9.390000343322754,178.0,12.0,2.0,49.95386123657226,-121.86286926269531,712.0,37
08MF068,2019,29.889285768781388,4.2899999618530265,89.4000015258789,9.0,4.0,49.36846160888672,-121.38449096679688,720.0,28
08MG001,2018,39.37297315855284,3.75,339.0,9.0,11.0,49.30002975463867,-121.9377670288086,383.0,37
08MG003,1950,47.988235249238855,7.929999828338622,209.0,1.0,10.0,50.28194046020508,-122.85138702392578,855.0,34
08MG004,1947,8.273076956088726,1.7000000476837158,28.60000038146973,3.0,5.0,50.17082977294922,-122.91667175292969,195.0,26
08MG005,2017,125.08777779473199,19.600000381469727,424.0,2.0,6.0,50.336021423339844,-122.8002471923828,2100.0,90
08MG006,1947,11.564782640208369,1.25,58.29999923706055,12.0,5.0,50.26667022705078,-122.87222290039062,179.0,23
08MG007,1947,18.99130443904711,1.8700000047683718,79.30000305175781,1.0,5.0,50.224998474121094,-122.88333129882812,283.0,23
08MG008,1970,23.89999984292423,4.2199997901916495,91.5,12.0,6.0,50.3388900756836,-122.727783203125,596.0,17
08MG009,1957,2.2349999845027924,0.22699999809265134,13.399999618530273,10.0,2.0,49.32110977172852,-121.88111114501952,42.20000076293945,4
08MG013,2018,443.203125,216.0,902.0,3.0,2.0,49.30041885375977,-121.82964324951172,7890.0,64
08MG023,1983,39.900001525878906,5.099999904632568,345.0,10.0,11.0,49.32971954345703,-121.97528076171876,357.0,1
08MG026,2016,3.81058827568503,0.9789999723434448,20.600000381469727,1.0,11.0,50.1202507019043,-122.94880676269531,89.69999694824219,17
08MG027,2018,234.66666666666666,33.799999237060554,1200.0,1.0,5.0,50.09159851074219,-122.53656005859376,,3
08MH001,2019,67.12784793708897,11.199999809265137,339.0,10.0,11.0,49.09738159179688,-121.9674835205078,1230.0,79
08MH004,1957,2.069999933242798,0.07100000232458115,13.800000190734865,10.0,2.0,49.35417175292969,-122.75694274902344,19.200000762939453,2
08MH006,2018,2.8431034355328,0.07199999690055847,31.10000038146973,9.0,11.0,49.24264907836914,-122.5801773071289,37.29999923706055,58
08MH010,1915,6.833333333333333,0.7080000042915344,32.799999237060554,8.0,10.0,49.38417053222656,-122.63443756103516,50.79999923706055,3
08MH016,2018,19.24823533226462,2.9600000381469727,98.0,10.0,11.0,49.08364868164063,-121.45844268798828,335.0,85
08MH017,1964,54.0,9.850000381469727,326.0,3.0,7.0,49.66389083862305,-122.68611145019531,515.0,9
08MH018,1985,0.5460526315789473,0.023000000044703484,8.550000190734862,8.0,11.0,49.15610885620117,-122.8419418334961,18.39999961853028,19
08MH019,1927,0.017999999225139618,0.003000000026077032,0.12700000405311584,2.0,5.0,49.1511116027832,-122.83556365966795,1.0399999618530271,1
08MH020,1974,1.1698636385527523,0.06800000369548798,16.399999618530273,11.0,2.0,49.14527893066406,-122.7994384765625,34.400001525878906,22
08MH029,2017,3.400666656096776,0.11900000274181365,30.0,9.0,3.0,49.00249099731445,-122.2322998046875,144.0,60
08MH033,1955,3.5380000114440917,2.2699999809265137,18.39999961853028,3.0,11.0,49.0777816772461,-121.977783203125,65.0,5
08MH055,1961,47.01999969482422,13.300000190734865,191.0,9.0,6.0,49.08166885375977,-121.7205581665039,860.0,5
08MH056,2018,10.38346158541166,1.100000023841858,115.0,10.0,11.0,49.07172012329102,-121.6997528076172,160.0,52
08MH059,1963,0.9374999701976777,0.08500000089406967,14.199999809265135,9.0,12.0,49.015830993652344,-122.7227783203125,63.70000076293945,2
08MH060,1962,0.4569999873638153,0.06199999898672104,2.9200000762939453,1.0,1.0,49.17306137084961,-122.75556182861328,13.0,1
08MH072,1963,1.1200000047683716,0.1469999998807907,14.699999809265135,2.0,11.0,49.03388977050781,-122.0250015258789,36.29999923706055,3
08MH076,2018,2.747169814019833,0.0860000029206276,24.10000038146973,9.0,11.0,49.20708847045898,-122.53661346435548,47.70000076293945,53
08MH088,1962,0.7549999952316284,0.02500000037252903,8.5,8.0,12.0,49.01721954345703,-122.1883316040039,,2
08MH089,1962,1.8199999928474426,0.2039999961853028,20.89999961853028,7.0,12.0,49.14250183105469,-122.60028076171876,,2
08MH097,1977,0.145923076913907,0.014999999664723871,2.2100000381469727,7.0,1.0,49.17721939086914,-122.6513900756836,5.960000038146973,13
08MH099,1962,1.1050000190734863,0.003000000026077032,13.5,10.0,11.0,49.17499923706055,-122.4552764892578,,2
08MH103,2018,35.654545593261716,4.380000114440918,195.0,10.0,11.0,49.10171890258789,-121.66300201416016,650.0,55
08MH104,1986,0.6945238155978066,0.15800000727176666,13.199999809265135,9.0,2.0,49.09278106689453,-122.68277740478516,27.20000076293945,21
08MH105,1983,1.8305555515819125,0.07800000160932541,21.200000762939453,8.0,1.0,49.10055923461914,-122.64556121826172,64.5,18
08MH107,1967,0.8289999961853027,0.023000000044703484,11.100000381469727,10.0,12.0,49.0897216796875,-122.6361083984375,,2
08MH108,1978,0.9627272703430869,0.037000000476837165,9.0600004196167,8.0,11.0,49.31888961791992,-122.54694366455078,12.199999809265135,11
08MH129,1982,0.5785454565828497,0.004000000189989804,19.700000762939453,7.0,12.0,49.0724983215332,-122.6241683959961,26.20000076293945,11
08MH141,2018,6.734722203678555,0.3129999935626984,70.5999984741211,9.0,1.0,49.48794174194336,-122.79251098632812,52.5,36
08MH147,2019,35.1888889030174,4.369999885559082,476.0,3.0,2.0,49.556190490722656,-122.32306671142578,290.0,27
08MH154,1998,0.8610000073909759,0.07500000298023224,9.899999618530273,9.0,11.0,49.14611053466797,-122.82193756103516,,10
08MH155,2017,2.031875003129244,0.20900000631809235,26.60000038146973,8.0,3.0,49.09569931030274,-122.66008758544922,70.0,32
08MH163,1995,1.2633333603541057,0.10599999874830246,13.899999618530273,9.0,11.0,49.15277862548828,-121.53861236572266,,3
08MH166,2019,2.8636842024953744,0.119999997317791,43.20000076293945,9.0,1.0,49.38098907470703,-122.77684783935548,,19
08MH168,2019,1.8133333259158664,0.04100000113248825,28.70000076293945,9.0,11.0,49.3638687133789,-122.73465728759766,,9
08NA001,1956,9.939230845524715,1.0800000429153442,45.9000015258789,4.0,6.0,50.877220153808594,-116.37832641601562,381.0,13
08NA002,2019,107.27800010681152,14.399999618530273,450.0,12.0,5.0,51.24356079101562,-116.91293334960938,6660.0,100
08NA005,1950,9.960000038146973,1.2999999523162842,75.30000305175781,2.0,6.0,50.57332992553711,-116.0955581665039,606.0,6
08NA006,2019,40.70416661103567,4.309999942779541,224.0,4.0,5.0,51.30118179321289,-116.9720687866211,1850.0,48
08NA007,1917,11.300000190734863,0.6510000228881836,60.0,4.0,7.0,51.41833114624024,-116.44000244140624,344.0,2
08NA008,1917,3.2400000095367436,0.17000000178813934,19.700000762939453,3.0,7.0,51.43278121948242,-116.39861297607422,126.0,3
08NA009,1918,10.699999809265137,1.9800000190734863,81.0,4.0,6.0,50.58832931518555,-116.1291732788086,508.0,1
08NA012,1984,12.844545451077549,1.9299999475479128,104.0,2.0,6.0,50.51082992553711,-116.04360961914062,684.0,11
08NA015,1915,0.0070000002160668364,0.001000000047497451,0.037000000476837165,1.0,7.0,51.397499084472656,-116.47693634033205,,1
08NA016,1915,0.017000000923871994,0.006000000052154064,0.04199999943375588,4.0,7.0,51.397499084472656,-116.47693634033205,,1
08NA020,1982,0.12000000029802323,0.06199999898672104,0.6299999952316284,3.0,6.0,50.56832885742188,-115.99138641357422,21.200000762939453,10
08NA024,1979,0.5908999934792518,0.296999990940094,0.8090000152587891,4.0,6.0,50.484169006347656,-115.93389129638672,84.19999694824219,20
08NA045,1995,10.477999954223632,2.1099998950958248,39.70000076293945,12.0,6.0,50.3236083984375,-115.8625030517578,891.0,50
08NA049,1950,1.9449999332427979,0.30000001192092896,12.699999809265135,2.0,6.0,50.834999084472656,-116.31832885742188,170.0,4
08NA051,1953,3.213333368301392,0.4979999959468842,16.5,3.0,7.0,50.69166946411133,-116.26583099365234,225.0,3
08NA052,1955,58.65999984741211,12.800000190734865,219.0,3.0,6.0,50.73278045654297,-116.19444274902344,3550.0,5
08NA053,1995,3.4175000190734868,0.30000001192092896,19.299999237060547,3.0,6.0,51.43693923950195,-116.37444305419922,119.0,4
08NA055,1969,0.24149999767541885,0.05400000140070915,1.3600000143051147,12.0,6.0,50.46028137207031,-116.09610748291016,17.600000381469727,2
08NA056,1974,0.0048888889270731145,0.0,0.017999999225139618,1.0,5.0,50.58694076538086,-116.03333282470705,4.400000095367432,9
08NA067,1982,0.020800000056624413,0.004999999888241291,0.1430000066757202,8.0,5.0,51.19778060913086,-116.8499984741211,,10
08NB001,1969,19.899999618530273,2.1199998855590816,86.0999984741211,1.0,6.0,51.42388916015625,-117.04055786132812,738.0,2
08NB002,1917,0.3349999934434891,0.019999999552965164,2.0999999046325684,3.0,5.0,51.3236083984375,-116.95916748046876,54.099998474121094,2
08NB004,1964,0.03099999949336052,0.014000000432133676,0.06800000369548798,3.0,6.0,51.32500076293945,-116.9736099243164,,1
08NB005,2019,170.84931506849315,29.60000038146973,702.0,2.0,5.0,51.483299255371094,-117.18038940429688,9700.0,73
08NB006,1965,336.73333333333335,54.4000015258789,1370.0,3.0,7.0,51.77138900756836,-117.6866683959961,14000.0,15
08NB011,1948,472.3333333333333,61.20000076293945,2440.0,12.0,6.0,52.11471939086914,-118.4244384765625,16800.0,3
08NB012,2019,16.75106383384542,1.5299999713897705,83.69999694824219,3.0,5.0,51.48249816894531,-116.9693603515625,587.0,47
08NB013,1994,6.882857118334089,0.38199999928474426,39.599998474121094,2.0,7.0,51.613059997558594,-117.7411117553711,135.0,21
08NB014,2019,18.163829864339625,1.6100000143051147,100.0,3.0,6.0,51.6779899597168,-117.71849822998048,429.0,47
08NB015,1995,7.515909064899791,0.4880000054836273,30.60000038146973,2.0,6.0,51.65472030639648,-116.74250030517578,230.0,22
08NB016,2018,1.6655813926874206,0.22599999606609344,7.920000076293945,2.0,5.0,51.5265007019043,-116.8989028930664,80.5,43
08NB018,1986,0.5478333383798599,0.0560000017285347,4.449999809265137,2.0,5.0,51.30556106567383,-117.51667022705078,11.899999618530273,6
08NB019,2019,42.19142859322684,4.679999828338623,207.0,3.0,6.0,51.50909042358398,-117.46530151367188,1150.0,35
08NC001,1971,40.94545451077548,2.9200000762939453,174.0,3.0,8.0,52.1522216796875,-118.4044418334961,956.0,11
08NC002,1966,104.91428593226841,16.399999618530273,464.0,1.0,7.0,52.189170837402344,-118.45333099365234,3290.0,7
08NC004,2019,14.771111149258084,1.350000023841858,65.09999847412111,3.0,7.0,52.731529235839844,-119.38485717773438,305.0,45
08ND001,1921,19.862499952316288,3.4000000953674316,148.0,2.0,6.0,50.824440002441406,-118.02889251708984,394.0,8
08ND006,1967,929.4736842105264,147.0,4790.0,3.0,6.0,50.85306167602539,-118.1066665649414,28500.0,19
08ND009,1982,30.273912844450578,4.0,163.0,2.0,6.0,51.4769401550293,-118.4255599975586,655.0,23
08ND012,2018,38.68148157331679,5.099999904632568,183.0,3.0,5.0,51.66878128051758,-118.59619903564452,934.0,54
08ND013,2018,52.96181800148704,3.470000028610228,367.0,12.0,6.0,51.01263046264648,-118.08513641357422,1150.0,55
08ND014,1988,17.272000007629394,0.8999999761581421,111.0,2.0,5.0,51.04444122314453,-118.26917266845705,272.0,25
08ND018,1998,6.876923065919143,0.2280000001192093,29.60000038146973,10.0,5.0,51.65943908691406,-118.10443878173828,139.0,26
08ND019,2005,6.143636327801329,1.0900000333786009,27.70000076293945,1.0,6.0,51.63943862915039,-118.67056274414062,112.0,33
08NE001,1995,55.83023257588231,7.389999866485597,235.0,1.0,6.0,50.77360916137695,-117.67666625976562,1020.0,43
08NE006,2018,14.001818206093528,2.9200000762939453,51.0,12.0,5.0,50.28290939331055,-117.73448181152344,330.0,55
08NE008,2019,2.7459677496264057,0.7770000100135803,9.0,3.0,6.0,50.734458923339844,-117.7293472290039,96.6999969482422,62
08NE009,1920,4.995000004768372,0.3959999978542328,32.799999237060554,8.0,5.0,49.790000915527344,-118.14556121826172,401.0,4
08NE012,1919,49.1000010172526,8.210000038146973,217.0,3.0,5.0,50.80500030517578,-117.6427764892578,930.0,3
08NE021,1985,0.022600000351667406,0.010999999940395357,0.08299999684095383,3.0,5.0,50.25,-117.727783203125,1.0099999904632568,10
08NE039,2019,5.615285723549979,0.3330000042915344,84.0,9.0,5.0,49.0146484375,-117.94529724121094,347.0,70
08NE044,1945,27.622221840752495,4.050000190734863,272.0,1.0,5.0,49.03028106689453,-117.37389373779295,1300.0,9
08NE073,1969,1.8100000421206157,0.07100000232458115,25.20000076293945,9.0,5.0,49.25556182861328,-117.68055725097656,145.0,6
08NE074,2019,31.861428642272948,3.4600000381469727,349.0,9.0,5.0,49.04713821411133,-117.2942886352539,1240.0,70
08NE077,2019,3.9772463812344316,0.5040000081062317,44.900001525878906,1.0,6.0,49.90518188476562,-118.12547302246094,204.0,69
08NE087,2019,0.9087627080537505,0.05700000002980232,13.399999618530273,3.0,5.0,49.44847106933594,-118.04199981689452,81.5999984741211,59
08NE110,2019,3.8627907010011895,0.2759999930858612,49.29999923706055,2.0,5.0,49.896949768066406,-118.1898422241211,298.0,43
08NE113,1982,0.4161818135868419,0.06400000303983687,3.670000076293945,2.0,5.0,49.10943984985352,-117.5022201538086,23.10000038146973,11
08NE114,2019,1.624282611453015,0.1289999932050705,14.5,9.0,5.0,49.23453903198242,-117.23916625976562,56.70000076293945,46
08NE117,1995,5.347727266224948,0.4000000059604645,35.79999923706055,1.0,6.0,50.34333038330078,-117.51805877685548,113.0,22
08NE120,1980,0.6226666768391927,0.12200000137090684,2.640000104904175,2.0,5.0,50.675559997558594,-117.8244400024414,28.20000076293945,3
08NE121,1981,0.47049998492002487,0.1420000046491623,2.7799999713897705,12.0,5.0,50.685279846191406,-117.77306365966795,17.100000381469727,4
08NE122,1981,0.5019999966025352,0.07400000095367433,3.259999990463257,12.0,5.0,50.65306091308594,-117.8277816772461,20.700000762939453,4
08NE124,1984,0.6913333336512247,0.13099999725818634,4.800000190734863,10.0,6.0,50.67805862426758,-117.81111145019531,15.100000381469727,3
08NE125,1984,0.5330000023047129,0.12999999523162842,2.7699999809265137,3.0,6.0,50.65555953979492,-117.81639099121094,,3
08NF001,2019,4.82558823333067,0.10599999874830246,30.70000076293945,4.0,5.0,50.88703155517578,-116.0460968017578,416.0,68
08NF002,1994,87.9055553012424,11.100000381469727,339.0,12.0,6.0,50.14778137207031,-115.7991714477539,5390.0,36
08NF003,1941,12.300000190734865,4.25,53.79999923706055,1.0,6.0,50.15832901000977,-115.41667175292969,987.0,1
08NF004,1955,21.699999809265137,2.690000057220459,159.0,4.0,6.0,50.91667175292969,-116.00138854980469,951.0,6
08NF005,1998,1.5923076959756703,0.017999999225139618,7.239999771118164,4.0,6.0,50.65972137451172,-115.52999877929688,69.69999694824219,26
08NF006,1994,14.859090891751377,1.4600000381469729,64.59999847412111,2.0,6.0,50.5252799987793,-115.61917114257812,653.0,22
08NG001,1954,13.422857284545898,1.8999999761581419,85.5,1.0,7.0,50.13193893432617,-115.96527862548828,793.0,7
08NG004,1954,6.677999973297119,1.0499999523162842,53.0,3.0,5.0,49.0747184753418,-115.24305725097656,914.0,5
08NG005,1971,205.07407407407408,30.60000038146973,1140.0,1.0,5.0,49.42028045654297,-115.41944122314452,13600.0,54
08NG009,1955,0.9877499938011169,0.25799998641014105,4.329999923706056,3.0,6.0,49.3224983215332,-115.17694091796876,39.400001525878906,4
08NG010,1953,3.220000028610228,0.0,31.399999618530284,1.0,5.0,49.36888885498047,-115.24527740478516,135.0,1
08NG011,1955,1.15666667620341,0.3540000021457672,5.6599998474121085,12.0,6.0,49.37778091430664,-115.29083251953124,116.0,3
08NG012,1994,51.206666776869035,5.800000190734862,273.0,2.0,5.0,49.60028076171875,-115.86277770996094,2360.0,45
08NG023,1953,1.8899999856948853,0.08500000089406967,17.700000762939453,3.0,6.0,49.55332946777344,-115.96499633789062,156.0,1
08NG042,1971,298.0243902439024,44.5,1690.0,1.0,5.0,49.01443862915039,-115.1741714477539,20000.0,41
08NG044,1947,6.346666653951009,2.6600000858306885,40.5,12.0,6.0,50.126670837402344,-115.56500244140624,246.0,3
08NG046,1994,40.36595713838618,4.389999866485597,194.0,2.0,5.0,49.60805892944336,-116.16860961914062,1480.0,47
08NG048,1953,0.8100000023841858,0.22699999809265134,5.96999979019165,3.0,6.0,49.0250015258789,-115.02777862548828,52.79999923706055,1
08NG051,1984,10.56961541909438,1.75,64.90000152587889,12.0,6.0,49.91167068481445,-115.76750183105469,637.0,26
08NG052,1953,3.0399999618530287,0.3569999933242798,25.5,4.0,6.0,49.61999893188477,-115.61888885498048,201.0,1
08NG053,1995,113.09555562337239,10.600000381469727,763.0,2.0,6.0,49.910560607910156,-115.73555755615234,7120.0,45
08NG057,1972,0.08700000029057264,0.002000000094994902,0.915000021457672,9.0,5.0,49.69667053222656,-115.9741668701172,14.800000190734865,4
08NG061,1965,0.090999998152256,0.02800000086426735,0.5580000281333923,2.0,4.0,49.37971878051758,-115.4499969482422,16.799999237060547,1
08NG062,1968,0.4399999976158142,0.3569999933242798,0.5490000247955322,5.0,8.0,49.50667190551758,-115.4477767944336,16.799999237060547,1
08NG063,1968,0.296999990940094,0.14399999380111694,0.6060000061988831,6.0,8.0,49.53028106689453,-115.47860717773438,,1
08NG065,2019,172.875,18.299999237060547,753.0,2.0,6.0,49.61203002929688,-115.63533782958984,11500.0,56
08NG068,1976,0.32900001108646393,0.07100000232458115,3.509999990463257,12.0,5.0,49.45111083984375,-115.68778228759766,54.099998474121094,2
08NG076,2019,1.3315744786820514,0.1589999943971634,13.100000381469727,12.0,5.0,49.713661193847656,-115.896728515625,135.0,47
08NG077,2019,7.114042535741278,0.5199999809265137,65.80000305175781,3.0,5.0,49.73727035522461,-116.43504333496094,208.0,47
08NG078,1994,2.177636347033761,0.3689999878406525,13.0,12.0,4.0,49.188331604003906,-115.43639373779295,313.0,22
08NG083,1983,0.06080000102519989,0.008000000379979609,0.3680000007152557,3.0,5.0,49.05667114257813,-115.04444122314452,6.989999771118164,5
08NG085,1998,1.2148749977350235,0.11400000005960464,10.100000381469727,12.0,5.0,49.69667053222656,-116.02999877929688,102.0,8
08NG086,1997,2.9777777989705405,0.2370000034570694,36.0,1.0,6.0,49.660560607910156,-116.07028198242188,148.0,9
08NH001,1966,91.23888905843098,13.100000381469727,340.0,3.0,6.0,50.28583145141602,-116.945556640625,2160.0,36
08NH003,1965,9.887500047683716,1.4199999570846558,60.0,2.0,6.0,50.28139114379883,-116.92278289794922,282.0,4
08NH005,2019,13.217118618852002,2.039999961853028,107.0,2.0,5.0,49.90761947631836,-116.9534912109375,442.0,59
08NH007,2019,58.78088266709272,10.100000381469727,339.0,2.0,5.0,50.26287078857422,-116.96829223632812,1640.0,68
08NH009,1968,0.09299999848008156,0.008999999612569809,0.3370000123977661,1.0,6.0,49.07944107055664,-116.4250030517578,5.440000057220459,4
08NH016,2019,0.920520826553305,0.25,5.989999771118164,12.0,5.0,49.20262908935547,-116.5339126586914,57.0,48
08NH034,1969,9.267826080322266,0.5099999904632568,85.0,9.0,5.0,49.25833129882813,-115.8499984741211,725.0,23
08NH051,1985,0.06445454602891748,0.020999999716877937,0.12399999797344208,3.0,6.0,50.16389083862305,-116.90028381347656,5.699999809265138,11
08NH066,1954,26.020000076293947,5.519999980926514,152.0,3.0,7.0,50.5099983215332,-117.27471923828124,769.0,20
08NH068,1949,2.959999958674113,0.18400000035762787,23.899999618530284,2.0,5.0,49.07917022705078,-116.647216796875,133.0,3
08NH084,2019,1.7136249936052732,0.2029999941587448,19.299999237060547,12.0,5.0,49.15911865234375,-116.4524917602539,78.30000305175781,56
08NH085,1982,0.09337499970570207,0.02800000086426735,0.6899999976158142,2.0,5.0,49.13861083984375,-116.3927764892578,8.289999961853027,8
08NH100,1950,8.34500002861023,0.8270000219345093,69.09999847412111,12.0,6.0,49.14305877685547,-116.65416717529295,293.0,4
08NH101,1992,3.10600004196167,0.2800000011920929,18.0,1.0,4.0,49.69694137573242,-116.91777801513672,87.30000305175781,5
08NH109,1952,0.059000000357627876,0.019999999552965164,0.27799999713897705,2.0,5.0,49.76971817016602,-116.83139038085938,3.890000104904175,1
08NH115,2019,0.060339622621266346,0.016000000759959217,0.5490000247955322,9.0,5.0,49.104270935058594,-116.43675231933594,6.21999979019165,53
08NH117,1998,0.10599999874830246,0.008000000379979609,0.7070000171661377,9.0,6.0,49.33694076538086,-116.71111297607422,12.699999809265135,1
08NH119,2019,62.24285731996809,6.480000019073486,330.0,3.0,5.0,50.63750076293945,-117.04802703857422,1310.0,56
08NH120,2018,4.76703702961957,0.10000000149011612,54.9000015258789,9.0,5.0,49.42214965820313,-115.94129180908205,239.0,54
08NH124,1972,1.665999984741211,0.2829999923706055,12.300000190734865,1.0,6.0,50.26721954345703,-116.99749755859376,62.70000076293945,5
08NH125,1972,0.9373999834060669,0.0,8.069999694824219,12.0,6.0,50.2588882446289,-116.9991683959961,34.700000762939446,5
08NH130,2016,19.448837080667186,2.5699999332427983,146.0,1.0,6.0,50.08200073242188,-116.78485870361328,585.0,43
08NH131,2003,4.521666661898295,0.3400000035762787,45.79999923706055,2.0,10.0,50.15832901000977,-116.57527923583984,119.0,30
08NH132,2019,3.321521759033203,0.4210000038146973,27.20000076293945,2.0,6.0,49.87255096435547,-117.12197875976562,92.3000030517578,46
08NH138,2019,0.32919047276179,0.08799999952316284,1.2400000095367432,12.0,6.0,50.63360977172852,-117.5447235107422,8.84000015258789,21
08NJ004,1916,2.409999966621399,0.453000009059906,36.20000076293945,1.0,6.0,49.97777938842773,-117.23194122314452,50.0,2
08NJ006,1915,1.5900000333786009,0.4189999997615814,5.829999923706055,3.0,5.0,49.93333053588867,-117.28028106689452,97.5999984741211,1
08NJ007,1915,797.5714285714286,198.0,1460.0,2.0,7.0,49.46110916137695,-117.4888916015625,45800.0,7
08NJ012,1917,0.0430000014603138,0.008000000379979609,0.22100000083446505,3.0,5.0,49.91167068481445,-117.35694122314452,6.21999979019165,1
08NJ013,2019,89.43297848802932,21.299999237060547,605.0,1.0,5.0,49.46007919311523,-117.5647964477539,3330.0,94
08NJ014,1968,53.91428593226841,15.399999618530273,267.0,1.0,6.0,49.76889038085938,-117.47306060791016,1660.0,28
08NJ019,1999,0.5161666770776113,0.07900000363588333,4.0,3.0,6.0,49.636390686035156,-117.0041732788086,15.0,6
08NJ026,2019,1.5135833323001862,0.20999999344348907,10.899999618530273,1.0,5.0,49.590309143066406,-117.24234771728516,52.9000015258789,24
08NJ061,2019,0.867644441127777,0.090999998152256,8.489999771118164,9.0,5.0,49.6225700378418,-117.05574035644531,27.20000076293945,45
08NJ098,1975,0.39024999737739563,0.023000000044703484,3.880000114440918,2.0,6.0,49.45222091674805,-117.2638931274414,14.5,8
08NJ112,1981,1.5497999787330627,0.1080000028014183,10.300000190734863,8.0,7.0,49.43888854980469,-117.56111145019531,83.69999694824219,10
08NJ129,1995,0.06348275855697434,0.004000000189989804,0.4230000078678131,1.0,6.0,49.50333023071289,-117.2602767944336,4.400000095367432,29
08NJ130,2019,0.1137358493540647,0.009999999776482582,1.8400000333786009,9.0,5.0,49.50194931030274,-117.2612762451172,9.06999969482422,53
08NJ160,2019,4.724130443904711,0.4420000016689301,44.599998474121094,3.0,5.0,49.697120666503906,-117.44596862792969,181.0,46
08NJ162,1992,0.046454545449126854,0.001000000047497451,0.2199999988079071,8.0,3.0,49.4658317565918,-117.5177764892578,5.5900001525878915,11
08NJ168,2014,1.206870961573816,0.11100000143051147,13.300000190734865,3.0,5.0,49.51853942871094,-117.21163940429688,47.70000076293945,31
08NK002,2019,46.950980279959886,7.309999942779541,320.0,12.0,5.0,49.50347137451172,-115.07012939453124,3090.0,51
08NK012,1969,63.691999969482424,7.9000000953674325,317.0,12.0,6.0,49.3116683959961,-115.05110931396484,3520.0,25
08NK016,2019,25.97230758666992,3.0999999046325684,164.0,2.0,5.0,49.86561965942383,-114.86868286132812,1840.0,65
08NK018,2019,7.9849999809265135,1.309999942779541,50.0,1.0,5.0,49.893959045410156,-114.86666107177734,621.0,50
08NK019,1998,1.0879655192638267,0.2199999988079071,7.1500000953674325,12.0,5.0,49.84333038330078,-114.86000061035156,83.9000015258789,29
08NK020,1994,10.78159996032715,1.6599999666213991,80.5,2.0,5.0,49.73028182983398,-114.8566665649414,637.0,25
08NK021,1994,1.7413636283441023,0.2119999974966049,11.0,12.0,5.0,50.20138931274414,-114.88249969482422,104.0,22
08NK022,2019,2.0943333258231482,0.382999986410141,11.699999809265135,3.0,5.0,49.8914909362793,-114.83335876464844,138.0,48
08NK025,1975,2.059999942779541,0.2549999952316284,16.100000381469727,2.0,6.0,50.20111083984375,-114.88249969482422,96.3000030517578,1
08NK026,2019,0.11819444534679253,0.014000000432133676,0.8650000095367432,12.0,5.0,49.58417129516602,-114.95388793945312,6.4000000953674325,36
08NK027,1995,6.672142846243722,0.5540000200271606,75.0,3.0,6.0,50.38249969482422,-114.92194366455078,334.0,14
08NK029,1994,0.45350000262260437,0.10100000351667404,1.9500000476837158,12.0,5.0,50.16889190673828,-114.86083221435548,43.0,2
08NL004,2018,7.883571437426975,1.0900000333786009,101.0,9.0,5.0,49.2076301574707,-119.99352264404295,1050.0,70
08NL006,1931,55.17000045776367,4.869999885559082,274.0,12.0,5.0,49.22111129760742,-119.95777893066406,5960.0,10
08NL007,2019,23.53649348717231,2.359999895095825,80.69999694824219,8.0,5.0,49.45970153808594,-120.50353240966795,1810.0,77
08NL008,1953,19.5142856325422,1.3899999856948853,160.0,1.0,6.0,49.50833129882813,-120.6916732788086,1370.0,7
08NL024,2018,21.768181815291896,1.3400000333786009,176.0,9.0,4.0,49.45771026611328,-120.51856994628906,1780.0,66
08NL025,1955,0.6060000061988831,0.050999999046325684,7.9000000953674325,4.0,6.0,49.43611145019531,-120.30693817138672,227.0,2
08NL035,1979,0.04033333342522383,0.008000000379979609,0.2669999897480011,7.0,5.0,49.40499877929688,-120.26277923583984,22.299999237060547,12
08NL036,1998,1.038823531831012,0.11299999803304672,7.110000133514403,9.0,5.0,49.36917114257813,-120.56971740722656,185.0,34
08NL037,1979,0.024692307924851775,0.0,0.12999999523162842,1.0,5.0,49.5897216796875,-120.39250183105469,16.100000381469727,13
08NL038,2018,48.76603767107118,5.309999942779541,161.0,8.0,3.0,49.37696838378906,-120.15231323242188,5580.0,53
08NL040,1974,0.009571428477231945,0.002000000094994902,0.16099999845027926,1.0,5.0,49.05443954467773,-119.63278198242188,15.300000190734865,7
08NL041,1981,0.4937499997516473,0.10000000149011612,4.699999809265137,2.0,5.0,49.42778015136719,-120.34667205810548,215.0,12
08NL050,2018,2.4636444634861414,0.2169999927282333,27.70000076293945,1.0,4.0,49.36418914794922,-120.06874084472656,388.0,45
08NL060,1982,0.9444999918341637,0.0,8.710000038146973,1.0,5.0,49.76805877685547,-120.77082824707031,409.0,8
08NL067,1975,17.550000190734863,1.190000057220459,207.0,3.0,6.0,49.54056167602539,-120.8000030517578,619.0,2
08NL069,2019,8.064772763035513,1.190000057220459,37.599998474121094,8.0,5.0,49.09893035888672,-120.5793685913086,566.0,44
08NL070,2019,7.7763636112213135,0.8849999904632568,37.599998474121094,8.0,5.0,49.09410095214844,-120.67254638671876,408.0,44
08NL071,2018,6.437045427885923,0.3389999866485596,46.20000076293945,8.0,4.0,49.46567916870117,-120.97891235351562,253.0,44
08NL075,1980,1.3700000047683716,0.07400000095367433,11.600000381469727,9.0,12.0,49.116111755371094,-120.83528137207031,,1
08NL076,2018,1.7616666754086812,0.13699999451637268,13.100000381469727,1.0,4.0,49.13249969482422,-120.03781127929688,,21
08NM015,1982,1.4090952419099354,0.19099999964237213,20.299999237060547,3.0,5.0,49.2622184753418,-119.4741668701172,255.0,21
08NM035,1985,0.39011764789328857,0.001000000047497451,3.220000028610228,7.0,5.0,49.79389190673828,-119.46083068847656,73.30000305175781,17
08NM133,1985,0.13611111024187672,0.0130000002682209,0.8500000238418579,2.0,5.0,49.62083053588867,-119.90277862548828,46.9000015258789,18
08NM134,2019,0.14705769244868022,0.017999999225139618,0.4769999980926514,11.0,4.0,49.71234130859375,-120.01116943359376,34.59999847412109,52
08NM137,1985,0.11647368340115798,0.001000000047497451,0.6539999842643738,7.0,5.0,49.86806106567383,-119.274169921875,31.10000038146973,19
08NM142,2014,0.25154347879731137,0.024000000208616257,2.009999990463257,12.0,5.0,50.25642013549805,-119.0801010131836,60.599998474121094,46
08NM146,2018,0.07863157879757254,0.0,3.75,11.0,5.0,50.04875183105469,-119.33596801757812,15.300000190734865,19
08NM164,1985,0.027454545298083263,0.004000000189989804,0.0949999988079071,11.0,5.0,49.12139129638672,-119.59806060791016,13.0,11
08NM171,2018,0.9089791687826315,0.05700000002980232,12.399999618530273,9.0,6.0,49.2492790222168,-119.3213882446289,117.0,48
08NM172,1986,0.9749375022947788,0.1080000028014183,12.699999809265135,2.0,5.0,49.886940002441406,-119.0616683959961,73.5999984741211,16
08NM173,2018,0.08356249961070716,0.035999998450279236,1.6200000047683716,12.0,5.0,49.7945785522461,-119.8520278930664,40.70000076293945,48
08NM174,2019,0.6503478301608044,0.027000000700354576,5.800000190734862,9.0,5.0,50.21221923828125,-119.53861236572266,114.0,46
08NM176,1985,0.3670714252761432,0.039000000804662704,3.2799999713897705,8.0,5.0,50.366111755371094,-119.50360870361328,52.79999923706055,14
08NM177,1974,0.16075000166893005,0.0,1.7100000381469729,8.0,4.0,50.46221923828125,-119.17749786376952,115.0,4
08NM235,1978,0.009749999968335032,0.004000000189989804,0.026000000536441803,5.0,9.0,50.07500076293945,-119.3794403076172,,4
08NM240,2019,0.062000000583274026,0.004000000189989804,0.6499999761581421,1.0,5.0,49.6508903503418,-119.40003204345705,4.940000057220459,35
08NM241,2019,0.05814705915091669,0.001000000047497451,0.3840000033378601,2.0,5.0,49.65003967285156,-119.39385223388672,4.5,34
08NM242,2019,0.051666666668924416,0.001000000047497451,0.574999988079071,2.0,5.0,49.62414169311523,-119.38117218017578,3.7300000190734863,33
08NM246,2007,0.6859999895095825,0.0,4.2100000381469735,1.0,5.0,49.24533081054688,-119.52481079101562,296.0,1
08NN002,2019,30.878571442195348,1.1699999570846558,153.0,10.0,6.0,49.04327011108398,-118.4404296875,2060.0,56
08NN004,1921,37.25,2.490000009536743,419.0,10.0,5.0,49.05693817138672,-118.9416732788086,4560.0,4
08NN005,1921,42.90000057220459,7.079999923706055,476.0,10.0,5.0,49.0,-118.4958267211914,6730.0,4
08NN014,1945,6.579999923706055,0.2549999952316284,40.20000076293945,10.0,5.0,49.04193878173828,-118.20693969726562,492.0,1
08NN015,2019,3.4587037011429116,0.08900000154972076,20.39999961853028,8.0,6.0,49.702919006347656,-119.09246826171876,233.0,54
08NN019,2018,1.4311320759215445,0.04399999976158142,13.399999618530273,9.0,4.0,49.56536865234375,-119.05196380615234,145.0,53
08NN020,1981,0.48663636500185187,0.06800000369548798,5.46999979019165,2.0,5.0,49.66667175292969,-118.90972137451172,22.79999923706055,11
08NN021,1984,0.14223076718357894,0.014999999664723871,1.3600000143051147,12.0,4.0,49.05110931396485,-118.27333068847656,13.5,13
08NN022,1995,9.651428608667283,0.5839999914169312,71.30000305175781,9.0,5.0,49.484169006347656,-119.10832977294922,1170.0,21
08NN023,2019,4.380869559619738,0.1589999943971634,53.9000015258789,9.0,4.0,49.58914184570313,-118.31175231933594,221.0,46
08NN028,2019,0.2017272717573426,0.008000000379979609,1.6799999475479126,1.0,4.0,49.3658218383789,-118.84931182861328,28.5,22
08NP002,1991,2.463888923327128,0.30799999833106995,25.0,12.0,5.0,49.03250122070313,-114.58332824707031,118.0,18
08NP003,2019,2.7205263125269035,0.2720000147819519,35.599998474121094,2.0,6.0,49.09471893310547,-114.53582763671876,145.0,19
08NP004,2018,1.9860975509736596,0.2169999927282333,23.60000038146973,12.0,5.0,49.094398498535156,-114.55387115478516,92.8000030517578,41
08NP005,1994,2.1299999356269836,0.25600001215934753,13.199999809265135,2.0,5.0,49.04027938842773,-114.53472137451172,,2
08OA002,2018,30.546000137329102,4.539999961853027,312.0,8.0,10.0,53.6138916015625,-132.209716796875,480.0,50
08OA003,2017,0.018641025759279728,0.002000000094994902,0.1889999955892563,7.0,10.0,53.25860977172852,-132.07504272460938,,39
08OA005,1996,0.6643333435058594,0.04399999976158142,9.579999923706056,8.0,1.0,53.24399185180664,-132.14785766601562,10.600000381469727,3
08OB002,2018,8.090238094329834,0.41999998688697815,36.5,8.0,12.0,53.05730056762695,-132.05136108398438,76.69999694824219,42
08PA001,1954,28.32400001525879,11.699999809265135,189.0,2.0,5.0,49.047218322753906,-121.09583282470705,907.0,25
08PA002,1921,7.990000009536743,1.7599999904632568,59.5,9.0,12.0,49.220558166503906,-121.09249877929688,208.0,6
08PA003,1920,4.707500100135803,1.559999942779541,17.100000381469727,4.0,7.0,49.272499084472656,-121.22833251953124,111.0,4
09AA006,2017,98.54354846092963,27.20000076293945,254.0,4.0,9.0,59.5953598022461,-133.81442260742188,6860.0,62
09AA008,1969,5.167500019073486,1.4199999570846558,27.29999923706055,3.0,5.0,59.56111145019531,-133.66555786132812,697.0,8
09AA013,2017,16.004000110626222,2.809999942779541,66.90000152587889,4.0,6.0,59.94778060913086,-134.33250427246094,989.0,50
09AA018,2016,0.7185000032186508,0.16699999570846558,2.0,3.0,6.0,59.83460998535156,-134.6856689453125,,4
09AE003,2018,47.25357140813555,9.510000228881836,194.0,3.0,5.0,59.93082809448242,-131.76861572265622,3390.0,56
10AC002,1993,102.7258062055034,14.0,426.0,3.0,5.0,59.18888854980469,-129.21221923828122,6940.0,31
10AC003,1984,15.505416691303253,1.8899999856948853,50.099998474121094,3.0,6.0,58.81388854980469,-130.08332824707028,1520.0,24
10AC004,1995,18.22580660543134,3.859999895095825,55.20000076293945,11.0,6.0,59.75833129882813,-129.12777709960938,1700.0,31
10AC005,2019,18.428571428571427,2.4000000953674316,88.69999694824219,4.0,5.0,59.11750030517578,-129.82554626464844,882.0,56
10AC006,1995,179.08333333333334,27.0,404.0,11.0,6.0,59.85832977294922,-128.59721374511722,14500.0,12
10AD001,1993,136.57272708777225,2.5999999046325684,779.0,1.0,5.0,59.9508285522461,-128.15083312988278,9450.0,33
10BA001,1993,87.61999938964844,11.800000190734865,471.0,3.0,5.0,59.0644416809082,-127.84471893310548,6580.0,25
10BB001,1994,245.48,33.5,1340.0,3.0,7.0,59.61528015136719,-127.3102798461914,22700.0,25
10BB002,1994,141.1153846153846,17.700000762939453,672.0,3.0,7.0,59.09833145141602,-127.5338897705078,11200.0,26
10BC001,1994,97.76774178781817,21.39999961853028,553.0,2.0,6.0,59.69139099121094,-126.9505615234375,9190.0,31
10BE001,2018,1135.1290322580646,207.0,3500.0,12.0,6.0,59.412498474121094,-126.09722137451172,104000.0,62
10BE004,2018,42.88909131830389,6.4000000953674325,200.0,3.0,7.0,58.8549690246582,-125.38260650634766,2540.0,55
10BE005,1994,1416.1923076923076,250.0,5640.0,3.0,6.0,59.74250030517578,-124.47638702392578,119000.0,26
10BE006,1994,708.16,108.0,2970.0,2.0,6.0,59.70111083984375,-127.22750091552734,61600.0,25
10BE007,2017,16.13913042648979,5.940000057220459,49.70000076293945,3.0,7.0,59.33597183227539,-125.94024658203124,1170.0,46
10BE008,1996,0.19062500027939677,0.07000000029802322,0.5299999713897705,1.0,5.0,59.59833145141602,-126.66667175292969,77.80000305175781,16
10BE009,2018,1.1233947292754525,0.453000009059906,1.6799999475479126,2.0,7.0,59.45417022705078,-126.22750091552734,209.0,38
10BE010,1994,106.94166692097981,12.899999618530273,608.0,3.0,7.0,59.18777847290039,-124.7013931274414,6900.0,12
10BE011,1994,16.544166723887127,2.200000047683716,109.0,2.0,8.0,59.37472152709961,-125.06861114501952,1780.0,12
10BE012,1994,40.10000003467906,6.6500000953674325,275.0,1.0,7.0,59.60943984985352,-127.09610748291016,3780.0,11
10BE013,2016,26.290625035762787,12.199999809265135,34.299999237060554,11.0,6.0,59.55332946777344,-126.48056030273438,3740.0,32
10CA001,2018,28.894799880981445,0.6449999809265137,150.0,2.0,5.0,58.27119064331055,-121.46392059326172,7400.0,25
10CB001,2019,25.236065551882884,3.839999914169312,79.0,4.0,6.0,57.23822021484375,-122.69146728515624,2180.0,61
10CC001,1977,333.7142857142857,28.60000038146973,5240.0,3.0,6.0,58.82221984863281,-122.54167175292969,43500.0,14
10CC002,2002,137.74583355585733,6.4099998474121085,770.0,3.0,6.0,58.67082977294922,-122.6374969482422,22600.0,24
10CD001,2018,209.63333333333333,19.39999961853028,1290.0,3.0,6.0,58.7881088256836,-122.66163635253906,20300.0,60
10CD002,1980,0.4370000064373016,0.0,11.5,1.0,7.0,58.24250030517578,-122.8013916015625,60.599998474121094,1
10CD003,2018,1.2390263143338656,0.0,79.5,2.0,6.0,58.89239120483398,-123.3188934326172,277.0,38
10CD004,2018,2.475588248056524,0.0,21.39999961853028,12.0,5.0,58.030250549316406,-122.7201690673828,335.0,34
10CD005,2017,0.8418823454309913,0.0,7.239999771118164,3.0,6.0,58.10599899291992,-122.71558380126952,109.0,34
10CD006,1994,74.58571352277484,4.380000114440918,1060.0,3.0,7.0,58.48389053344727,-122.82971954345705,7320.0,7
10DA001,2017,61.250000635782875,5.579999923706055,287.0,11.0,7.0,59.9888916015625,-122.95639038085938,22400.0,6
