station_number,most_recent_year,years_of_data,mean,min,max,drainage_area_gross,latitude,longitude,gen_id,annual_precipitation,aspect,average_slope,drainage_area,glacial_area,glacial_coverage,hydrological_zone,median_elevation,potential_evapotranspiration,solar_exposure,watershed_area,mar,qty_Jan,qty_Feb,qty_Mar,qty_Apr,qty_May,qty_Jun,qty_Jul,qty_Aug,qty_Sep,qty_Oct,qty_Nov,qty_Dec,return_Jan,return_Feb,return_Mar,return_Apr,return_May,return_Jun,return_Jul,return_Aug,return_Sep,return_Oct,return_Nov,return_Dec,abs_Jan,abs_Feb,abs_Mar,abs_Apr,abs_May,abs_Jun,abs_Jul,abs_Aug,abs_Sep,abs_Oct,abs_Nov,abs_Dec,annual_qty,annual_return,annual_abs,percent_allocated_mad,percent_allocated_mad_abs,oldest_priority_date
08FA002,2018,58,324.0172413793104,58.70000076293945,1020.0,3900.0,51.67916870117188,-127.17916870117188,12205,3677.6823947234907,,35.369514207422554,3912.548142566099,657700640.2753907,0.1681003316278758,26.0,1253.875,695.4885975693022,0.6391359868968285,3912548142.566099,82.81488931834566,0.0,0.0,0.0,0.0,0.0,0.0,0.0,0.0,0.0,0.0,0.0,0.0,0.0,0.0,0.0,0.0,0.0,0.0,0.0,0.0,0.0,0.0,0.0,0.0,0.0,0.0,0.0,0.0,0.0,0.0,0.0,0.0,0.0,0.0,0.0,0.0,0.0,0.0,0.0,0.0,0.0,24/08/2021
08FB004,2018,45,8.824888865152994,1.5800000429153442,28.20000076293945,159.0,52.424560546875,-126.52108001708984,12215,2368.987421383648,,34.363987539619544,156.13763782011628,5141617.830642247,0.03293003469519516,26.0,1159.5,695.3040540540541,0.6509537998678817,156137637.82011628,56.51993323557264,0.0,0.0,0.0,0.0,0.0,0.0,0.0,0.0,0.0,0.0,0.0,0.0,0.0,0.0,0.0,0.0,0.0,0.0,0.0,0.0,0.0,0.0,0.0,0.0,0.0,0.0,0.0,0.0,0.0,0.0,0.0,0.0,0.0,0.0,0.0,0.0,0.0,0.0,0.0,0.0,0.0,24/08/2021
08FB005,1995,23,16.26086952375329,2.4100000858306885,47.29999923706055,269.0,52.38943862915039,-126.46028137207031,12216,2463.332116788321,,36.40344428472103,271.62452534202214,24354585.77079832,0.08966269058411311,26.0,1346.75,684.1627906976744,0.6161552050078102,271624525.34202206,59.86524782060106,398.12679166666663,398.12679166666663,398.12679166666663,398.12679166666663,7799.006791666666,37800.65358333335,22600.76679166667,18900.326791666666,7799.006791666666,398.12679166666663,398.12679166666663,398.12679166666663,0.0,0.0,0.0,0.0,0.0,0.0,0.0,0.0,0.0,0.0,0.0,0.0,398.12679166666663,398.12679166666663,398.12679166666663,398.12679166666663,7799.006791666666,37800.65358333335,22600.76679166667,18900.326791666666,7799.006791666666,398.12679166666663,398.12679166666663,398.12679166666663,97686.64829166669,0.0,97686.64829166669,0.00019049555083109344,0.00019049555083109344,03/05/1972
08FB006,2019,45,27.95555542839898,9.31999969482422,174.0,2550.0,52.36008071899414,-126.005859375,12217,770.4815097216928,,15.010171431011695,2565.6502042526417,12395945.115050493,0.004831502398301935,25.0,1415.5,756.178166838311,0.6840326814142841,2565650204.252642,10.896089958818944,4685.153383333332,4685.153383333332,4685.153383333332,4685.153383333332,35726.91106333334,164579.09516666658,97810.42642333335,82289.54758333335,35726.91106333334,4685.153383333332,4685.153383333332,4685.153383333332,0.0,0.0,0.0,0.0,0.0,0.0,0.0,0.0,0.0,0.0,0.0,0.0,4685.153383333332,4685.153383333332,4685.153383333332,4685.153383333332,35726.91106333334,164579.09516666658,97810.42642333335,82289.54758333335,35726.91106333334,4685.153383333332,4685.153383333332,4685.153383333332,448928.9649833333,0.0,448928.9649833333,0.0005092170009488344,0.0005092170009488344,09/06/1971
08FB007,2009,39,90.04102540627504,13.899999618530273,429.0,3720.0,52.422218322753906,-126.1580581665039,12218,1071.6863636363637,,20.409556050968423,3650.406560265065,264982109.54108652,0.07258975272109021,25.0,1439.25,742.9066570188133,0.6679663083330925,3650406560.2650647,24.6660266246445,8302536.944095834,8302536.944095834,8302536.944095834,8302536.944095834,8334812.1817758335,16766450.076591654,8399362.65713583,8383225.038295833,8334812.1817758335,8302536.944095834,8302536.944095834,8302536.944095834,8297436.959999999,8297436.959999999,8297436.959999999,8297436.959999999,8297436.959999999,16594873.919999998,8297436.959999999,8297436.959999999,8297436.959999999,8297436.959999999,8297436.959999999,8297436.959999999,5099.9840958333325,5099.9840958333325,5099.9840958333325,5099.9840958333325,37375.221775833335,171576.15659166657,101925.69713583334,85788.07829583334,37375.221775833335,5099.9840958333325,5099.9840958333325,5099.9840958333325,108336420.74424583,107866680.47999997,469740.26424583327,0.03815289031377716,0.00016542865875221265,04/10/1960
08FB009,1995,16,6.2837500274181375,1.5,24.10000038146973,92.5,52.36444091796875,-126.8080596923828,12219,3046.956989247312,,32.71862832716953,92.4911718580644,7340026.596196075,0.07935921287125622,26.0,1225.625,678.44,0.6035944971114278,92491171.8580644,67.93891677641503,0.0,0.0,0.0,0.0,0.0,0.0,0.0,0.0,0.0,0.0,0.0,0.0,0.0,0.0,0.0,0.0,0.0,0.0,0.0,0.0,0.0,0.0,0.0,0.0,0.0,0.0,0.0,0.0,0.0,0.0,0.0,0.0,0.0,0.0,0.0,0.0,0.0,0.0,0.0,0.0,0.0,24/08/2021
08GA010,2020,100,20.19300000190735,1.4600000381469729,194.0,173.0,49.396240234375,-123.14584350585938,12263,3215.6848484848488,,30.717369082272665,174.31468048471712,0.0,0.0,27.0,868.5,809.4692556634303,0.6641433711180136,174314680.4847171,115.84222250103458,68313202.38038084,68313202.38038084,68313202.38038084,68313202.38038084,73273720.385075,156468476.7795384,88155274.39915751,88155274.39915751,73273720.385075,68313202.38038084,68313202.38038084,68313202.38038084,47726572.84,47726572.84,47726572.84,47726572.84,47726572.84,95453145.68,47726572.84,47726572.84,47726572.84,47726572.84,47726572.84,47726572.84,20586629.54038083,20586629.54038083,20586629.54038083,20586629.54038083,25547147.545075,61015331.09953833,40428701.5591575,40428701.5591575,25547147.545075,20586629.54038083,20586629.54038083,20586629.54038083,957518883.0106694,620445446.9200002,337073436.09066916,1.5036262367120785,0.5293185034753771,15/08/1913
08GA013,1933,18,16.46055565940009,0.7080000042915344,105.0,153.0,49.3980598449707,-122.98444366455078,12267,3611.2370370370368,,31.49700763987677,146.24083823291173,0.0,0.0,27.0,846.375,812.0077519379845,0.6574909593511838,146240838.23291174,112.55785906522256,124302618.58988999,124302618.58988999,124302618.58988999,124302618.58988999,130398721.8423625,272989650.18967,148687031.59978002,148687031.59978002,130398721.8423625,124302618.58988999,124302618.58988999,124302618.58988999,99918205.58000001,99918205.58000001,99918205.58000001,99918205.58000001,99918205.58000001,199836411.16000003,99918205.58000001,99918205.58000001,99918205.58000001,99918205.58000001,99918205.58000001,99918205.58000001,24384413.00989,24384413.00989,24384413.00989,24384413.00989,30480516.2623625,73153239.02967,48768826.01978,48768826.01978,30480516.2623625,24384413.00989,24384413.00989,24384413.00989,1701279487.203185,1298936672.5400002,402342814.66318506,3.277363156003253,0.7750775382753345,28/09/1906
08GA017,1967,44,44.82272718169472,5.349999904632568,190.0,813.0,49.96527862548828,-123.1508331298828,12275,2334.556555269923,,25.407460247605645,796.8465741362244,77129261.25009145,0.09679311394881628,26.0,1425.75,777.4095966620306,0.6680614436232178,796846574.1362244,56.25013476437696,188521591.06422284,188258969.29557285,188083888.11647284,187996347.52692285,188081844.13676918,376334681.49323094,188338333.9663082,188338333.9663082,188081844.13676918,187996347.52692285,188521591.06422284,188696672.24332285,187632731.8129042,187632731.8129042,188157975.35020423,188157975.35020423,188157975.35020423,376315950.70040834,187632731.8129042,187632731.8129042,187632731.8129042,187632731.8129042,187632731.8129042,187632731.8129042,888859.2513186669,626237.4826686668,-74087.23373133325,-161627.82328133323,-76131.21343499988,18730.792822667252,705602.1534040001,705602.1534040001,449112.32386500004,363615.7140186667,888859.2513186669,1063940.430418667,2447250444.537046,2441851731.254255,5398713.282791335,1.731304795754087,0.0038193141279278,22/02/1950
08GA020,1969,16,8.706874936819078,0.289000004529953,98.3000030517578,69.40000152587889,49.52444076538086,-123.48416900634766,12276,3361.5806451612902,,34.4401479219351,67.6635826432829,0.0,0.0,27.0,812.0,809.0578512396694,0.6673543123050852,67663582.64328289,128.6788933822946,4519181.060933333,4519181.060933333,4519181.060933333,4519181.060933333,4519181.060933333,9038362.121866666,4519181.060933333,4519181.060933333,4519181.060933333,4519181.060933333,4519181.060933333,4519181.060933333,719530.0,719530.0,719530.0,719530.0,719530.0,1439060.0,719530.0,719530.0,719530.0,719530.0,719530.0,719530.0,3799651.0609333334,3799651.0609333334,3799651.0609333334,3799651.0609333334,3799651.0609333334,7599302.121866666,3799651.0609333334,3799651.0609333334,3799651.0609333334,3799651.0609333334,3799651.0609333334,3799651.0609333334,58749353.792133346,9353890.0,49395463.792133346,0.21396078402956045,0.17989461123032444,17/09/1930
08GA022,2018,57,237.0,33.0,1040.0,2350.0,49.7950210571289,-123.20316314697266,12284,2841.326415910073,,31.811079874729923,2360.500947604161,526352017.6154167,0.22298318420488186,26.0,1318.125,753.8341896310136,0.6515875451039537,2360500947.604161,100.40241680078461,80733298.20018332,80733298.20018332,80733298.20018332,80733298.20018332,80735271.7681833,161476464.24036664,80739218.90418331,80738232.1201833,80735271.7681833,80733298.20018332,80733298.20018332,80733298.20018332,80722962.00000001,80722962.00000001,80722962.00000001,80722962.00000001,80722962.00000001,161445924.0,80722962.00000001,80722962.00000001,80722962.00000001,80722962.00000001,80722962.00000001,80722962.00000001,10336.200183333332,10336.200183333332,10336.200183333332,10336.200183333332,12309.768183333332,30540.240366666647,16256.904183333332,15270.120183333333,12309.768183333332,10336.200183333332,10336.200183333332,10336.200183333332,1049557546.202383,1049398506.0,159040.2023833333,0.14042722137159475,2.127903685498447e-05,21/08/1961
08GA024,1947,23,19.67391304347826,2.3199999332427983,76.19999694824219,287.0,50.08332824707031,-123.04833221435548,12286,2309.034161490684,,29.949858492497896,331.07908810880787,50340243.80803715,0.15204899861115065,26.0,1608.25,772.9614093959732,0.6398359726134785,331079088.10880786,59.4236052656171,614596.3900261667,478252.13637616666,387355.9672761667,341907.8827261667,426104.68967333337,1020602.9932409998,678695.1105148335,678695.1105148335,426104.68967333337,341907.8827261667,614596.3900261667,705492.5591261666,4290.992904166666,4290.992904166666,276979.50020416663,276979.50020416663,276979.50020416663,553959.0004083333,4290.992904166666,4290.992904166666,4290.992904166666,4290.992904166666,4290.992904166666,4290.992904166666,610305.3971220001,473961.14347199997,110376.467072,64928.38252200006,149125.18946916674,466643.9928326667,674404.1176106668,674404.1176106668,421813.6967691667,337616.88982200006,610305.3971220001,701201.566222,6714311.8019005,1419225.4442541667,5295086.357646334,0.010821915807083337,0.008534453037683543,22/02/1950
08GA028,1939,11,13.29454552043568,0.0,149.0,148.0,49.44028091430664,-122.96527862548828,12302,3610.313043478261,,31.603658376673106,123.05846378161912,0.0,0.0,27.0,886.0,810.1658986175114,0.6591489579781799,123058463.78161912,108.03438554237377,44428959.5,44428959.5,44428959.5,44428959.5,44428959.5,88857919.0,44428959.5,44428959.5,44428959.5,44428959.5,44428959.5,44428959.5,44428959.5,44428959.5,44428959.5,44428959.5,44428959.5,88857919.0,44428959.5,44428959.5,44428959.5,44428959.5,44428959.5,44428959.5,0.0,0.0,0.0,0.0,0.0,0.0,0.0,0.0,0.0,0.0,0.0,0.0,577576473.5,577576473.5,0.0,1.3776198517842315,0.0,15/04/1928
08GA030,2018,85,15.690588188171384,1.8899999856948853,197.0,179.0,49.34197998046875,-123.00212097167969,12309,3524.2962962962956,,30.13992697636939,174.5291241385479,0.0,0.0,27.0,805.625,816.8971061093248,0.6616586664339004,174529124.13854793,89.90240606327454,130794482.23178,130794482.23178,130794482.23178,130794482.23178,138141466.014725,290976899.59534,160182417.36356002,160182417.36356002,138141466.014725,130794482.23178,130794482.23178,130794482.23178,101406547.1,101406547.1,101406547.1,101406547.1,101406547.1,202813094.2,101406547.1,101406547.1,101406547.1,101406547.1,101406547.1,101406547.1,29387935.131780002,29387935.131780002,29387935.131780002,29387935.131780002,36734918.914725,88163805.39534,58775870.263560005,58775870.263560005,36734918.914725,29387935.131780002,29387935.131780002,29387935.131780002,1803186041.97437,1318285112.3,484900929.6743701,3.644137084812421,0.9799573749759029,28/09/1906
08GA031,1954,25,20.204000129699708,1.3600000143051147,167.0,197.0,49.357948303222656,-123.11094665527344,12310,3144.3494623655915,,30.27691235223847,197.4317773064253,0.0,0.0,27.0,842.0,812.3028571428572,0.6664103634671702,197431777.30642527,102.3340842358014,144101434.92490166,144101434.92490166,144101434.92490166,144101434.92490166,149061952.92959583,308044941.86858004,163943506.94367832,163943506.94367832,149061952.92959583,144101434.92490166,144101434.92490166,144101434.92490166,123514114.0,123514114.0,123514114.0,123514114.0,123514114.0,247028228.0,123514114.0,123514114.0,123514114.0,123514114.0,123514114.0,123514114.0,20587320.924901664,20587320.924901664,20587320.924901664,20587320.924901664,25547838.92959583,61016713.868580006,40429392.943678334,40429392.943678334,25547838.92959583,20587320.924901664,20587320.924901664,20587320.924901664,1942765906.08944,1605683482.0,337082424.08944,3.0491339516815628,0.5290444209385444,15/08/1913
08GA043,2020,48,35.76458319028219,18.600000381469727,194.0,965.0,49.8160285949707,-123.15007781982422,12311,2398.397231096912,,24.5259354976369,962.7452156116724,83028071.69753033,0.08624096007039526,26.0,1335.25,786.5978135788263,0.6694685679646749,962745215.6116724,37.14854419459197,223020764.78992286,222758143.02127284,222583061.84217283,222495521.25262284,222583040.76966918,445343143.4806309,222843576.4136082,222842564.9600082,222583040.76966918,222495521.25262284,223020764.78992286,223195845.96902284,222130661.0464667,222130661.0464667,222655904.58376673,222655904.58376673,222655904.58376673,445311809.1675334,222130661.0464667,222130661.0464667,222130661.0464667,222130661.0464667,222130661.0464667,222130661.0464667,890103.743456167,627481.974806167,-72842.74159383305,-160383.33114383303,-72863.81409749966,31334.313097667502,712915.3671415001,711903.9135415001,452379.7232025,364860.2061561667,890103.743456167,1065184.9225561672,2895764989.311145,2890324811.290568,5440178.020578837,2.5674591244747056,0.0048234006382626045,04/10/1926
08GA047,2019,56,1.0211607132639204,0.0610000006854534,15.5,32.59999847412109,49.42082977294922,-123.64022064208984,12313,2795.357142857143,,10.926648430618242,29.37439631426121,0.0,0.0,27.0,623.125,851.3454545454546,0.7485221136016584,29374396.31426121,34.76363232588882,1291.5521958333336,1291.5521958333336,1291.5521958333336,1291.5521958333336,2394.8101958333336,8099.394391666666,4601.326195833332,4049.6971958333324,2394.8101958333336,1291.5521958333336,1291.5521958333336,1291.5521958333336,157.68,157.68,157.68,157.68,157.68,315.36,157.68,157.68,157.68,157.68,157.68,157.68,1133.8721958333335,1133.8721958333335,1133.8721958333335,1133.8721958333335,2237.1301958333333,7784.034391666665,4443.646195833333,3892.017195833332,2237.1301958333333,1133.8721958333335,1133.8721958333335,1133.8721958333335,30580.90354583334,2049.8400000000006,28531.063545833335,0.000949619464907205,0.0008859664089722175,07/08/1913
08GA054,1986,16,25.518749952316284,6.53000020980835,100.0,334.0,49.72888946533203,-123.10556030273438,12322,3880.971698113208,,25.298965129606962,330.9352501089178,10471889.882254357,0.03164331958837215,26.0,1168.0,790.1918505942275,0.6850248657745035,330935250.10891783,77.11100568439755,175949320.34881246,175949320.34881246,175949320.34881246,175949320.34881246,175949373.38845247,351898905.8958249,175949479.46773246,175949452.94791245,175949373.38845247,175949320.34881246,175949320.34881246,175949320.34881246,175810282.92000002,175810282.92000002,175810282.92000002,175810282.92000002,175810282.92000002,351620565.84000003,175810282.92000002,175810282.92000002,175810282.92000002,175810282.92000002,175810282.92000002,175810282.92000002,139037.4288124999,139037.4288124999,139037.4288124999,139037.4288124999,139090.4684524999,278340.0558250004,139196.5477324999,139170.02791249988,139090.4684524999,139037.4288124999,139037.4288124999,139037.4288124999,2287341827.530062,2285533677.9600005,1808149.570062499,2.8422682804711092,0.002246820351676785,19/09/1989
08GA060,1987,16,4.366250008344649,0.1589999943971634,47.29999923706055,64.5,49.48221969604492,-123.71083068847656,12324,3456.5,,20.091435099108537,62.32922490631962,0.0,0.0,27.0,976.0,802.9074074074074,0.7110388552351917,62329224.90631962,70.0514087076663,180690.10700000002,180690.10700000002,180690.10700000002,180690.10700000002,188986.72125,394566.67100000003,213876.564,213876.564,188986.72125,180690.10700000002,180690.10700000002,180690.10700000002,147503.65000000002,147503.65000000002,147503.65000000002,147503.65000000002,147503.65000000002,295007.30000000005,147503.65000000002,147503.65000000002,147503.65000000002,147503.65000000002,147503.65000000002,147503.65000000002,33186.457,33186.457,33186.457,33186.457,41483.07125,99559.37099999998,66372.914,66372.914,41483.07125,33186.457,33186.457,33186.457,2465123.9905,1917547.4499999997,547576.5405,0.017902907255321884,0.003976762247067794,03/06/1929
08GA061,2017,42,0.2340238087234042,0.0160000007599592,2.5199999809265137,3.630000114440918,49.35615921020508,-123.09986114501952,12328,2529.0,,26.18283359932177,3.0155489976199354,0.0,0.0,27.0,453.25,864.75,0.8044077205047083,3015548.997619935,77.60570592887424,276.5538083333334,276.5538083333334,276.5538083333334,276.5538083333334,276.5538083333334,553.1076166666668,276.5538083333334,276.5538083333334,276.5538083333334,276.5538083333334,276.5538083333334,276.5538083333334,0.0,0.0,0.0,0.0,0.0,0.0,0.0,0.0,0.0,0.0,0.0,0.0,276.5538083333334,276.5538083333334,276.5538083333334,276.5538083333334,276.5538083333334,553.1076166666668,276.5538083333334,276.5538083333334,276.5538083333334,276.5538083333334,276.5538083333334,276.5538083333334,3595.199508333335,0.0,3595.199508333335,0.00048714286452847385,0.00048714286452847385,08/11/1985
08GA071,2018,37,105.09999971132021,11.100000381469727,823.0,1200.0,50.11402893066406,-123.42839813232422,12347,2718.823480432973,,33.19401484132237,1221.078774622729,326288130.8692815,0.2672130067694389,26.0,1460.25,734.3762376237622,0.6466429085493954,1221078774.6227288,86.07143281463759,6913.845208333333,6913.845208333333,6913.845208333333,6913.845208333333,6913.845208333333,13827.690416666666,6913.845208333333,6913.845208333333,6913.845208333333,6913.845208333333,6913.845208333333,6913.845208333333,0.0,0.0,0.0,0.0,0.0,0.0,0.0,0.0,0.0,0.0,0.0,0.0,6913.845208333333,6913.845208333333,6913.845208333333,6913.845208333333,6913.845208333333,13827.690416666666,6913.845208333333,6913.845208333333,6913.845208333333,6913.845208333333,6913.845208333333,6913.845208333333,89879.98770833336,0.0,89879.98770833336,2.711775187024658e-05,2.711775187024658e-05,04/07/1996
08GA072,2018,36,19.577777730094066,2.740000009536743,60.9000015258789,297.0,50.07991027832031,-123.0356216430664,12348,2380.5261324041808,,30.79703283469632,296.3574550801046,50191375.76915006,0.16936093527859278,26.0,1652.625,768.4925093632959,0.6366903722780715,296357455.08010465,66.06136405376489,152259.74329999997,78206.22965,28837.22055,4152.715999999999,4152.715999999999,8305.431999999999,4152.715999999999,4152.715999999999,4152.715999999999,4152.715999999999,152259.74329999997,201628.75239999997,4152.715999999999,4152.715999999999,152259.74329999997,152259.74329999997,152259.74329999997,304519.48659999995,4152.715999999999,4152.715999999999,4152.715999999999,4152.715999999999,4152.715999999999,4152.715999999999,148107.0273,74053.51365,-123422.52274999999,-148107.0273,-148107.0273,-296214.0546,0.0,0.0,0.0,0.0,148107.0273,197476.03639999998,646413.4171999999,794520.4445,-148107.02729999996,0.001046984763925397,-0.00023988642080646278,01/05/1996
08GA075,2018,23,24.160869432532266,3.920000076293945,140.0,284.0,49.72594833374024,-123.1020965576172,12349,3951.656603773585,,26.148186184738265,275.5982385584535,7537462.125336731,0.02734945682077739,26.0,1182.0,783.7586206896551,0.6659075018579974,275598238.5584535,87.6669951118277,175948559.82416666,175948559.82416666,175948559.82416666,175948559.82416666,175948559.82416666,351897119.6483333,175948559.82416666,175948559.82416666,175948559.82416666,175948559.82416666,175948559.82416666,175948559.82416666,175810282.92000002,175810282.92000002,175810282.92000002,175810282.92000002,175810282.92000002,351620565.84000003,175810282.92000002,175810282.92000002,175810282.92000002,175810282.92000002,175810282.92000002,175810282.92000002,138276.90416666667,138276.90416666667,138276.90416666667,138276.90416666667,138276.90416666667,276553.80833333335,138276.90416666667,138276.90416666667,138276.90416666667,138276.90416666667,138276.90416666667,138276.90416666667,2287331277.714167,2285533677.9600005,1797599.7541666673,3.001994577091378,0.0023592492991141973,26/05/1994
08GA076,2018,21,3.9328571274167015,0.3490000069141388,52.9000015258789,52.79999923706055,49.6898193359375,-123.14647674560548,12350,3375.1020408163267,,28.17364730440981,51.80019663566541,0.0,0.0,27.0,990.25,803.8351648351648,0.6060533672576527,51800196.63566541,75.9235945584974,276553.80833333335,276553.80833333335,276553.80833333335,276553.80833333335,345692.2604166667,829661.4249999999,553107.6166666667,553107.6166666667,345692.2604166667,276553.80833333335,276553.80833333335,276553.80833333335,0.0,0.0,0.0,0.0,0.0,0.0,0.0,0.0,0.0,0.0,0.0,0.0,276553.80833333335,276553.80833333335,276553.80833333335,276553.80833333335,345692.2604166667,829661.4249999999,553107.6166666667,553107.6166666667,345692.2604166667,276553.80833333335,276553.80833333335,276553.80833333335,4563137.8375,0.0,4563137.8375,0.03679161152630381,0.03679161152630381,12/04/1960
08GA077,2020,27,6.564074057119863,0.4050000011920929,68.5,63.0,49.520301818847656,-123.00404357910156,12351,3640.7962962962956,,29.695088032419093,60.105998694928395,0.0,0.0,27.0,988.0,796.9423076923077,0.6731325813811959,60105998.69492839,109.2083019938861,0.0,0.0,0.0,0.0,0.0,0.0,0.0,0.0,0.0,0.0,0.0,0.0,0.0,0.0,0.0,0.0,0.0,0.0,0.0,0.0,0.0,0.0,0.0,0.0,0.0,0.0,0.0,0.0,0.0,0.0,0.0,0.0,0.0,0.0,0.0,0.0,0.0,0.0,0.0,0.0,0.0,24/08/2021
08GA079,2020,24,8.885416706403099,0.4889999926090241,102.0,82.9000015258789,49.4971694946289,-122.9691162109375,12353,3622.7027027027034,,31.02671582575236,82.46533040011153,0.0,0.0,27.0,929.0,802.4335664335664,0.6596411190797167,82465330.40011153,107.74730014773678,0.0,0.0,0.0,0.0,0.0,0.0,0.0,0.0,0.0,0.0,0.0,0.0,0.0,0.0,0.0,0.0,0.0,0.0,0.0,0.0,0.0,0.0,0.0,0.0,0.0,0.0,0.0,0.0,0.0,0.0,0.0,0.0,0.0,0.0,0.0,0.0,0.0,0.0,0.0,0.0,0.0,24/08/2021
08GB007,1995,36,4.225833310021295,0.4040000140666961,29.60000038146973,128.0,49.797218322753906,-124.37999725341795,12356,1656.895161290323,,12.76020910716079,127.27003541561298,0.0,0.0,27.0,440.5,880.7333333333332,0.7102971122987752,127270035.41561298,33.20367827526263,3267228.7194591668,3267228.7194591668,3267228.7194591668,3267228.7194591668,3639525.4562375,8023644.386031666,4756415.6665725,4756415.6665725,3639525.4562375,3267228.7194591668,3267228.7194591668,3267228.7194591668,1777875.8399999999,1777875.8399999999,1777875.8399999999,1777875.8399999999,1777875.8399999999,3555751.6799999997,1777875.8399999999,1777875.8399999999,1777875.8399999999,1777875.8399999999,1777875.8399999999,1777875.8399999999,1489352.879459167,1489352.879459167,1489352.879459167,1489352.879459167,1861649.6162375002,4467892.706031667,2978539.8265725,2978539.8265725,1861649.6162375002,1489352.879459167,1489352.879459167,1489352.879459167,47686127.66786584,23112385.919999998,24573741.747865833,0.3578269841532503,0.18439635023929768,17/01/1957
08GB013,2019,26,15.500000036679781,1.8799999952316284,160.0,147.0,49.78718948364258,-123.42041778564452,12359,4180.927536231884,,36.72704991273034,146.0478863609369,7343952.924831197,0.05028455466093938,26.0,1234.0,763.1274131274132,0.6487220783875668,146047886.3609369,106.12957450389732,62647108.42750001,62647108.42750001,62647108.42750001,62647108.42750001,62647108.42750001,125294216.85499999,62647108.42750001,62647108.42750001,62647108.42750001,62647108.42750001,62647108.42750001,62647108.42750001,62647108.42750001,62647108.42750001,62647108.42750001,62647108.42750001,62647108.42750001,125294216.85499999,62647108.42750001,62647108.42750001,62647108.42750001,62647108.42750001,62647108.42750001,62647108.42750001,0.0,0.0,0.0,0.0,0.0,0.0,0.0,0.0,0.0,0.0,0.0,0.0,814412409.5575001,814412409.5575001,0.0,1.666119228061415,0.0,05/09/2001
08GB014,2019,12,5.9966667493184405,0.6069999933242798,26.899999618530284,135.0,49.8780288696289,-124.27835845947266,12360,1826.5396825396826,,17.332127548483975,133.42351854729188,0.0,0.0,27.0,478.5,877.6051502145923,0.6948645321129201,133423518.54729187,44.94460058174021,3906020.0,3906020.0,3906020.0,3906020.0,3906020.0,7812040.0,3906020.0,3906020.0,3906020.0,3906020.0,3906020.0,3906020.0,3906020.0,3906020.0,3906020.0,3906020.0,3906020.0,7812040.0,3906020.0,3906020.0,3906020.0,3906020.0,3906020.0,3906020.0,0.0,0.0,0.0,0.0,0.0,0.0,0.0,0.0,0.0,0.0,0.0,0.0,50778260.0,50778260.0,0.0,0.2685105124576949,0.0,08/09/1934
08GD007,1994,13,48.92307692307693,6.75,210.0,1550.0,51.40861129760742,-124.93167114257812,12374,1110.3923566878982,,30.815151101797127,1561.8913571592234,188451139.4460451,0.12065572844247062,25.0,1747.0,738.5215753424658,0.6439671328018984,1561891357.159223,31.322970511891743,188980.37637916664,188980.37637916664,188980.37637916664,188980.37637916664,403605.8963791668,1451088.3527583324,832856.9363791668,725544.1763791665,403605.8963791668,188980.37637916664,188980.37637916664,188980.37637916664,186062.40000000002,186062.40000000002,186062.40000000002,186062.40000000002,186062.40000000002,372124.80000000005,186062.40000000002,186062.40000000002,186062.40000000002,186062.40000000002,186062.40000000002,186062.40000000002,2917.9763791666674,2917.9763791666674,2917.9763791666674,2917.9763791666674,217543.49637916664,1078963.5527583335,646794.5363791668,539481.7763791668,217543.49637916664,2917.9763791666674,2917.9763791666674,2917.9763791666674,5139563.892929167,2418811.1999999997,2720752.6929291678,0.0033312398193658262,0.0017634725237683426,25/06/1959
08GE002,2019,41,300.97560975609764,38.5,996.0,5780.0,51.14477920532226,-125.5943603515625,12378,1478.3886646485032,,25.944576165674057,5879.881157627972,1097435338.2267401,0.18664243524769825,25.0,1420.25,731.6097117395652,0.6568586901463038,5879881157.6279745,51.18736275233078,1562876.093295833,1562876.093295833,1562876.093295833,1562876.093295833,2142981.741295833,6026280.426591664,3303193.037295833,3013140.213295833,2142981.741295833,1562876.093295833,1562876.093295833,1562876.093295833,1550699.4599999997,1550699.4599999997,1550699.4599999997,1550699.4599999997,1550699.4599999997,3101398.9199999995,1550699.4599999997,1550699.4599999997,1550699.4599999997,1550699.4599999997,1550699.4599999997,1550699.4599999997,12176.633295833333,12176.633295833333,12176.633295833333,12176.633295833333,592282.2812958334,2924881.506591666,1752493.5772958333,1462440.753295833,592282.2812958334,12176.633295833333,12176.633295833333,12176.633295833333,27568709.812845834,20159092.979999997,7409616.832845831,0.002904547827428731,0.0007806526536796284,18/06/1927
08GE003,2015,15,2.878666639328003,0.3459999859333038,13.699999809265135,23.0,51.22761154174805,-125.67146301269531,12379,2149.7727272727275,,36.4528777786855,23.181853071368483,9470190.828915637,0.40851742092232096,26.0,1477.375,678.609756097561,0.5377031694414021,23181853.07136848,124.1775897062947,0.0,0.0,0.0,0.0,0.0,0.0,0.0,0.0,0.0,0.0,0.0,0.0,0.0,0.0,0.0,0.0,0.0,0.0,0.0,0.0,0.0,0.0,0.0,0.0,0.0,0.0,0.0,0.0,0.0,0.0,0.0,0.0,0.0,0.0,0.0,0.0,0.0,0.0,0.0,0.0,0.0,24/08/2021
08GF006,2011,13,3.7007692226996785,0.125,18.700000762939453,36.900001525878906,50.79689025878906,-126.0096435546875,12389,3616.722222222222,,35.10678859685743,37.48827134721797,0.0,0.0,27.0,810.25,727.953125,0.6483078758100121,37488271.34721797,98.71805473298559,0.0,0.0,0.0,0.0,0.0,0.0,0.0,0.0,0.0,0.0,0.0,0.0,0.0,0.0,0.0,0.0,0.0,0.0,0.0,0.0,0.0,0.0,0.0,0.0,0.0,0.0,0.0,0.0,0.0,0.0,0.0,0.0,0.0,0.0,0.0,0.0,0.0,0.0,0.0,0.0,0.0,24/08/2021
08LG008,2017,43,10.206046559089838,0.1959999948740004,66.90000152587889,775.0,50.13618087768555,-121.03002166748048,12398,1165.7975871313672,,16.469243465305563,765.4023809432347,0.0,0.0,25.0,1360.0,865.0409057706355,0.6828820331464736,765402380.9432348,13.33422368834617,4000.854199999999,4000.854199999999,4000.854199999999,4000.854199999999,201319.42450199998,994594.5599100001,595956.5651059999,497297.27995500003,201319.42450199998,4000.854199999999,4000.854199999999,4000.854199999999,1027.8999999999999,1027.8999999999999,1027.8999999999999,1027.8999999999999,1027.8999999999999,2055.7999999999997,1027.8999999999999,1027.8999999999999,1027.8999999999999,1027.8999999999999,1027.8999999999999,1027.8999999999999,2972.954199999999,2972.954199999999,2972.954199999999,2972.954199999999,200291.524502,992538.75991,594928.6651059999,496269.379955,200291.524502,2972.954199999999,2972.954199999999,2972.954199999999,2518493.233375,13362.699999999997,2505130.533375,0.007824861084110301,0.007783343691955741,26/09/1888
08LG010,2020,48,8.079791595538456,0.3120000064373016,70.19999694824219,917.0,50.10979843139648,-120.8030014038086,12399,1066.089670828604,,14.323675203087125,911.3976091374452,0.0,0.0,25.0,1259.375,892.3748473748474,0.6847542770272661,911397609.1374453,8.86527626859285,908254.1356286707,908254.1356286707,908254.1356286707,908254.1356286707,3155985.092126501,13001478.428472713,7705131.630395968,6608108.46478398,3155985.092126501,908254.1356286707,908254.1356286707,908254.1356286707,641876.2934999999,641876.2934999999,641876.2934999999,641876.2934999999,641876.2934999999,1283752.587,641876.2934999999,641876.2934999999,641876.2934999999,641876.2934999999,641876.2934999999,641876.2934999999,266377.8421286653,266377.8421286653,266377.8421286653,266377.8421286653,2514108.7986264993,11717725.841472598,7063255.336895966,5966232.171283978,2514108.7986264993,266377.8421286653,266377.8421286653,266377.8421286653,39984467.65730636,8344391.815499998,31640075.841806196,0.15692225931852785,0.12417402248941885,02/05/1889
08LG048,2020,53,6.764905650660678,0.4309999942779541,62.4000015258789,316.0,49.85422134399414,-120.90846252441406,12400,2023.9372937293729,,19.251397179571697,314.89155603194075,0.0,0.0,25.0,1437.25,840.8701067615657,0.6776836234341789,314891556.0319408,21.483286931881036,32750.88820416664,32750.88820416664,32750.88820416664,32750.88820416664,33490.97620416667,69202.21640833336,34971.15220416669,34601.108204166696,33490.97620416667,32750.88820416664,32750.88820416664,32750.88820416664,0.0,0.0,0.0,0.0,0.0,0.0,0.0,0.0,0.0,0.0,0.0,0.0,32750.88820416664,32750.88820416664,32750.88820416664,32750.88820416664,33490.97620416667,69202.21640833336,34971.15220416669,34601.108204166696,33490.97620416667,32750.88820416664,32750.88820416664,32750.88820416664,435012.64665416663,0.0,435012.64665416663,0.0020390765589411194,0.0020390765589411194,30/04/1923
08LG068,2019,16,3.4356249943375587,0.0700000002980232,26.10000038146973,178.0,49.95027160644531,-121.09644317626952,12402,1415.366459627329,,17.216306062094635,168.23189765612517,0.0,0.0,25.0,1408.125,843.7308970099667,0.6961356486913668,168231897.65612516,20.421959463122484,0.0,0.0,0.0,0.0,0.0,0.0,0.0,0.0,0.0,0.0,0.0,0.0,0.0,0.0,0.0,0.0,0.0,0.0,0.0,0.0,0.0,0.0,0.0,0.0,0.0,0.0,0.0,0.0,0.0,0.0,0.0,0.0,0.0,0.0,0.0,0.0,0.0,0.0,0.0,0.0,0.0,24/08/2021
08MA002,2018,56,43.14107179641724,7.579999923706055,115.0,2130.0,51.62485885620117,-124.1433563232422,12403,1059.980778246601,,24.24907115227097,2139.592410892606,177009241.5911453,0.0827303558799312,25.0,1914.0,768.7618927762396,0.6627404658612568,2139592410.8926067,20.163219675292936,29137493.726275,29137493.726275,29137493.726275,29137493.726275,29413793.246275,59656485.05255,29966392.286275,29828242.526275,29413793.246275,29137493.726275,29137493.726275,29137493.726275,29134060.560000002,29134060.560000002,29134060.560000002,29134060.560000002,29134060.560000002,58268121.120000005,29134060.560000002,29134060.560000002,29134060.560000002,29134060.560000002,29134060.560000002,29134060.560000002,3433.1662749999996,3433.1662749999996,3433.1662749999996,3433.1662749999996,279732.686275,1388363.93255,832331.7262749999,694181.966275,279732.686275,3433.1662749999996,3433.1662749999996,3433.1662749999996,382241162.4415751,378742787.28000003,3498375.1615750007,0.2809570380136294,0.0025713952861023907,09/12/1964
08ME004,1947,21,44.34761901128861,3.0,212.0,956.0,50.8375015258789,-122.8566665649414,12404,1492.666666666667,,25.84789291794633,979.202674340623,207020203.447326,0.21141711401751387,25.0,1834.25,769.7028985507246,0.6666612500754873,979202674.340623,45.2895199057248,162511735.68,162511735.68,162511735.68,162511735.68,162511735.68,325023471.36,162511735.68,162511735.68,162511735.68,162511735.68,162511735.68,162511735.68,162511735.68,162511735.68,162511735.68,162511735.68,162511735.68,325023471.36,162511735.68,162511735.68,162511735.68,162511735.68,162511735.68,162511735.68,0.0,0.0,0.0,0.0,0.0,0.0,0.0,0.0,0.0,0.0,0.0,0.0,2112652563.8400006,2112652563.8400006,0.0,1.510605864009987,0.0,07/06/1956
08ME005,1940,16,66.81874966621399,13.300000190734865,518.0,1650.0,50.85110855102539,-122.84583282470705,12405,1365.084541062802,,26.849894932117532,1674.6480664557268,239075472.9047092,0.14276162119883215,25.0,1762.375,774.648033799155,0.6620683276099701,1674648066.4557269,39.90017425430234,162591462.37425664,162591462.37425664,162591462.37425664,162591462.37425664,162595361.78295416,325198522.3833033,162607060.00904664,162607060.00904664,162595361.78295416,162591462.37425664,162591462.37425664,162591462.37425664,162520486.92,162520486.92,162520486.92,162520486.92,162520486.92,325040973.84,162520486.92,162520486.92,162520486.92,162520486.92,162520486.92,162520486.92,70975.45425666666,70975.45425666666,70975.45425666666,70975.45425666666,74874.86295416666,157548.54330333328,86573.08904666666,86573.08904666666,74874.86295416666,70975.45425666666,70975.45425666666,70975.45425666666,2113743602.587101,2112766329.9600003,977272.6271016666,1.0031072158619143,0.00046377868295386884,10/05/1926
08ME027,2020,25,13.427999992370605,1.2599999904632568,63.5,312.0,50.73088836669922,-122.9420166015625,12409,1461.6655737704916,,28.664183761370918,311.909002906535,26725552.301583074,0.08568381179299114,25.0,1805.5,763.6101398601397,0.6599074034467033,311909002.906535,43.051017659770366,0.0,0.0,0.0,0.0,0.0,0.0,0.0,0.0,0.0,0.0,0.0,0.0,0.0,0.0,0.0,0.0,0.0,0.0,0.0,0.0,0.0,0.0,0.0,0.0,0.0,0.0,0.0,0.0,0.0,0.0,0.0,0.0,0.0,0.0,0.0,0.0,0.0,0.0,0.0,0.0,0.0,24/08/2021
08ME028,2020,25,36.75600021362305,2.8399999141693115,159.0,708.0,50.82093811035156,-123.2034912109375,12410,1690.8181818181818,,22.839693777917887,704.3156539987558,198992377.943008,0.2825329478526109,25.0,1915.75,759.0116099071208,0.6733890564335328,704315653.9987558,52.18682845531072,0.0,0.0,0.0,0.0,0.0,0.0,0.0,0.0,0.0,0.0,0.0,0.0,0.0,0.0,0.0,0.0,0.0,0.0,0.0,0.0,0.0,0.0,0.0,0.0,0.0,0.0,0.0,0.0,0.0,0.0,0.0,0.0,0.0,0.0,0.0,0.0,0.0,0.0,0.0,0.0,0.0,24/08/2021
08MF003,1982,32,32.99687528610229,8.359999656677246,137.0,741.0,49.37527847290039,-121.41944122314452,12416,2565.9011299435033,,32.459585428342585,733.3317492373441,0.0,0.0,26.0,1178.875,837.2248656945509,0.6388641198930943,733331749.237344,44.99583622339907,2006474.5324375003,2006474.5324375003,2006474.5324375003,2006474.5324375003,2006875.4134375004,4014953.4698749976,2007677.1754375002,2007476.7349375002,2006875.4134375004,2006474.5324375003,2006474.5324375003,2006474.5324375003,1918467.5076166668,1918467.5076166668,1918467.5076166668,1918467.5076166668,1918467.5076166668,3836935.015233334,1918467.5076166668,1918467.5076166668,1918467.5076166668,1918467.5076166668,1918467.5076166668,1918467.5076166668,88007.02482083334,88007.02482083334,88007.02482083334,88007.02482083334,88407.90582083333,178018.4546416666,89209.66782083333,89009.22732083334,88407.90582083333,88007.02482083334,88007.02482083334,88007.02482083334,26089179.934187498,24940077.599016663,1149102.3351708332,0.025071539700867604,0.0011042801992730573,04/06/1930
08MF034,1969,16,3.331250011920929,0.0080000003799796,55.79999923706055,114.0,49.31306076049805,-121.62555694580078,12429,2437.2181818181816,,32.98057127576025,114.51745091316269,1058894.5645505146,0.009246578194911644,26.0,1123.75,823.1527093596059,0.6080593901047092,114517450.91316268,29.0894530515439,132358794.22618753,132358794.22618753,132358794.22618753,132358794.22618753,132358794.22618753,264717588.45237488,132358794.22618753,132358794.22618753,132358794.22618753,132358794.22618753,132358794.22618753,132358794.22618753,132350406.64000002,132350406.64000002,132350406.64000002,132350406.64000002,132350406.64000002,264700813.27999997,132350406.64000002,132350406.64000002,132350406.64000002,132350406.64000002,132350406.64000002,132350406.64000002,8387.5861875,8387.5861875,8387.5861875,8387.5861875,8387.5861875,16775.172375,8387.5861875,8387.5861875,8387.5861875,8387.5861875,8387.5861875,8387.5861875,1720664324.9404373,1720555286.3200004,109038.62043749998,16.37880904240011,0.0010379262919014607,31/05/1910
08MF062,2018,46,3.4073913097381587,0.356000006198883,36.0,85.5,49.54188919067383,-121.1199722290039,12434,2848.301204819277,,25.24736926968132,89.3184350266288,0.0,0.0,25.0,1387.75,830.525641025641,0.6511604465134068,89318435.02662879,38.148802189853654,0.0,0.0,0.0,0.0,0.0,0.0,0.0,0.0,0.0,0.0,0.0,0.0,0.0,0.0,0.0,0.0,0.0,0.0,0.0,0.0,0.0,0.0,0.0,0.0,0.0,0.0,0.0,0.0,0.0,0.0,0.0,0.0,0.0,0.0,0.0,0.0,0.0,0.0,0.0,0.0,0.0,24/08/2021
08MF065,2018,37,36.059459480079454,7.730000019073486,205.0,712.0,49.95386123657226,-121.86286926269531,12435,2245.035971223021,,35.45408005766183,714.6104390525372,16355199.943224145,0.022886875211211032,25.0,1490.625,807.0835913312692,0.648304019144939,714610439.0525372,50.46030327780925,0.0,0.0,0.0,0.0,0.0,0.0,0.0,0.0,0.0,0.0,0.0,0.0,0.0,0.0,0.0,0.0,0.0,0.0,0.0,0.0,0.0,0.0,0.0,0.0,0.0,0.0,0.0,0.0,0.0,0.0,0.0,0.0,0.0,0.0,0.0,0.0,0.0,0.0,0.0,0.0,0.0,24/08/2021
08MF068,2019,28,29.88928576878139,4.2899999618530265,89.4000015258789,720.0,49.36846160888672,-121.38449096679688,12436,2577.16068866571,,32.39880120535912,721.9379033984156,0.0,0.0,26.0,1186.0,836.2285491419658,0.6419674137907727,721937903.3984157,41.40146351657395,2006059.7014208336,2006059.7014208336,2006059.7014208336,2006059.7014208336,2006460.5824208336,4014123.807841665,2007262.3444208335,2007061.9039208335,2006460.5824208336,2006059.7014208336,2006059.7014208336,2006059.7014208336,1918467.5076166668,1918467.5076166668,1918467.5076166668,1918467.5076166668,1918467.5076166668,3836935.015233334,1918467.5076166668,1918467.5076166668,1918467.5076166668,1918467.5076166668,1918467.5076166668,1918467.5076166668,87592.19380416667,87592.19380416667,87592.19380416667,87592.19380416667,87993.07480416667,177188.7926083333,88794.83680416667,88594.39630416667,87993.07480416667,87592.19380416667,87592.19380416667,87592.19380416667,26083787.130970832,24940077.599016663,1143709.5319541667,0.027672506812985737,0.0012133709593688297,04/06/1930
08MG001,2018,37,39.372973158552846,3.75,339.0,383.0,49.30002975463867,-121.9377670288086,12437,2875.832876712329,,30.273552470972056,383.07074388836156,263157.07648974605,0.0006869673048340072,27.0,846.5,849.0543318649045,0.6671124570299499,383070743.8883616,102.7825115509926,5584774.712604167,5584774.712604167,5584774.712604167,5584774.712604167,5584774.712604167,11169549.42520833,5584774.712604167,5584774.712604167,5584774.712604167,5584774.712604167,5584774.712604167,5584774.712604167,5581317.79,5581317.79,5581317.79,5581317.79,5581317.79,11162635.579999998,5581317.79,5581317.79,5581317.79,5581317.79,5581317.79,5581317.79,3456.9226041666666,3456.9226041666666,3456.9226041666666,3456.9226041666666,3456.9226041666666,6913.845208333333,3456.9226041666666,3456.9226041666666,3456.9226041666666,3456.9226041666666,3456.9226041666666,3456.9226041666666,72602071.26385416,72557131.27,44939.99385416668,0.058471494344520196,3.619330069712372e-05,13/02/1980
08MG004,1947,26,8.273076956088726,1.7000000476837158,28.60000038146973,195.0,50.17082977294922,-122.91667175292969,12438,1946.9673913043482,,24.471588461957232,189.0952215598891,8095457.615304788,0.0428115398608359,26.0,1441.0,788.1569767441861,0.6630338884301014,189095221.55988908,43.75085149081109,15769574.924247833,14268651.790647833,13268036.368247831,12767728.657047832,12928958.156779166,26211029.75798098,13381992.211013164,13366664.988533163,12928958.156779166,12767728.657047832,15769574.924247833,16770190.34664783,12189329.497425,12189329.497425,15191175.764625,15191175.764625,15191175.764625,30382351.529249996,12189329.497425,12189329.497425,12189329.497425,12189329.497425,12189329.497425,12189329.497425,3580245.4268228333,2079322.2932228332,-1923139.3963771663,-2423447.1075771665,-2262217.607845833,-4171321.7712689997,1192662.7135881667,1177335.4911081668,739628.6593541666,578399.1596228334,3580245.4268228333,4580860.849222833,180199088.9392205,173470514.80252498,6728574.1366955,0.6906832435205615,0.025789882936472042,01/10/1926
08MG005,2017,90,125.087777794732,19.600000381469727,424.0,2100.0,50.336021423339844,-122.8002471923828,12442,2117.7056549057515,,30.58280199574793,2093.2884787562853,399797631.9321382,0.19099022231741106,25.0,1484.75,770.5252024027161,0.6585966733367254,2093288478.756286,59.75658828880201,198522965.15924996,198522965.15924996,198522965.15924996,198522965.15924996,198859520.57724988,398728707.4085,199532631.41325003,199364353.7042499,198859520.57724988,198522965.15924996,198522965.15924996,198522965.15924996,198517264.72277915,198517264.72277915,198517264.72277915,198517264.72277915,198517264.72277915,397034529.4455584,198517264.72277915,198517264.72277915,198517264.72277915,198517264.72277915,198517264.72277915,198517264.72277915,5700.436470833335,5700.436470833335,5700.436470833335,5700.436470833335,342255.8544708333,1694177.9629416661,1015366.6904708331,847088.9814708334,342255.8544708333,5700.436470833335,5700.436470833335,5700.436470833335,2585005489.795249,2580724441.3961296,4281048.399120834,0.6552997247485594,0.0010852471488566734,20/01/1947
08MG006,1947,23,11.564782640208369,1.25,58.29999923706055,179.0,50.26667022705078,-122.87222290039062,12443,2174.017142857143,,30.36530415040173,180.33105999372668,21560438.648850914,0.11956031672858215,26.0,1542.0,774.92,0.6789403326508018,180331059.99372667,64.13084157887545,96741515.52,96741515.52,96741515.52,96741515.52,96741515.52,193483031.04,96741515.52,96741515.52,96741515.52,96741515.52,96741515.52,96741515.52,96741515.52,96741515.52,96741515.52,96741515.52,96741515.52,193483031.04,96741515.52,96741515.52,96741515.52,96741515.52,96741515.52,96741515.52,0.0,0.0,0.0,0.0,0.0,0.0,0.0,0.0,0.0,0.0,0.0,0.0,1257639701.76,1257639701.76,0.0,3.448356495234121,0.0,07/02/1992
08MG007,1947,23,18.99130443904711,1.8700000047683718,79.30000305175781,283.0,50.224998474121094,-122.88333129882812,12444,2178.3862815884477,,27.791798737133067,284.6839483703008,42256354.57696856,0.1484325154925977,26.0,1436.125,772.6964980544748,0.6798541384374859,284683948.3703008,66.71013433586461,173553189.1386042,173553189.1386042,173553189.1386042,173553189.1386042,173553189.1386042,347106378.2772084,173553189.1386042,173553189.1386042,173553189.1386042,173553189.1386042,173553189.1386042,173553189.1386042,173553120.00000003,173553120.00000003,173553120.00000003,173553120.00000003,173553120.00000003,347106240.00000006,173553120.00000003,173553120.00000003,173553120.00000003,173553120.00000003,173553120.00000003,173553120.00000003,69.13860416666667,69.13860416666667,69.13860416666667,69.13860416666667,69.13860416666667,138.27720833333333,69.13860416666667,69.13860416666667,69.13860416666667,69.13860416666667,69.13860416666667,69.13860416666667,2256191458.8018546,2256190560.0000005,898.8018541666669,3.767164181047843,1.500729974695564e-06,02/06/1989
08MG008,1970,17,23.89999984292423,4.2199997901916495,91.5,596.0,50.3388900756836,-122.727783203125,12445,1302.4929356357927,,30.437420658281315,644.6461083064734,8539442.068818962,0.01324671313265603,25.0,1495.75,811.3079555175364,0.6681096750355228,644646108.3064734,37.07460501966119,35589.846645833335,35589.846645833335,35589.846645833335,35589.846645833335,61730.33864583335,201882.15329166665,114011.32264583337,100941.07664583335,61730.33864583335,35589.846645833335,35589.846645833335,35589.846645833335,15242.4,15242.4,15242.4,15242.4,15242.4,30484.8,15242.4,15242.4,15242.4,15242.4,15242.4,15242.4,20347.446645833334,20347.446645833334,20347.446645833334,20347.446645833334,46487.93864583333,171397.35329166657,98768.92264583336,85698.67664583334,46487.93864583333,20347.446645833334,20347.446645833334,20347.446645833334,789424.1563958334,198151.19999999998,591272.9563958332,0.0010473839309953705,0.0007844829529774327,30/06/1969
08MG013,2018,64,443.203125,216.0,902.0,7890.0,49.30041885375977,-121.82964324951172,12447,2085.7371259791958,,31.394198089879545,7955.589299201679,625057334.9302322,0.07856832616949631,26.0,1297.0,813.9038381309972,0.6571774441569493,7955589299.201679,55.709653720369175,863664771.3558766,862163848.2222764,861163232.7998766,860662925.0886765,861239699.4977078,1724061575.6964364,862541394.8418417,862327080.9003612,861239699.4977078,860662925.0886765,863664771.3558766,864665386.7782764,859485956.3594375,859485956.3594375,862487802.6266376,862487802.6266376,862487802.6266376,1724975605.2532744,859485956.3594375,859485956.3594375,859485956.3594375,859485956.3594375,859485956.3594375,859485956.3594375,4178814.996438831,2677891.8628388355,-1324569.8267611659,-1824877.5379611654,-1248103.1289299994,-914029.5568376645,3055438.482403498,2841124.5409234995,1753743.1382700014,1176968.7292388342,4178814.996438831,5179430.418838831,11208057311.12359,11188326664.00869,19730647.114901166,0.8019013085204236,0.001411665848968418,14/12/1925
08MG025,2018,26,1.6715384584206798,0.0549999997019767,14.0,32.400001525878906,50.3155403137207,-122.80464935302734,12449,2036.5925925925928,,26.77918324348805,29.615169726427542,4166763.8896686994,0.1406969444429834,26.0,1413.0,805.78,0.6393653350277327,29615169.72642754,56.44196787868,167629.29896666668,167629.29896666668,167629.29896666668,167629.29896666668,172330.71370833335,354064.25690000004,186434.95793333335,186434.95793333335,172330.71370833335,167629.29896666668,167629.29896666668,167629.29896666668,0.0,0.0,0.0,0.0,0.0,0.0,0.0,0.0,0.0,0.0,0.0,0.0,167629.29896666668,167629.29896666668,167629.29896666668,167629.29896666668,172330.71370833335,354064.25690000004,186434.95793333335,186434.95793333335,172330.71370833335,167629.29896666668,167629.29896666668,167629.29896666668,2245000.69295,0.0,2245000.69295,0.04258861327313576,0.04258861327313576,14/04/1959
08MG026,2016,17,3.8105882756850296,0.9789999723434448,20.600000381469727,89.69999694824219,50.1202507019043,-122.94880676269531,12450,2198.785714285714,,28.097274707013053,90.45858888532987,7766089.118412618,0.08585242390036976,26.0,1695.0,769.638036809816,0.6326494195199978,90458588.88532989,42.125223515431294,13590449.986000001,12453209.1793,11695048.6415,11315968.3726,11357480.8196,22806312.52319999,11473692.170599999,11469529.1756,11357480.8196,11315968.3726,13590449.986000001,14348610.5238,11169947.9618,11169947.9618,13444429.5752,13444429.5752,13444429.5752,26888859.150399998,11169947.9618,11169947.9618,11169947.9618,11169947.9618,11169947.9618,11169947.9618,2420502.0242,1283261.2174999998,-1749380.9337000002,-2128461.2026,-2086948.7555999998,-4082546.6272,303744.2088,299581.21379999997,187532.8578,146020.4108,2420502.0242,3178662.5619999995,156774200.5704,156581731.5704,192468.99999999953,1.3045957549991898,0.001601629856541247,18/01/1982
08MH002,2020,48,6.66625003516674,1.3300000429153442,104.0,238.0,49.26523971557617,-122.78150177001952,12458,3882.432432432433,,27.65085113523948,233.456969034858,0.0,0.0,27.0,779.75,831.9354066985646,0.6710913290140869,233456969.03485796,28.554512905422786,490836781.1348208,490836781.1348208,490836781.1348208,490836781.1348208,492219550.1764875,987204638.4363084,496367857.3014875,496367857.3014875,492219550.1764875,490836781.1348208,490836781.1348208,490836781.1348208,485287091.03,485287091.03,485287091.03,485287091.03,485287091.03,970574182.0600001,485287091.03,485287091.03,485287091.03,485287091.03,485287091.03,485287091.03,5549690.104820833,5549690.104820833,5549690.104820833,5549690.104820833,6932459.1464875,16630456.376308333,11080766.2714875,11080766.2714875,6932459.1464875,5549690.104820833,5549690.104820833,5549690.104820833,6400236921.336005,6308732183.389998,91504737.94600417,30.444429829625836,0.43526663273801214,06/04/1886
08MH005,2016,47,5.213829803974071,2.390000104904175,50.599998474121094,233.0,49.23899841308594,-122.57975006103516,12467,3209.6375545851533,,29.250822819148738,237.44534760875717,10721.072271049932,4.5151747039976674e-05,27.0,639.0,859.1377672209026,0.6671047414166511,237445347.6087572,21.95802047284156,72036626.88351668,72036626.88351668,72036626.88351668,72036626.88351668,72036626.88351668,144073253.7670333,72036626.88351668,72036626.88351668,72036626.88351668,72036626.88351668,72036626.88351668,72036626.88351668,72030058.73041667,72030058.73041667,72030058.73041667,72030058.73041667,72030058.73041667,144060117.46083334,72030058.73041667,72030058.73041667,72030058.73041667,72030058.73041667,72030058.73041667,72030058.73041667,6568.1530999999995,6568.1530999999995,6568.1530999999995,6568.1530999999995,6568.1530999999995,13136.306199999999,6568.1530999999995,6568.1530999999995,6568.1530999999995,6568.1530999999995,6568.1530999999995,6568.1530999999995,936476149.4857167,936390763.4954166,85385.99029999998,5.695518460405921,0.000519305787211731,09/09/1909
08MH006,2018,58,2.8431034355327998,0.0719999969005584,31.10000038146973,37.29999923706055,49.24264907836914,-122.5801773071289,12468,2847.0344827586205,,14.693117365488034,32.653820476091106,0.0,0.0,27.0,536.75,871.3454545454546,0.722400418271264,32653820.476091105,87.0680182006421,138.27720833333333,138.27720833333333,138.27720833333333,138.27720833333333,261.6252083333333,893.2944166666668,508.32120833333335,446.6472083333333,261.6252083333333,138.27720833333333,138.27720833333333,138.27720833333333,0.0,0.0,0.0,0.0,0.0,0.0,0.0,0.0,0.0,0.0,0.0,0.0,138.27720833333333,138.27720833333333,138.27720833333333,138.27720833333333,261.6252083333333,893.2944166666668,508.32120833333335,446.6472083333333,261.6252083333333,138.27720833333333,138.27720833333333,138.27720833333333,3339.453708333334,0.0,3339.453708333334,3.724570168894217e-05,3.724570168894217e-05,28/03/1947
08MH018,1985,19,0.5460526315789473,0.0230000000447034,8.550000190734862,18.39999961853028,49.15610885620117,-122.8419418334961,12487,1595.6470588235293,,1.4092112589340944,17.73523821220055,0.0,0.0,27.0,81.25,957.8125,0.7102206005729036,17735238.21220055,30.78913432373877,138.2769041666667,138.2769041666667,138.2769041666667,138.2769041666667,138.2769041666667,276.5538083333334,138.2769041666667,138.2769041666667,138.2769041666667,138.2769041666667,138.2769041666667,138.2769041666667,0.0,0.0,0.0,0.0,0.0,0.0,0.0,0.0,0.0,0.0,0.0,0.0,138.2769041666667,138.2769041666667,138.2769041666667,138.2769041666667,138.2769041666667,276.5538083333334,138.2769041666667,138.2769041666667,138.2769041666667,138.2769041666667,138.2769041666667,138.2769041666667,1797.5997541666675,0.0,1797.5997541666675,0.00010438831529823002,0.00010438831529823002,23/07/1981
08MH020,1974,22,1.1698636385527523,0.0680000036954879,16.399999618530273,34.400001525878906,49.14527893066406,-122.7994384765625,12495,1595.3870967741934,,1.954292663511657,34.848852644609075,0.0,0.0,27.0,73.75,956.1475409836064,0.7106954208453233,34848852.64460907,33.569645763752966,138.2769041666667,138.2769041666667,138.2769041666667,138.2769041666667,755.0169041666666,3360.2538083333325,1988.4969041666668,1680.1269041666665,755.0169041666666,138.2769041666667,138.2769041666667,138.2769041666667,0.0,0.0,0.0,0.0,0.0,0.0,0.0,0.0,0.0,0.0,0.0,0.0,138.2769041666667,138.2769041666667,138.2769041666667,138.2769041666667,755.0169041666666,3360.2538083333325,1988.4969041666668,1680.1269041666665,755.0169041666666,138.2769041666667,138.2769041666667,138.2769041666667,9506.849754166667,0.0,9506.849754166667,0.00025768834776202415,0.00025768834776202415,10/03/1966
08MH058,2006,36,11.41555545065138,0.5260000228881836,157.0,117.0,49.19028091430664,-122.15917205810548,12540,3032.774774774775,,25.515880801200126,115.72953271083715,0.0,0.0,27.0,793.0,858.8229665071772,0.6753267849615828,115729532.71083716,98.6399511278974,7130883.649999999,7130883.649999999,7130883.649999999,7130883.649999999,8251123.020833332,18742724.783333335,11611841.133333335,11611841.133333335,8251123.020833332,7130883.649999999,7130883.649999999,7130883.649999999,2649926.166666667,2649926.166666667,2649926.166666667,2649926.166666667,2649926.166666667,5299852.333333334,2649926.166666667,2649926.166666667,2649926.166666667,2649926.166666667,2649926.166666667,2649926.166666667,4480957.483333333,4480957.483333333,4480957.483333333,4480957.483333333,5601196.854166666,13442872.450000001,8961914.966666667,8961914.966666667,5601196.854166666,4480957.483333333,4480957.483333333,4480957.483333333,108384838.6416667,34449040.16666668,73935798.47500001,0.3010681961450269,0.20537667220231592,09/06/1960
08MH076,2018,53,2.7471698140198333,0.0860000029206276,24.10000038146973,47.70000076293945,49.20708847045898,-122.53661346435548,12557,2383.6976744186045,,8.487249302171929,46.86301616923071,0.0,0.0,27.0,270.75,902.25,0.7423875622733863,46863016.16923072,58.62127619142807,736833.971042,736833.971042,736833.971042,736833.971042,738009.3247275001,1478369.3568259997,741535.385784,741535.385784,738009.3247275001,736833.971042,736833.971042,736833.971042,730058.4,730058.4,730058.4,730058.4,730058.4,1460116.7999999996,730058.4,730058.4,730058.4,730058.4,730058.4,730058.4,6775.571042000001,6775.571042000001,6775.571042000001,6775.571042000001,7950.924727500002,18252.55682599999,11476.985784000002,11476.985784000002,7950.924727500002,6775.571042000001,6775.571042000001,6775.571042000001,9595296.575143,9490759.200000001,104537.37514299998,0.1107557519260499,0.0012066448908241245,02/07/1957
08MH090,2018,49,1.451693874232623,0.1599999964237213,19.100000381469727,48.9000015258789,49.13354110717773,-122.59642791748048,12560,1620.2926829268292,,1.1326018846997126,46.36058570515365,0.0,0.0,27.0,90.125,939.4756097560976,0.7038060177153033,46360585.70515366,31.313104702023775,4710.9609083333335,4710.9609083333335,4710.9609083333335,4710.9609083333335,27537.94250833333,123556.82981666668,73191.90570833335,61778.41490833333,27537.94250833333,4710.9609083333335,4710.9609083333335,4710.9609083333335,1254.038,1254.038,1254.038,1254.038,1254.038,2508.076,1254.038,1254.038,1254.038,1254.038,1254.038,1254.038,3456.9229083333335,3456.9229083333335,3456.9229083333335,3456.9229083333335,26283.90450833333,121048.75381666668,71937.86770833335,60524.37690833333,26283.90450833333,3456.9229083333335,3456.9229083333335,3456.9229083333335,346579.7618083332,16302.494000000002,330277.2678083332,0.00757044742544933,0.007214347077619569,29/12/1878
08MH097,1977,13,0.145923076913907,0.0149999996647238,2.2100000381469727,5.960000038146973,49.17721939086914,-122.6513900756836,12568,1592.0,,1.8621810036711397,6.035012079536813,0.0,0.0,27.0,62.875,940.8,0.692715613269448,6035012.079536811,24.179417537322742,69.13860416666667,69.13860416666667,69.13860416666667,69.13860416666667,69.13860416666667,138.27720833333333,69.13860416666667,69.13860416666667,69.13860416666667,69.13860416666667,69.13860416666667,69.13860416666667,0.0,0.0,0.0,0.0,0.0,0.0,0.0,0.0,0.0,0.0,0.0,0.0,69.13860416666667,69.13860416666667,69.13860416666667,69.13860416666667,69.13860416666667,138.27720833333333,69.13860416666667,69.13860416666667,69.13860416666667,69.13860416666667,69.13860416666667,69.13860416666667,898.8018541666669,0.0,898.8018541666669,0.00019531399990326472,0.00019531399990326472,25/02/1977
08MH098,2018,44,0.4091590896926143,0.0140000004321336,4.869999885559082,11.399999618530273,49.14767074584961,-122.53186798095705,12569,1666.9,,1.049542049109936,11.522037361990176,0.0,0.0,27.0,83.125,939.529411764706,0.7015842561343644,11522037.361990178,35.51100181660417,149126.4741125,149126.4741125,149126.4741125,149126.4741125,151840.13011250002,311821.2282250001,157267.4421125,155910.6141125,151840.13011250002,149126.4741125,149126.4741125,149126.4741125,148849.92,148849.92,148849.92,148849.92,148849.92,297699.84,148849.92,148849.92,148849.92,148849.92,148849.92,148849.92,276.55411250000003,276.55411250000003,276.55411250000003,276.55411250000003,2990.210112499999,14121.388224999997,8417.5221125,7060.6941124999985,2990.210112499999,276.55411250000003,276.55411250000003,276.55411250000003,1972564.8634625,1935048.9599999997,37515.9034625,0.15287359628713132,0.002907479082946895,15/11/1967
08MH103,2018,55,35.654545593261716,4.380000114440918,195.0,650.0,49.10171890258789,-121.66300201416016,12571,2163.4023372287147,,35.86715496226483,636.1515871392387,0.0,0.0,26.0,1258.5,829.4320875113948,0.6578614260344161,636151587.1392387,56.04724772219702,3762775.311683331,3762775.311683331,3762775.311683331,3762775.311683331,3766475.751683331,7544052.82336667,3773876.631683331,3772026.4116833312,3766475.751683331,3762775.311683331,3762775.311683331,3762775.311683331,3760562.8799999994,3760562.8799999994,3760562.8799999994,3760562.8799999994,3760562.8799999994,7521125.76,3760562.8799999994,3760562.8799999994,3760562.8799999994,3760562.8799999994,3760562.8799999994,3760562.8799999994,2212.4316833333337,2212.4316833333337,2212.4316833333337,2212.4316833333337,5912.871683333334,22927.06336666667,13313.751683333332,11463.531683333333,5912.871683333334,2212.4316833333337,2212.4316833333337,2212.4316833333337,48962334.551883325,48887317.440000005,75017.11188333332,0.04354523155031122,6.671735604710257e-05,15/11/1960
08MH104,1986,21,0.6945238155978066,0.1580000072717666,13.199999809265135,27.20000076293945,49.09278106689453,-122.68277740478516,12572,1482.0,,1.2510484198794225,26.656394642174703,0.0,0.0,27.0,80.5,936.04,0.7056408976750281,26656394.642174706,26.05467937134147,33666.17077083334,322506.0707708334,322506.0707708334,149202.13077083332,59815.94677083335,198081.2215416666,112115.4987708333,99040.61077083331,103604.48677083329,121243.25077083333,77454.71077083336,33666.17077083334,31453.739999999998,320293.64,320293.64,146989.69999999998,31453.739999999998,62907.48000000001,31453.739999999998,31453.739999999998,31453.739999999998,75242.28000000001,119030.82,75242.28000000001,2212.4307708333336,2212.4307708333336,2212.4307708333336,2212.4307708333336,28362.206770833334,135173.7415416666,80661.75877083334,67586.87077083334,72150.74677083334,46000.97077083333,-41576.10922916667,-41576.10922916667,1632902.340020833,1277268.54,355633.80002083327,0.07455322966469427,0.016237130488246387,05/03/1959
08MH105,1983,18,1.8305555515819123,0.0780000016093254,21.200000762939453,64.5,49.10055923461914,-122.64556121826172,12573,1522.6949152542375,,1.5582161023457357,65.42123901800599,0.0,0.0,27.0,65.125,944.8035714285713,0.7047880486196053,65421239.01800599,27.981059042279615,171287.98629583334,171287.98629583334,171287.98629583334,171287.98629583334,215921.46009583335,565743.3415916675,305188.4076958335,282871.67079583334,215921.46009583335,171287.98629583334,171287.98629583334,171287.98629583334,169587.17997916669,169587.17997916669,169587.17997916669,169587.17997916669,169587.17997916669,339174.35995833337,169587.17997916669,169587.17997916669,169587.17997916669,169587.17997916669,169587.17997916669,169587.17997916669,1700.806316666667,1700.806316666667,1700.806316666667,1700.806316666667,46334.28011666667,226568.9816333333,135601.22771666665,113284.49081666664,46334.28011666667,1700.806316666667,1700.806316666667,1700.806316666667,2784662.2443458345,2204633.339729167,580028.9046166666,0.04823730175079487,0.010047548622095073,12/02/1931
08MH108,1978,11,0.9627272703430868,0.0370000004768371,9.0600004196167,12.199999809265135,49.31888961791992,-122.54694366455078,12580,2915.125,,13.31462229246443,11.926521628384664,0.0,0.0,27.0,533.375,872.3888888888888,0.711226919006617,11926521.628384665,80.72154651125042,0.0,0.0,0.0,0.0,0.0,0.0,0.0,0.0,0.0,0.0,0.0,0.0,0.0,0.0,0.0,0.0,0.0,0.0,0.0,0.0,0.0,0.0,0.0,0.0,0.0,0.0,0.0,0.0,0.0,0.0,0.0,0.0,0.0,0.0,0.0,0.0,0.0,0.0,0.0,0.0,0.0,24/08/2021
08MH141,2018,36,6.734722203678555,0.3129999935626984,70.5999984741211,52.5,49.48794174194336,-122.79251098632812,12590,4625.022727272727,,31.681869339123768,49.34543653944931,0.0,0.0,27.0,1034.75,788.7126436781608,0.6587621245944201,49345436.53944931,136.48115562407614,0.0,0.0,0.0,0.0,0.0,0.0,0.0,0.0,0.0,0.0,0.0,0.0,0.0,0.0,0.0,0.0,0.0,0.0,0.0,0.0,0.0,0.0,0.0,0.0,0.0,0.0,0.0,0.0,0.0,0.0,0.0,0.0,0.0,0.0,0.0,0.0,0.0,0.0,0.0,0.0,0.0,24/08/2021
08MH147,2019,27,35.1888889030174,4.369999885559082,476.0,290.0,49.556190490722656,-122.32306671142578,12592,3491.918518518519,,28.973650688709625,289.71781513656475,26751659.02180516,0.09233694865880164,26.0,1278.875,786.3747572815532,0.6619146354818426,289717815.13656473,121.45918222678283,220750291.79999998,220750291.79999998,220750291.79999998,220750291.79999998,220750291.79999998,441500583.59999996,220750291.79999998,220750291.79999998,220750291.79999998,220750291.79999998,220750291.79999998,220750291.79999998,220750291.79999998,220750291.79999998,220750291.79999998,220750291.79999998,220750291.79999998,441500583.59999996,220750291.79999998,220750291.79999998,220750291.79999998,220750291.79999998,220750291.79999998,220750291.79999998,0.0,0.0,0.0,0.0,0.0,0.0,0.0,0.0,0.0,0.0,0.0,0.0,2869753793.4000006,2869753793.4000006,0.0,2.5860235622708245,0.0,04/07/2001
08MH150,2006,19,7.897368456188,0.9629999995231628,63.099998474121094,78.19999694824219,49.23971939086914,-122.1272201538086,12593,3103.184210526316,,24.905672531220784,78.62579358873082,0.0,0.0,27.0,847.5,848.3687943262413,0.6705671261202653,78625793.58873081,100.44246418035398,2649926.166666667,2649926.166666667,2649926.166666667,2649926.166666667,2649926.166666667,5299852.333333334,2649926.166666667,2649926.166666667,2649926.166666667,2649926.166666667,2649926.166666667,2649926.166666667,2649926.166666667,2649926.166666667,2649926.166666667,2649926.166666667,2649926.166666667,5299852.333333334,2649926.166666667,2649926.166666667,2649926.166666667,2649926.166666667,2649926.166666667,2649926.166666667,0.0,0.0,0.0,0.0,0.0,0.0,0.0,0.0,0.0,0.0,0.0,0.0,34449040.16666668,34449040.16666668,0.0,0.13832099942980638,0.0,05/01/1970
08MH155,2017,32,2.0318750031292443,0.2090000063180923,26.60000038146973,70.0,49.09569931030274,-122.66008758544922,12610,1519.8461538461538,,1.5463496973358823,71.06330122443303,0.0,0.0,27.0,63.5,944.99173553719,0.7041668141727958,71063301.22443303,28.592465704796776,171287.98629583334,171287.98629583334,171287.98629583334,171287.98629583334,216168.15609583334,566976.8215916675,305928.49569583347,283488.41079583333,216168.15609583334,171287.98629583334,171287.98629583334,171287.98629583334,169587.17997916669,169587.17997916669,169587.17997916669,169587.17997916669,169587.17997916669,339174.35995833337,169587.17997916669,169587.17997916669,169587.17997916669,169587.17997916669,169587.17997916669,169587.17997916669,1700.806316666667,1700.806316666667,1700.806316666667,1700.806316666667,46580.97611666667,227802.46163333327,136341.31571666664,113901.23081666665,46580.97611666667,1700.806316666667,1700.806316666667,1700.806316666667,2787745.9443458347,2204633.339729167,583112.6046166666,0.043506044349504155,0.009100155948091812,12/02/1931
08NL007,2019,77,23.536493487172308,2.359999895095825,80.69999694824219,1810.0,49.45970153808594,-120.50353240966795,12617,1218.740848343986,,13.819716767475873,1777.9270556233646,0.0,0.0,25.0,1330.125,870.3537158984008,0.6898282363897268,1777927055.623365,13.238165993778694,922487.095683334,922487.095683334,922487.095683334,922487.095683334,1477513.1339353346,4503951.783126654,2703717.8099393323,2484281.0905633313,1477513.1339353346,922487.095683334,922487.095683334,922487.095683334,434082.17,434082.17,434082.17,434082.17,434082.17,868164.3400000002,434082.17,434082.17,434082.17,434082.17,434082.17,434082.17,488404.92568333395,488404.92568333395,488404.92568333395,488404.92568333395,1043430.9639353339,3635787.443126655,2269635.639939333,2050198.9205633341,1043430.9639353339,488404.92568333395,488404.92568333395,488404.92568333395,19104386.621283323,5643068.21,13461318.41128333,0.025738588718343964,0.018135904861174692,05/04/1893
08NL023,1984,32,3.258125003427267,0.1030000001192092,11.800000190734865,673.0,49.54555892944336,-120.75332641601562,12625,792.9817073170732,,10.154168204784556,672.2409205552559,0.0,0.0,25.0,1225.25,895.2767191383597,0.6965096946827959,672240920.5552559,4.846662712433705,423630.39895833365,423630.39895833365,423630.39895833365,423630.39895833365,793896.7804623338,2698592.7054366632,1534429.5434703338,1349296.352718334,793896.7804623338,423630.39895833365,423630.39895833365,423630.39895833365,418149.72,418149.72,418149.72,418149.72,418149.72,836299.4400000003,418149.72,418149.72,418149.72,418149.72,418149.72,418149.72,5480.678958333331,5480.678958333331,5480.678958333331,5480.678958333331,375747.06046233355,1862293.2654366666,1116279.8234703338,931146.6327183337,375747.06046233355,5480.678958333331,5480.678958333331,5480.678958333331,10135524.95525833,5435946.3599999985,4699578.595258334,0.09864427780991099,0.04573877905551056,05/04/1893
08NL024,2018,66,21.768181815291896,1.3400000333786009,176.0,1780.0,49.45771026611328,-120.51856994628906,12626,1218.740848343986,,13.819716767475873,1777.9270556233646,0.0,0.0,25.0,1330.125,870.3537158984008,0.6898282363897268,1777927055.623365,12.24357419301417,922487.095683334,922487.095683334,922487.095683334,922487.095683334,1477513.1339353346,4503951.783126654,2703717.8099393323,2484281.0905633313,1477513.1339353346,922487.095683334,922487.095683334,922487.095683334,434082.17,434082.17,434082.17,434082.17,434082.17,868164.3400000002,434082.17,434082.17,434082.17,434082.17,434082.17,434082.17,488404.92568333395,488404.92568333395,488404.92568333395,488404.92568333395,1043430.9639353339,3635787.443126655,2269635.639939333,2050198.9205633341,1043430.9639353339,488404.92568333395,488404.92568333395,488404.92568333395,19104386.621283323,5643068.21,13461318.41128333,0.027829431547321263,0.019609152949519818,05/04/1893
08NL070,2019,44,7.7763636112213135,0.8849999904632568,37.599998474121094,408.0,49.09410095214844,-120.67254638671876,12629,1383.1732283464567,,19.75000997299582,397.37130586493197,0.0,0.0,25.0,1617.125,862.2910128388017,0.6927758666134466,397371305.8649319,19.569514699344015,4148.307125,4148.307125,4148.307125,4148.307125,4148.307125,8296.61425,4148.307125,4148.307125,4148.307125,4148.307125,4148.307125,4148.307125,0.0,0.0,0.0,0.0,0.0,0.0,0.0,0.0,0.0,0.0,0.0,0.0,4148.307125,4148.307125,4148.307125,4148.307125,4148.307125,8296.61425,4148.307125,4148.307125,4148.307125,4148.307125,4148.307125,4148.307125,53927.992625,0.0,53927.992625,0.00021990296669938898,0.00021990296669938898,20/01/1958
08NL071,2019,45,6.389111089706421,0.2879999876022339,43.599998474121094,253.0,49.46567916870117,-120.97891235351562,12630,2024.2375,,16.746150788096653,253.80829529926388,0.0,0.0,25.0,1544.0,826.8834080717488,0.6808790640478259,253808295.29926383,25.172979796318543,3406.6666666666665,3406.6666666666665,3406.6666666666665,3406.6666666666665,3406.6666666666665,6813.333333333334,3406.6666666666665,3406.6666666666665,3406.6666666666665,3406.6666666666665,3406.6666666666665,3406.6666666666665,0.0,0.0,0.0,0.0,0.0,0.0,0.0,0.0,0.0,0.0,0.0,0.0,3406.6666666666665,3406.6666666666665,3406.6666666666665,3406.6666666666665,3406.6666666666665,6813.333333333334,3406.6666666666665,3406.6666666666665,3406.6666666666665,3406.6666666666665,3406.6666666666665,3406.6666666666665,44286.66666666666,0.0,44286.66666666666,0.0002197991188346749,0.0002197991188346749,14/01/2011
08PA001,1954,25,28.32400001525879,11.699999809265135,189.0,907.0,49.047218322753906,-121.09583282470705,12631,1577.7238636363636,,31.83559115797533,917.705814883044,663869.673140994,0.0007234014020338317,26.0,1358.0,839.8203703703704,0.6527787524792773,917705814.883044,30.86392126530059,71994.62017333334,71994.62017333334,71994.62017333334,71994.62017333334,80100.41229583333,176412.4088366666,104417.78866333335,104417.78866333335,80100.41229583333,71994.62017333334,71994.62017333334,71994.62017333334,11169.000000000002,11169.000000000002,11169.000000000002,11169.000000000002,11169.000000000002,22338.000000000004,11169.000000000002,11169.000000000002,11169.000000000002,11169.000000000002,11169.000000000002,11169.000000000002,60825.62017333334,60825.62017333334,60825.62017333334,60825.62017333334,68931.41229583333,154074.4088366666,93248.78866333335,93248.78866333335,68931.41229583333,60825.62017333334,60825.62017333334,60825.62017333334,1049411.1519683334,145197.00000000003,904214.1519683334,0.0011748555753577088,0.001012302028394487,08/05/1959
