station_number,year,month,num_days,monthly_mean,monthly_total,min,max,average_slope,temperature_data,glacial_coverage,glacial_area,watershed_area,potential_evapotranspiration_thornthwaite,potential_evapotranspiration_hamon,hydrological_zone,annual_precipitation,median_elevation,aspect,solar_exposure,latitude,longitude,drainage_area
08OA003,1971,12,31,0.016000000759959217,0.5030000209808351,0.004999999888241291,0.10999999940395357,27.564658621991573,"[[0.584420466, 4.975966422, 2.780193444], [1.057450086, 5.665674126, 3.361562106], [1.054398282, 6.175325394, 3.614861838], [2.320896942, 7.920957282, 5.120927112], [4.985121834, 10.774394022, 7.879757928], [7.853817594, 13.58815731, 10.720987452], [10.170136829999999, 15.819026033999998, 12.994581431999999], [10.984968497999999, 16.935986298, 13.960477397999998], [9.080642802, 14.885174009999998, 11.982908406], [5.595482634, 10.81101567, 8.203249152], [2.37277761, 7.24040499, 4.8065913], [1.02998385, 5.43984063, 3.23491224]]",0.0,0.0,612168.169323658,570.7810402265999,478.3902655568965,11,2267.9267578125,242.625,187.23180326449508,0.05056469285492832,53.25860977172852,-132.07504272460938,0.612168169323658
08OA003,1972,12,31,0.026000000536441803,0.8019999861717224,0.0070000002160668364,0.10499999672174454,27.564658621991573,"[[0.584420466, 4.975966422, 2.780193444], [1.057450086, 5.665674126, 3.361562106], [1.054398282, 6.175325394, 3.614861838], [2.320896942, 7.920957282, 5.120927112], [4.985121834, 10.774394022, 7.879757928], [7.853817594, 13.58815731, 10.720987452], [10.170136829999999, 15.819026033999998, 12.994581431999999], [10.984968497999999, 16.935986298, 13.960477397999998], [9.080642802, 14.885174009999998, 11.982908406], [5.595482634, 10.81101567, 8.203249152], [2.37277761, 7.24040499, 4.8065913], [1.02998385, 5.43984063, 3.23491224]]",0.0,0.0,612168.169323658,570.7810402265999,478.3902655568965,11,2267.9267578125,242.625,187.23180326449508,0.05056469285492832,53.25860977172852,-132.07504272460938,0.612168169323658
08OA003,1973,12,31,0.05000000074505806,1.5440000295639038,0.012000000104308128,0.18700000643730166,27.564658621991573,"[[0.584420466, 4.975966422, 2.780193444], [1.057450086, 5.665674126, 3.361562106], [1.054398282, 6.175325394, 3.614861838], [2.320896942, 7.920957282, 5.120927112], [4.985121834, 10.774394022, 7.879757928], [7.853817594, 13.58815731, 10.720987452], [10.170136829999999, 15.819026033999998, 12.994581431999999], [10.984968497999999, 16.935986298, 13.960477397999998], [9.080642802, 14.885174009999998, 11.982908406], [5.595482634, 10.81101567, 8.203249152], [2.37277761, 7.24040499, 4.8065913], [1.02998385, 5.43984063, 3.23491224]]",0.0,0.0,612168.169323658,570.7810402265999,478.3902655568965,11,2267.9267578125,242.625,187.23180326449508,0.05056469285492832,53.25860977172852,-132.07504272460938,0.612168169323658
08OA003,1974,12,31,0.05000000074505806,1.5420000553131104,0.027000000700354576,0.10499999672174454,27.564658621991573,"[[0.584420466, 4.975966422, 2.780193444], [1.057450086, 5.665674126, 3.361562106], [1.054398282, 6.175325394, 3.614861838], [2.320896942, 7.920957282, 5.120927112], [4.985121834, 10.774394022, 7.879757928], [7.853817594, 13.58815731, 10.720987452], [10.170136829999999, 15.819026033999998, 12.994581431999999], [10.984968497999999, 16.935986298, 13.960477397999998], [9.080642802, 14.885174009999998, 11.982908406], [5.595482634, 10.81101567, 8.203249152], [2.37277761, 7.24040499, 4.8065913], [1.02998385, 5.43984063, 3.23491224]]",0.0,0.0,612168.169323658,570.7810402265999,478.3902655568965,11,2267.9267578125,242.625,187.23180326449508,0.05056469285492832,53.25860977172852,-132.07504272460938,0.612168169323658
08OA003,1975,12,31,0.03400000184774399,1.062000036239624,0.014000000432133676,0.07400000095367433,27.564658621991573,"[[0.584420466, 4.975966422, 2.780193444], [1.057450086, 5.665674126, 3.361562106], [1.054398282, 6.175325394, 3.614861838], [2.320896942, 7.920957282, 5.120927112], [4.985121834, 10.774394022, 7.879757928], [7.853817594, 13.58815731, 10.720987452], [10.170136829999999, 15.819026033999998, 12.994581431999999], [10.984968497999999, 16.935986298, 13.960477397999998], [9.080642802, 14.885174009999998, 11.982908406], [5.595482634, 10.81101567, 8.203249152], [2.37277761, 7.24040499, 4.8065913], [1.02998385, 5.43984063, 3.23491224]]",0.0,0.0,612168.169323658,570.7810402265999,478.3902655568965,11,2267.9267578125,242.625,187.23180326449508,0.05056469285492832,53.25860977172852,-132.07504272460938,0.612168169323658
08OA003,1976,12,31,0.03099999949336052,0.968999981880188,0.008000000379979609,0.07900000363588333,27.564658621991573,"[[0.584420466, 4.975966422, 2.780193444], [1.057450086, 5.665674126, 3.361562106], [1.054398282, 6.175325394, 3.614861838], [2.320896942, 7.920957282, 5.120927112], [4.985121834, 10.774394022, 7.879757928], [7.853817594, 13.58815731, 10.720987452], [10.170136829999999, 15.819026033999998, 12.994581431999999], [10.984968497999999, 16.935986298, 13.960477397999998], [9.080642802, 14.885174009999998, 11.982908406], [5.595482634, 10.81101567, 8.203249152], [2.37277761, 7.24040499, 4.8065913], [1.02998385, 5.43984063, 3.23491224]]",0.0,0.0,612168.169323658,570.7810402265999,478.3902655568965,11,2267.9267578125,242.625,187.23180326449508,0.05056469285492832,53.25860977172852,-132.07504272460938,0.612168169323658
08OA003,1977,12,31,0.017999999225139618,0.550000011920929,0.0070000002160668364,0.06199999898672104,27.564658621991573,"[[0.584420466, 4.975966422, 2.780193444], [1.057450086, 5.665674126, 3.361562106], [1.054398282, 6.175325394, 3.614861838], [2.320896942, 7.920957282, 5.120927112], [4.985121834, 10.774394022, 7.879757928], [7.853817594, 13.58815731, 10.720987452], [10.170136829999999, 15.819026033999998, 12.994581431999999], [10.984968497999999, 16.935986298, 13.960477397999998], [9.080642802, 14.885174009999998, 11.982908406], [5.595482634, 10.81101567, 8.203249152], [2.37277761, 7.24040499, 4.8065913], [1.02998385, 5.43984063, 3.23491224]]",0.0,0.0,612168.169323658,570.7810402265999,478.3902655568965,11,2267.9267578125,242.625,187.23180326449508,0.05056469285492832,53.25860977172852,-132.07504272460938,0.612168169323658
08OA003,1978,12,31,0.039000000804662704,1.2039999961853027,0.0130000002682209,0.12200000137090684,27.564658621991573,"[[0.584420466, 4.975966422, 2.780193444], [1.057450086, 5.665674126, 3.361562106], [1.054398282, 6.175325394, 3.614861838], [2.320896942, 7.920957282, 5.120927112], [4.985121834, 10.774394022, 7.879757928], [7.853817594, 13.58815731, 10.720987452], [10.170136829999999, 15.819026033999998, 12.994581431999999], [10.984968497999999, 16.935986298, 13.960477397999998], [9.080642802, 14.885174009999998, 11.982908406], [5.595482634, 10.81101567, 8.203249152], [2.37277761, 7.24040499, 4.8065913], [1.02998385, 5.43984063, 3.23491224]]",0.0,0.0,612168.169323658,570.7810402265999,478.3902655568965,11,2267.9267578125,242.625,187.23180326449508,0.05056469285492832,53.25860977172852,-132.07504272460938,0.612168169323658
08OA003,1979,12,31,0.045000001788139336,1.4079999923706057,0.010999999940395357,0.22699999809265134,27.564658621991573,"[[0.584420466, 4.975966422, 2.780193444], [1.057450086, 5.665674126, 3.361562106], [1.054398282, 6.175325394, 3.614861838], [2.320896942, 7.920957282, 5.120927112], [4.985121834, 10.774394022, 7.879757928], [7.853817594, 13.58815731, 10.720987452], [10.170136829999999, 15.819026033999998, 12.994581431999999], [10.984968497999999, 16.935986298, 13.960477397999998], [9.080642802, 14.885174009999998, 11.982908406], [5.595482634, 10.81101567, 8.203249152], [2.37277761, 7.24040499, 4.8065913], [1.02998385, 5.43984063, 3.23491224]]",0.0,0.0,612168.169323658,570.7810402265999,478.3902655568965,11,2267.9267578125,242.625,187.23180326449508,0.05056469285492832,53.25860977172852,-132.07504272460938,0.612168169323658
08OA003,1980,12,31,0.03999999910593033,1.2510000467300415,0.012000000104308128,0.09300000220537186,27.564658621991573,"[[0.584420466, 4.975966422, 2.780193444], [1.057450086, 5.665674126, 3.361562106], [1.054398282, 6.175325394, 3.614861838], [2.320896942, 7.920957282, 5.120927112], [4.985121834, 10.774394022, 7.879757928], [7.853817594, 13.58815731, 10.720987452], [10.170136829999999, 15.819026033999998, 12.994581431999999], [10.984968497999999, 16.935986298, 13.960477397999998], [9.080642802, 14.885174009999998, 11.982908406], [5.595482634, 10.81101567, 8.203249152], [2.37277761, 7.24040499, 4.8065913], [1.02998385, 5.43984063, 3.23491224]]",0.0,0.0,612168.169323658,570.7810402265999,478.3902655568965,11,2267.9267578125,242.625,187.23180326449508,0.05056469285492832,53.25860977172852,-132.07504272460938,0.612168169323658
08OA003,1981,12,31,0.027000000700354576,0.8349999785423279,0.012000000104308128,0.08299999684095383,27.564658621991573,"[[0.584420466, 4.975966422, 2.780193444], [1.057450086, 5.665674126, 3.361562106], [1.054398282, 6.175325394, 3.614861838], [2.320896942, 7.920957282, 5.120927112], [4.985121834, 10.774394022, 7.879757928], [7.853817594, 13.58815731, 10.720987452], [10.170136829999999, 15.819026033999998, 12.994581431999999], [10.984968497999999, 16.935986298, 13.960477397999998], [9.080642802, 14.885174009999998, 11.982908406], [5.595482634, 10.81101567, 8.203249152], [2.37277761, 7.24040499, 4.8065913], [1.02998385, 5.43984063, 3.23491224]]",0.0,0.0,612168.169323658,570.7810402265999,478.3902655568965,11,2267.9267578125,242.625,187.23180326449508,0.05056469285492832,53.25860977172852,-132.07504272460938,0.612168169323658
08OA003,1982,12,31,0.023000000044703484,0.7039999961853027,0.008999999612569809,0.09000000357627869,27.564658621991573,"[[0.584420466, 4.975966422, 2.780193444], [1.057450086, 5.665674126, 3.361562106], [1.054398282, 6.175325394, 3.614861838], [2.320896942, 7.920957282, 5.120927112], [4.985121834, 10.774394022, 7.879757928], [7.853817594, 13.58815731, 10.720987452], [10.170136829999999, 15.819026033999998, 12.994581431999999], [10.984968497999999, 16.935986298, 13.960477397999998], [9.080642802, 14.885174009999998, 11.982908406], [5.595482634, 10.81101567, 8.203249152], [2.37277761, 7.24040499, 4.8065913], [1.02998385, 5.43984063, 3.23491224]]",0.0,0.0,612168.169323658,570.7810402265999,478.3902655568965,11,2267.9267578125,242.625,187.23180326449508,0.05056469285492832,53.25860977172852,-132.07504272460938,0.612168169323658
08OA003,1983,12,31,0.0070000002160668364,0.22100000083446505,0.004000000189989804,0.032000001519918435,27.564658621991573,"[[0.584420466, 4.975966422, 2.780193444], [1.057450086, 5.665674126, 3.361562106], [1.054398282, 6.175325394, 3.614861838], [2.320896942, 7.920957282, 5.120927112], [4.985121834, 10.774394022, 7.879757928], [7.853817594, 13.58815731, 10.720987452], [10.170136829999999, 15.819026033999998, 12.994581431999999], [10.984968497999999, 16.935986298, 13.960477397999998], [9.080642802, 14.885174009999998, 11.982908406], [5.595482634, 10.81101567, 8.203249152], [2.37277761, 7.24040499, 4.8065913], [1.02998385, 5.43984063, 3.23491224]]",0.0,0.0,612168.169323658,570.7810402265999,478.3902655568965,11,2267.9267578125,242.625,187.23180326449508,0.05056469285492832,53.25860977172852,-132.07504272460938,0.612168169323658
08OA003,1985,12,31,0.014000000432133676,0.44600000977516174,0.004999999888241291,0.032999999821186066,27.564658621991573,"[[0.584420466, 4.975966422, 2.780193444], [1.057450086, 5.665674126, 3.361562106], [1.054398282, 6.175325394, 3.614861838], [2.320896942, 7.920957282, 5.120927112], [4.985121834, 10.774394022, 7.879757928], [7.853817594, 13.58815731, 10.720987452], [10.170136829999999, 15.819026033999998, 12.994581431999999], [10.984968497999999, 16.935986298, 13.960477397999998], [9.080642802, 14.885174009999998, 11.982908406], [5.595482634, 10.81101567, 8.203249152], [2.37277761, 7.24040499, 4.8065913], [1.02998385, 5.43984063, 3.23491224]]",0.0,0.0,612168.169323658,570.7810402265999,478.3902655568965,11,2267.9267578125,242.625,187.23180326449508,0.05056469285492832,53.25860977172852,-132.07504272460938,0.612168169323658
08OA003,1986,12,31,0.035999998450279236,1.1080000400543213,0.0130000002682209,0.10000000149011612,27.564658621991573,"[[0.584420466, 4.975966422, 2.780193444], [1.057450086, 5.665674126, 3.361562106], [1.054398282, 6.175325394, 3.614861838], [2.320896942, 7.920957282, 5.120927112], [4.985121834, 10.774394022, 7.879757928], [7.853817594, 13.58815731, 10.720987452], [10.170136829999999, 15.819026033999998, 12.994581431999999], [10.984968497999999, 16.935986298, 13.960477397999998], [9.080642802, 14.885174009999998, 11.982908406], [5.595482634, 10.81101567, 8.203249152], [2.37277761, 7.24040499, 4.8065913], [1.02998385, 5.43984063, 3.23491224]]",0.0,0.0,612168.169323658,570.7810402265999,478.3902655568965,11,2267.9267578125,242.625,187.23180326449508,0.05056469285492832,53.25860977172852,-132.07504272460938,0.612168169323658
08OA003,1987,12,31,0.04399999976158142,1.3630000352859497,0.020999999716877937,0.1289999932050705,27.564658621991573,"[[0.584420466, 4.975966422, 2.780193444], [1.057450086, 5.665674126, 3.361562106], [1.054398282, 6.175325394, 3.614861838], [2.320896942, 7.920957282, 5.120927112], [4.985121834, 10.774394022, 7.879757928], [7.853817594, 13.58815731, 10.720987452], [10.170136829999999, 15.819026033999998, 12.994581431999999], [10.984968497999999, 16.935986298, 13.960477397999998], [9.080642802, 14.885174009999998, 11.982908406], [5.595482634, 10.81101567, 8.203249152], [2.37277761, 7.24040499, 4.8065913], [1.02998385, 5.43984063, 3.23491224]]",0.0,0.0,612168.169323658,570.7810402265999,478.3902655568965,11,2267.9267578125,242.625,187.23180326449508,0.05056469285492832,53.25860977172852,-132.07504272460938,0.612168169323658
08OA003,1989,12,31,0.04600000008940697,1.4279999732971191,0.012000000104308128,0.11299999803304672,27.564658621991573,"[[0.584420466, 4.975966422, 2.780193444], [1.057450086, 5.665674126, 3.361562106], [1.054398282, 6.175325394, 3.614861838], [2.320896942, 7.920957282, 5.120927112], [4.985121834, 10.774394022, 7.879757928], [7.853817594, 13.58815731, 10.720987452], [10.170136829999999, 15.819026033999998, 12.994581431999999], [10.984968497999999, 16.935986298, 13.960477397999998], [9.080642802, 14.885174009999998, 11.982908406], [5.595482634, 10.81101567, 8.203249152], [2.37277761, 7.24040499, 4.8065913], [1.02998385, 5.43984063, 3.23491224]]",0.0,0.0,612168.169323658,570.7810402265999,478.3902655568965,11,2267.9267578125,242.625,187.23180326449508,0.05056469285492832,53.25860977172852,-132.07504272460938,0.612168169323658
08OA003,1990,12,31,0.05700000002980232,1.7730000019073486,0.009999999776482582,0.32899999618530273,27.564658621991573,"[[0.584420466, 4.975966422, 2.780193444], [1.057450086, 5.665674126, 3.361562106], [1.054398282, 6.175325394, 3.614861838], [2.320896942, 7.920957282, 5.120927112], [4.985121834, 10.774394022, 7.879757928], [7.853817594, 13.58815731, 10.720987452], [10.170136829999999, 15.819026033999998, 12.994581431999999], [10.984968497999999, 16.935986298, 13.960477397999998], [9.080642802, 14.885174009999998, 11.982908406], [5.595482634, 10.81101567, 8.203249152], [2.37277761, 7.24040499, 4.8065913], [1.02998385, 5.43984063, 3.23491224]]",0.0,0.0,612168.169323658,570.7810402265999,478.3902655568965,11,2267.9267578125,242.625,187.23180326449508,0.05056469285492832,53.25860977172852,-132.07504272460938,0.612168169323658
08OA003,1991,12,31,0.07999999821186066,2.4890000820159908,0.01899999938905239,0.3140000104904175,27.564658621991573,"[[0.584420466, 4.975966422, 2.780193444], [1.057450086, 5.665674126, 3.361562106], [1.054398282, 6.175325394, 3.614861838], [2.320896942, 7.920957282, 5.120927112], [4.985121834, 10.774394022, 7.879757928], [7.853817594, 13.58815731, 10.720987452], [10.170136829999999, 15.819026033999998, 12.994581431999999], [10.984968497999999, 16.935986298, 13.960477397999998], [9.080642802, 14.885174009999998, 11.982908406], [5.595482634, 10.81101567, 8.203249152], [2.37277761, 7.24040499, 4.8065913], [1.02998385, 5.43984063, 3.23491224]]",0.0,0.0,612168.169323658,570.7810402265999,478.3902655568965,11,2267.9267578125,242.625,187.23180326449508,0.05056469285492832,53.25860977172852,-132.07504272460938,0.612168169323658
08OA003,1992,12,31,0.024000000208616257,0.7549999952316284,0.010999999940395357,0.11400000005960464,27.564658621991573,"[[0.584420466, 4.975966422, 2.780193444], [1.057450086, 5.665674126, 3.361562106], [1.054398282, 6.175325394, 3.614861838], [2.320896942, 7.920957282, 5.120927112], [4.985121834, 10.774394022, 7.879757928], [7.853817594, 13.58815731, 10.720987452], [10.170136829999999, 15.819026033999998, 12.994581431999999], [10.984968497999999, 16.935986298, 13.960477397999998], [9.080642802, 14.885174009999998, 11.982908406], [5.595482634, 10.81101567, 8.203249152], [2.37277761, 7.24040499, 4.8065913], [1.02998385, 5.43984063, 3.23491224]]",0.0,0.0,612168.169323658,570.7810402265999,478.3902655568965,11,2267.9267578125,242.625,187.23180326449508,0.05056469285492832,53.25860977172852,-132.07504272460938,0.612168169323658
08OA003,1993,12,31,0.029999999329447743,0.9210000038146972,0.009999999776482582,0.07599999755620956,27.564658621991573,"[[0.584420466, 4.975966422, 2.780193444], [1.057450086, 5.665674126, 3.361562106], [1.054398282, 6.175325394, 3.614861838], [2.320896942, 7.920957282, 5.120927112], [4.985121834, 10.774394022, 7.879757928], [7.853817594, 13.58815731, 10.720987452], [10.170136829999999, 15.819026033999998, 12.994581431999999], [10.984968497999999, 16.935986298, 13.960477397999998], [9.080642802, 14.885174009999998, 11.982908406], [5.595482634, 10.81101567, 8.203249152], [2.37277761, 7.24040499, 4.8065913], [1.02998385, 5.43984063, 3.23491224]]",0.0,0.0,612168.169323658,570.7810402265999,478.3902655568965,11,2267.9267578125,242.625,187.23180326449508,0.05056469285492832,53.25860977172852,-132.07504272460938,0.612168169323658
08OA003,1994,12,31,0.026000000536441803,0.8159999847412109,0.006000000052154064,0.09799999743700027,27.564658621991573,"[[0.584420466, 4.975966422, 2.780193444], [1.057450086, 5.665674126, 3.361562106], [1.054398282, 6.175325394, 3.614861838], [2.320896942, 7.920957282, 5.120927112], [4.985121834, 10.774394022, 7.879757928], [7.853817594, 13.58815731, 10.720987452], [10.170136829999999, 15.819026033999998, 12.994581431999999], [10.984968497999999, 16.935986298, 13.960477397999998], [9.080642802, 14.885174009999998, 11.982908406], [5.595482634, 10.81101567, 8.203249152], [2.37277761, 7.24040499, 4.8065913], [1.02998385, 5.43984063, 3.23491224]]",0.0,0.0,612168.169323658,570.7810402265999,478.3902655568965,11,2267.9267578125,242.625,187.23180326449508,0.05056469285492832,53.25860977172852,-132.07504272460938,0.612168169323658
08OA003,1995,12,31,0.020999999716877937,0.6589999794960022,0.008999999612569809,0.05400000140070915,27.564658621991573,"[[0.584420466, 4.975966422, 2.780193444], [1.057450086, 5.665674126, 3.361562106], [1.054398282, 6.175325394, 3.614861838], [2.320896942, 7.920957282, 5.120927112], [4.985121834, 10.774394022, 7.879757928], [7.853817594, 13.58815731, 10.720987452], [10.170136829999999, 15.819026033999998, 12.994581431999999], [10.984968497999999, 16.935986298, 13.960477397999998], [9.080642802, 14.885174009999998, 11.982908406], [5.595482634, 10.81101567, 8.203249152], [2.37277761, 7.24040499, 4.8065913], [1.02998385, 5.43984063, 3.23491224]]",0.0,0.0,612168.169323658,570.7810402265999,478.3902655568965,11,2267.9267578125,242.625,187.23180326449508,0.05056469285492832,53.25860977172852,-132.07504272460938,0.612168169323658
08OA003,1996,12,31,0.028999999165534977,0.8840000033378601,0.004999999888241291,0.08799999952316284,27.564658621991573,"[[0.584420466, 4.975966422, 2.780193444], [1.057450086, 5.665674126, 3.361562106], [1.054398282, 6.175325394, 3.614861838], [2.320896942, 7.920957282, 5.120927112], [4.985121834, 10.774394022, 7.879757928], [7.853817594, 13.58815731, 10.720987452], [10.170136829999999, 15.819026033999998, 12.994581431999999], [10.984968497999999, 16.935986298, 13.960477397999998], [9.080642802, 14.885174009999998, 11.982908406], [5.595482634, 10.81101567, 8.203249152], [2.37277761, 7.24040499, 4.8065913], [1.02998385, 5.43984063, 3.23491224]]",0.0,0.0,612168.169323658,570.7810402265999,478.3902655568965,11,2267.9267578125,242.625,187.23180326449508,0.05056469285492832,53.25860977172852,-132.07504272460938,0.612168169323658
08OA003,1997,12,31,0.06700000166893005,2.07699990272522,0.012000000104308128,0.1589999943971634,27.564658621991573,"[[0.584420466, 4.975966422, 2.780193444], [1.057450086, 5.665674126, 3.361562106], [1.054398282, 6.175325394, 3.614861838], [2.320896942, 7.920957282, 5.120927112], [4.985121834, 10.774394022, 7.879757928], [7.853817594, 13.58815731, 10.720987452], [10.170136829999999, 15.819026033999998, 12.994581431999999], [10.984968497999999, 16.935986298, 13.960477397999998], [9.080642802, 14.885174009999998, 11.982908406], [5.595482634, 10.81101567, 8.203249152], [2.37277761, 7.24040499, 4.8065913], [1.02998385, 5.43984063, 3.23491224]]",0.0,0.0,612168.169323658,570.7810402265999,478.3902655568965,11,2267.9267578125,242.625,187.23180326449508,0.05056469285492832,53.25860977172852,-132.07504272460938,0.612168169323658
08OA003,1998,12,31,0.035999998450279236,1.128999948501587,0.017999999225139618,0.08699999749660492,27.564658621991573,"[[0.584420466, 4.975966422, 2.780193444], [1.057450086, 5.665674126, 3.361562106], [1.054398282, 6.175325394, 3.614861838], [2.320896942, 7.920957282, 5.120927112], [4.985121834, 10.774394022, 7.879757928], [7.853817594, 13.58815731, 10.720987452], [10.170136829999999, 15.819026033999998, 12.994581431999999], [10.984968497999999, 16.935986298, 13.960477397999998], [9.080642802, 14.885174009999998, 11.982908406], [5.595482634, 10.81101567, 8.203249152], [2.37277761, 7.24040499, 4.8065913], [1.02998385, 5.43984063, 3.23491224]]",0.0,0.0,612168.169323658,570.7810402265999,478.3902655568965,11,2267.9267578125,242.625,187.23180326449508,0.05056469285492832,53.25860977172852,-132.07504272460938,0.612168169323658
08OA003,1999,12,31,0.027000000700354576,0.8320000171661377,0.009999999776482582,0.05400000140070915,27.564658621991573,"[[0.584420466, 4.975966422, 2.780193444], [1.057450086, 5.665674126, 3.361562106], [1.054398282, 6.175325394, 3.614861838], [2.320896942, 7.920957282, 5.120927112], [4.985121834, 10.774394022, 7.879757928], [7.853817594, 13.58815731, 10.720987452], [10.170136829999999, 15.819026033999998, 12.994581431999999], [10.984968497999999, 16.935986298, 13.960477397999998], [9.080642802, 14.885174009999998, 11.982908406], [5.595482634, 10.81101567, 8.203249152], [2.37277761, 7.24040499, 4.8065913], [1.02998385, 5.43984063, 3.23491224]]",0.0,0.0,612168.169323658,570.7810402265999,478.3902655568965,11,2267.9267578125,242.625,187.23180326449508,0.05056469285492832,53.25860977172852,-132.07504272460938,0.612168169323658
08OA003,2000,12,31,0.027000000700354576,0.8320000171661377,0.008000000379979609,0.09300000220537186,27.564658621991573,"[[0.584420466, 4.975966422, 2.780193444], [1.057450086, 5.665674126, 3.361562106], [1.054398282, 6.175325394, 3.614861838], [2.320896942, 7.920957282, 5.120927112], [4.985121834, 10.774394022, 7.879757928], [7.853817594, 13.58815731, 10.720987452], [10.170136829999999, 15.819026033999998, 12.994581431999999], [10.984968497999999, 16.935986298, 13.960477397999998], [9.080642802, 14.885174009999998, 11.982908406], [5.595482634, 10.81101567, 8.203249152], [2.37277761, 7.24040499, 4.8065913], [1.02998385, 5.43984063, 3.23491224]]",0.0,0.0,612168.169323658,570.7810402265999,478.3902655568965,11,2267.9267578125,242.625,187.23180326449508,0.05056469285492832,53.25860977172852,-132.07504272460938,0.612168169323658
08OA003,2001,12,31,0.03099999949336052,0.9750000238418579,0.008999999612569809,0.09700000286102296,27.564658621991573,"[[0.584420466, 4.975966422, 2.780193444], [1.057450086, 5.665674126, 3.361562106], [1.054398282, 6.175325394, 3.614861838], [2.320896942, 7.920957282, 5.120927112], [4.985121834, 10.774394022, 7.879757928], [7.853817594, 13.58815731, 10.720987452], [10.170136829999999, 15.819026033999998, 12.994581431999999], [10.984968497999999, 16.935986298, 13.960477397999998], [9.080642802, 14.885174009999998, 11.982908406], [5.595482634, 10.81101567, 8.203249152], [2.37277761, 7.24040499, 4.8065913], [1.02998385, 5.43984063, 3.23491224]]",0.0,0.0,612168.169323658,570.7810402265999,478.3902655568965,11,2267.9267578125,242.625,187.23180326449508,0.05056469285492832,53.25860977172852,-132.07504272460938,0.612168169323658
08OA003,2002,12,31,0.05000000074505806,1.5390000343322754,0.016000000759959217,0.11900000274181365,27.564658621991573,"[[0.584420466, 4.975966422, 2.780193444], [1.057450086, 5.665674126, 3.361562106], [1.054398282, 6.175325394, 3.614861838], [2.320896942, 7.920957282, 5.120927112], [4.985121834, 10.774394022, 7.879757928], [7.853817594, 13.58815731, 10.720987452], [10.170136829999999, 15.819026033999998, 12.994581431999999], [10.984968497999999, 16.935986298, 13.960477397999998], [9.080642802, 14.885174009999998, 11.982908406], [5.595482634, 10.81101567, 8.203249152], [2.37277761, 7.24040499, 4.8065913], [1.02998385, 5.43984063, 3.23491224]]",0.0,0.0,612168.169323658,570.7810402265999,478.3902655568965,11,2267.9267578125,242.625,187.23180326449508,0.05056469285492832,53.25860977172852,-132.07504272460938,0.612168169323658
08OA003,2003,12,31,0.08299999684095383,2.563999891281128,0.037000000476837165,0.1599999964237213,27.564658621991573,"[[0.584420466, 4.975966422, 2.780193444], [1.057450086, 5.665674126, 3.361562106], [1.054398282, 6.175325394, 3.614861838], [2.320896942, 7.920957282, 5.120927112], [4.985121834, 10.774394022, 7.879757928], [7.853817594, 13.58815731, 10.720987452], [10.170136829999999, 15.819026033999998, 12.994581431999999], [10.984968497999999, 16.935986298, 13.960477397999998], [9.080642802, 14.885174009999998, 11.982908406], [5.595482634, 10.81101567, 8.203249152], [2.37277761, 7.24040499, 4.8065913], [1.02998385, 5.43984063, 3.23491224]]",0.0,0.0,612168.169323658,570.7810402265999,478.3902655568965,11,2267.9267578125,242.625,187.23180326449508,0.05056469285492832,53.25860977172852,-132.07504272460938,0.612168169323658
08OA003,2004,12,31,0.05799999833106995,1.8020000457763672,0.003000000026077032,0.23399999737739566,27.564658621991573,"[[0.584420466, 4.975966422, 2.780193444], [1.057450086, 5.665674126, 3.361562106], [1.054398282, 6.175325394, 3.614861838], [2.320896942, 7.920957282, 5.120927112], [4.985121834, 10.774394022, 7.879757928], [7.853817594, 13.58815731, 10.720987452], [10.170136829999999, 15.819026033999998, 12.994581431999999], [10.984968497999999, 16.935986298, 13.960477397999998], [9.080642802, 14.885174009999998, 11.982908406], [5.595482634, 10.81101567, 8.203249152], [2.37277761, 7.24040499, 4.8065913], [1.02998385, 5.43984063, 3.23491224]]",0.0,0.0,612168.169323658,570.7810402265999,478.3902655568965,11,2267.9267578125,242.625,187.23180326449508,0.05056469285492832,53.25860977172852,-132.07504272460938,0.612168169323658
08OA003,2005,12,31,0.12600000202655792,3.9159998893737793,0.020999999716877937,0.2899999916553497,27.564658621991573,"[[0.584420466, 4.975966422, 2.780193444], [1.057450086, 5.665674126, 3.361562106], [1.054398282, 6.175325394, 3.614861838], [2.320896942, 7.920957282, 5.120927112], [4.985121834, 10.774394022, 7.879757928], [7.853817594, 13.58815731, 10.720987452], [10.170136829999999, 15.819026033999998, 12.994581431999999], [10.984968497999999, 16.935986298, 13.960477397999998], [9.080642802, 14.885174009999998, 11.982908406], [5.595482634, 10.81101567, 8.203249152], [2.37277761, 7.24040499, 4.8065913], [1.02998385, 5.43984063, 3.23491224]]",0.0,0.0,612168.169323658,570.7810402265999,478.3902655568965,11,2267.9267578125,242.625,187.23180326449508,0.05056469285492832,53.25860977172852,-132.07504272460938,0.612168169323658
08OA003,2006,12,31,0.05400000140070915,1.6859999895095823,0.001000000047497451,0.2409999966621399,27.564658621991573,"[[0.584420466, 4.975966422, 2.780193444], [1.057450086, 5.665674126, 3.361562106], [1.054398282, 6.175325394, 3.614861838], [2.320896942, 7.920957282, 5.120927112], [4.985121834, 10.774394022, 7.879757928], [7.853817594, 13.58815731, 10.720987452], [10.170136829999999, 15.819026033999998, 12.994581431999999], [10.984968497999999, 16.935986298, 13.960477397999998], [9.080642802, 14.885174009999998, 11.982908406], [5.595482634, 10.81101567, 8.203249152], [2.37277761, 7.24040499, 4.8065913], [1.02998385, 5.43984063, 3.23491224]]",0.0,0.0,612168.169323658,570.7810402265999,478.3902655568965,11,2267.9267578125,242.625,187.23180326449508,0.05056469285492832,53.25860977172852,-132.07504272460938,0.612168169323658
08OA003,2007,12,31,0.026000000536441803,0.8009999990463257,0.008000000379979609,0.0820000022649765,27.564658621991573,"[[0.584420466, 4.975966422, 2.780193444], [1.057450086, 5.665674126, 3.361562106], [1.054398282, 6.175325394, 3.614861838], [2.320896942, 7.920957282, 5.120927112], [4.985121834, 10.774394022, 7.879757928], [7.853817594, 13.58815731, 10.720987452], [10.170136829999999, 15.819026033999998, 12.994581431999999], [10.984968497999999, 16.935986298, 13.960477397999998], [9.080642802, 14.885174009999998, 11.982908406], [5.595482634, 10.81101567, 8.203249152], [2.37277761, 7.24040499, 4.8065913], [1.02998385, 5.43984063, 3.23491224]]",0.0,0.0,612168.169323658,570.7810402265999,478.3902655568965,11,2267.9267578125,242.625,187.23180326449508,0.05056469285492832,53.25860977172852,-132.07504272460938,0.612168169323658
08OA003,2008,12,31,0.02199999988079071,0.6779999732971191,0.009999999776482582,0.10000000149011612,27.564658621991573,"[[0.584420466, 4.975966422, 2.780193444], [1.057450086, 5.665674126, 3.361562106], [1.054398282, 6.175325394, 3.614861838], [2.320896942, 7.920957282, 5.120927112], [4.985121834, 10.774394022, 7.879757928], [7.853817594, 13.58815731, 10.720987452], [10.170136829999999, 15.819026033999998, 12.994581431999999], [10.984968497999999, 16.935986298, 13.960477397999998], [9.080642802, 14.885174009999998, 11.982908406], [5.595482634, 10.81101567, 8.203249152], [2.37277761, 7.24040499, 4.8065913], [1.02998385, 5.43984063, 3.23491224]]",0.0,0.0,612168.169323658,570.7810402265999,478.3902655568965,11,2267.9267578125,242.625,187.23180326449508,0.05056469285492832,53.25860977172852,-132.07504272460938,0.612168169323658
08OA003,2009,12,31,0.014000000432133676,0.4239999949932098,0.008000000379979609,0.032999999821186066,27.564658621991573,"[[0.584420466, 4.975966422, 2.780193444], [1.057450086, 5.665674126, 3.361562106], [1.054398282, 6.175325394, 3.614861838], [2.320896942, 7.920957282, 5.120927112], [4.985121834, 10.774394022, 7.879757928], [7.853817594, 13.58815731, 10.720987452], [10.170136829999999, 15.819026033999998, 12.994581431999999], [10.984968497999999, 16.935986298, 13.960477397999998], [9.080642802, 14.885174009999998, 11.982908406], [5.595482634, 10.81101567, 8.203249152], [2.37277761, 7.24040499, 4.8065913], [1.02998385, 5.43984063, 3.23491224]]",0.0,0.0,612168.169323658,570.7810402265999,478.3902655568965,11,2267.9267578125,242.625,187.23180326449508,0.05056469285492832,53.25860977172852,-132.07504272460938,0.612168169323658
08OA003,2010,12,31,0.026000000536441803,0.8149999976158142,0.012000000104308128,0.054999999701976776,27.564658621991573,"[[0.584420466, 4.975966422, 2.780193444], [1.057450086, 5.665674126, 3.361562106], [1.054398282, 6.175325394, 3.614861838], [2.320896942, 7.920957282, 5.120927112], [4.985121834, 10.774394022, 7.879757928], [7.853817594, 13.58815731, 10.720987452], [10.170136829999999, 15.819026033999998, 12.994581431999999], [10.984968497999999, 16.935986298, 13.960477397999998], [9.080642802, 14.885174009999998, 11.982908406], [5.595482634, 10.81101567, 8.203249152], [2.37277761, 7.24040499, 4.8065913], [1.02998385, 5.43984063, 3.23491224]]",0.0,0.0,612168.169323658,570.7810402265999,478.3902655568965,11,2267.9267578125,242.625,187.23180326449508,0.05056469285492832,53.25860977172852,-132.07504272460938,0.612168169323658
08OA003,2011,12,31,0.03999999910593033,1.2369999885559082,0.014000000432133676,0.07999999821186066,27.564658621991573,"[[0.584420466, 4.975966422, 2.780193444], [1.057450086, 5.665674126, 3.361562106], [1.054398282, 6.175325394, 3.614861838], [2.320896942, 7.920957282, 5.120927112], [4.985121834, 10.774394022, 7.879757928], [7.853817594, 13.58815731, 10.720987452], [10.170136829999999, 15.819026033999998, 12.994581431999999], [10.984968497999999, 16.935986298, 13.960477397999998], [9.080642802, 14.885174009999998, 11.982908406], [5.595482634, 10.81101567, 8.203249152], [2.37277761, 7.24040499, 4.8065913], [1.02998385, 5.43984063, 3.23491224]]",0.0,0.0,612168.169323658,570.7810402265999,478.3902655568965,11,2267.9267578125,242.625,187.23180326449508,0.05056469285492832,53.25860977172852,-132.07504272460938,0.612168169323658
08OA003,2012,12,31,0.029999999329447743,0.9359999895095824,0.01899999938905239,0.059000000357627876,27.564658621991573,"[[0.584420466, 4.975966422, 2.780193444], [1.057450086, 5.665674126, 3.361562106], [1.054398282, 6.175325394, 3.614861838], [2.320896942, 7.920957282, 5.120927112], [4.985121834, 10.774394022, 7.879757928], [7.853817594, 13.58815731, 10.720987452], [10.170136829999999, 15.819026033999998, 12.994581431999999], [10.984968497999999, 16.935986298, 13.960477397999998], [9.080642802, 14.885174009999998, 11.982908406], [5.595482634, 10.81101567, 8.203249152], [2.37277761, 7.24040499, 4.8065913], [1.02998385, 5.43984063, 3.23491224]]",0.0,0.0,612168.169323658,570.7810402265999,478.3902655568965,11,2267.9267578125,242.625,187.23180326449508,0.05056469285492832,53.25860977172852,-132.07504272460938,0.612168169323658
08OA003,2013,12,31,0.028999999165534977,0.8920000195503235,0.006000000052154064,0.06300000101327896,27.564658621991573,"[[0.584420466, 4.975966422, 2.780193444], [1.057450086, 5.665674126, 3.361562106], [1.054398282, 6.175325394, 3.614861838], [2.320896942, 7.920957282, 5.120927112], [4.985121834, 10.774394022, 7.879757928], [7.853817594, 13.58815731, 10.720987452], [10.170136829999999, 15.819026033999998, 12.994581431999999], [10.984968497999999, 16.935986298, 13.960477397999998], [9.080642802, 14.885174009999998, 11.982908406], [5.595482634, 10.81101567, 8.203249152], [2.37277761, 7.24040499, 4.8065913], [1.02998385, 5.43984063, 3.23491224]]",0.0,0.0,612168.169323658,570.7810402265999,478.3902655568965,11,2267.9267578125,242.625,187.23180326449508,0.05056469285492832,53.25860977172852,-132.07504272460938,0.612168169323658
08OA003,2014,12,31,0.039000000804662704,1.1970000267028809,0.008999999612569809,0.11500000208616255,27.564658621991573,"[[0.584420466, 4.975966422, 2.780193444], [1.057450086, 5.665674126, 3.361562106], [1.054398282, 6.175325394, 3.614861838], [2.320896942, 7.920957282, 5.120927112], [4.985121834, 10.774394022, 7.879757928], [7.853817594, 13.58815731, 10.720987452], [10.170136829999999, 15.819026033999998, 12.994581431999999], [10.984968497999999, 16.935986298, 13.960477397999998], [9.080642802, 14.885174009999998, 11.982908406], [5.595482634, 10.81101567, 8.203249152], [2.37277761, 7.24040499, 4.8065913], [1.02998385, 5.43984063, 3.23491224]]",0.0,0.0,612168.169323658,570.7810402265999,478.3902655568965,11,2267.9267578125,242.625,187.23180326449508,0.05056469285492832,53.25860977172852,-132.07504272460938,0.612168169323658
08OA003,2015,12,31,0.024000000208616257,0.7419999837875366,0.012000000104308128,0.07100000232458115,27.564658621991573,"[[0.584420466, 4.975966422, 2.780193444], [1.057450086, 5.665674126, 3.361562106], [1.054398282, 6.175325394, 3.614861838], [2.320896942, 7.920957282, 5.120927112], [4.985121834, 10.774394022, 7.879757928], [7.853817594, 13.58815731, 10.720987452], [10.170136829999999, 15.819026033999998, 12.994581431999999], [10.984968497999999, 16.935986298, 13.960477397999998], [9.080642802, 14.885174009999998, 11.982908406], [5.595482634, 10.81101567, 8.203249152], [2.37277761, 7.24040499, 4.8065913], [1.02998385, 5.43984063, 3.23491224]]",0.0,0.0,612168.169323658,570.7810402265999,478.3902655568965,11,2267.9267578125,242.625,187.23180326449508,0.05056469285492832,53.25860977172852,-132.07504272460938,0.612168169323658
08OA003,2016,12,31,0.03099999949336052,0.9739999771118164,0.008999999612569809,0.11900000274181365,27.564658621991573,"[[0.584420466, 4.975966422, 2.780193444], [1.057450086, 5.665674126, 3.361562106], [1.054398282, 6.175325394, 3.614861838], [2.320896942, 7.920957282, 5.120927112], [4.985121834, 10.774394022, 7.879757928], [7.853817594, 13.58815731, 10.720987452], [10.170136829999999, 15.819026033999998, 12.994581431999999], [10.984968497999999, 16.935986298, 13.960477397999998], [9.080642802, 14.885174009999998, 11.982908406], [5.595482634, 10.81101567, 8.203249152], [2.37277761, 7.24040499, 4.8065913], [1.02998385, 5.43984063, 3.23491224]]",0.0,0.0,612168.169323658,570.7810402265999,478.3902655568965,11,2267.9267578125,242.625,187.23180326449508,0.05056469285492832,53.25860977172852,-132.07504272460938,0.612168169323658
08OA003,2017,12,31,0.01899999938905239,0.5830000042915344,0.012000000104308128,0.03500000014901161,27.564658621991573,"[[0.584420466, 4.975966422, 2.780193444], [1.057450086, 5.665674126, 3.361562106], [1.054398282, 6.175325394, 3.614861838], [2.320896942, 7.920957282, 5.120927112], [4.985121834, 10.774394022, 7.879757928], [7.853817594, 13.58815731, 10.720987452], [10.170136829999999, 15.819026033999998, 12.994581431999999], [10.984968497999999, 16.935986298, 13.960477397999998], [9.080642802, 14.885174009999998, 11.982908406], [5.595482634, 10.81101567, 8.203249152], [2.37277761, 7.24040499, 4.8065913], [1.02998385, 5.43984063, 3.23491224]]",0.0,0.0,612168.169323658,570.7810402265999,478.3902655568965,11,2267.9267578125,242.625,187.23180326449508,0.05056469285492832,53.25860977172852,-132.07504272460938,0.612168169323658
08OA005,1994,12,31,1.1399999856948853,35.49100112915039,0.3140000104904175,3.7200000286102295,7.652472910497165,"[[0.971999574, 5.323872078, 3.147935826], [1.46486592, 6.124970628, 3.794918274], [1.597619394, 6.868084902, 4.232852148], [2.871747564, 8.783091912, 5.827419738], [5.47798818, 11.65026177, 8.564124975], [8.371098371999999, 14.402988978, 11.387043675], [10.65079596, 16.627754094, 13.639275027], [11.451894509999999, 17.759973378, 14.605933944], [9.582664559999998, 15.674065343999999, 12.628364951999998], [6.1112375100000005, 11.502249276, 8.806743393000001], [2.920576428, 7.795833318, 5.358204873], [1.477073136, 5.841152856, 3.659112996]]",0.0,0.0,796009.3132103481,584.8221343001727,496.77400169950823,11,2294.37292480469,45.66071428571429,250.23668910137943,0.8183269040787651,53.24399185180664,-132.14785766601562,0.7960093132103483
08OA005,1995,12,31,0.9769999980926514,30.27400016784668,0.3759999871253967,3.1500000953674316,7.652472910497165,"[[0.971999574, 5.323872078, 3.147935826], [1.46486592, 6.124970628, 3.794918274], [1.597619394, 6.868084902, 4.232852148], [2.871747564, 8.783091912, 5.827419738], [5.47798818, 11.65026177, 8.564124975], [8.371098371999999, 14.402988978, 11.387043675], [10.65079596, 16.627754094, 13.639275027], [11.451894509999999, 17.759973378, 14.605933944], [9.582664559999998, 15.674065343999999, 12.628364951999998], [6.1112375100000005, 11.502249276, 8.806743393000001], [2.920576428, 7.795833318, 5.358204873], [1.477073136, 5.841152856, 3.659112996]]",0.0,0.0,796009.3132103481,584.8221343001727,496.77400169950823,11,2294.37292480469,45.66071428571429,250.23668910137943,0.8183269040787651,53.24399185180664,-132.14785766601562,0.7960093132103483
08OA005,1996,12,31,0.8840000033378601,27.391000747680664,0.0949999988079071,3.4100000858306885,7.652472910497165,"[[0.971999574, 5.323872078, 3.147935826], [1.46486592, 6.124970628, 3.794918274], [1.597619394, 6.868084902, 4.232852148], [2.871747564, 8.783091912, 5.827419738], [5.47798818, 11.65026177, 8.564124975], [8.371098371999999, 14.402988978, 11.387043675], [10.65079596, 16.627754094, 13.639275027], [11.451894509999999, 17.759973378, 14.605933944], [9.582664559999998, 15.674065343999999, 12.628364951999998], [6.1112375100000005, 11.502249276, 8.806743393000001], [2.920576428, 7.795833318, 5.358204873], [1.477073136, 5.841152856, 3.659112996]]",0.0,0.0,796009.3132103481,584.8221343001727,496.77400169950823,11,2294.37292480469,45.66071428571429,250.23668910137943,0.8183269040787651,53.24399185180664,-132.14785766601562,0.7960093132103483
08OB002,1967,12,31,12.899999618530273,400.5700073242188,5.519999980926514,21.39999961853028,4.634275664723175,"[[0.811779864, 5.222653912, 3.017216888], [1.234454718, 5.884386746, 3.559420732], [1.178504978, 6.332493299999999, 3.755499139], [2.4231323760000003, 8.072530213999999, 5.247831294999999], [5.0029240239999995, 10.890362574, 7.946643299], [7.8426276459999995, 13.604433598, 10.723530622], [10.16250732, 15.880062114, 13.021284717], [11.031762826, 17.027540417999997, 14.029651622], [9.213396276, 15.061161374, 12.137278825], [5.792832625999999, 10.99666708, 8.394749853], [2.6174305639999997, 7.435720446, 5.026575505], [1.27921451, 5.701278506, 3.4902465080000002]]",0.0,0.0,81374338.73279716,573.1894467463957,482.7764310130352,11,4469.56732907085,298.9191531685138,27.85926947963984,0.6827000170832062,53.05730056762695,-132.05136108398438,81.37433873279716
08OB002,1968,12,31,8.819999694824219,273.33999633789057,2.1700000762939453,19.89999961853028,4.634275664723175,"[[0.811779864, 5.222653912, 3.017216888], [1.234454718, 5.884386746, 3.559420732], [1.178504978, 6.332493299999999, 3.755499139], [2.4231323760000003, 8.072530213999999, 5.247831294999999], [5.0029240239999995, 10.890362574, 7.946643299], [7.8426276459999995, 13.604433598, 10.723530622], [10.16250732, 15.880062114, 13.021284717], [11.031762826, 17.027540417999997, 14.029651622], [9.213396276, 15.061161374, 12.137278825], [5.792832625999999, 10.99666708, 8.394749853], [2.6174305639999997, 7.435720446, 5.026575505], [1.27921451, 5.701278506, 3.4902465080000002]]",0.0,0.0,81374338.73279716,573.1894467463957,482.7764310130352,11,4469.56732907085,298.9191531685138,27.85926947963984,0.6827000170832062,53.05730056762695,-132.05136108398438,81.37433873279716
08OB002,1969,12,31,20.100000381469727,624.5999755859375,10.699999809265137,47.9000015258789,4.634275664723175,"[[0.811779864, 5.222653912, 3.017216888], [1.234454718, 5.884386746, 3.559420732], [1.178504978, 6.332493299999999, 3.755499139], [2.4231323760000003, 8.072530213999999, 5.247831294999999], [5.0029240239999995, 10.890362574, 7.946643299], [7.8426276459999995, 13.604433598, 10.723530622], [10.16250732, 15.880062114, 13.021284717], [11.031762826, 17.027540417999997, 14.029651622], [9.213396276, 15.061161374, 12.137278825], [5.792832625999999, 10.99666708, 8.394749853], [2.6174305639999997, 7.435720446, 5.026575505], [1.27921451, 5.701278506, 3.4902465080000002]]",0.0,0.0,81374338.73279716,573.1894467463957,482.7764310130352,11,4469.56732907085,298.9191531685138,27.85926947963984,0.6827000170832062,53.05730056762695,-132.05136108398438,81.37433873279716
08OB002,1970,12,31,7.539999961853027,233.8500061035156,2.1800000667572017,20.200000762939453,4.634275664723175,"[[0.811779864, 5.222653912, 3.017216888], [1.234454718, 5.884386746, 3.559420732], [1.178504978, 6.332493299999999, 3.755499139], [2.4231323760000003, 8.072530213999999, 5.247831294999999], [5.0029240239999995, 10.890362574, 7.946643299], [7.8426276459999995, 13.604433598, 10.723530622], [10.16250732, 15.880062114, 13.021284717], [11.031762826, 17.027540417999997, 14.029651622], [9.213396276, 15.061161374, 12.137278825], [5.792832625999999, 10.99666708, 8.394749853], [2.6174305639999997, 7.435720446, 5.026575505], [1.27921451, 5.701278506, 3.4902465080000002]]",0.0,0.0,81374338.73279716,573.1894467463957,482.7764310130352,11,4469.56732907085,298.9191531685138,27.85926947963984,0.6827000170832062,53.05730056762695,-132.05136108398438,81.37433873279716
08OB002,1971,12,31,7.25,224.7700042724609,2.720000028610229,27.399999618530284,4.634275664723175,"[[0.811779864, 5.222653912, 3.017216888], [1.234454718, 5.884386746, 3.559420732], [1.178504978, 6.332493299999999, 3.755499139], [2.4231323760000003, 8.072530213999999, 5.247831294999999], [5.0029240239999995, 10.890362574, 7.946643299], [7.8426276459999995, 13.604433598, 10.723530622], [10.16250732, 15.880062114, 13.021284717], [11.031762826, 17.027540417999997, 14.029651622], [9.213396276, 15.061161374, 12.137278825], [5.792832625999999, 10.99666708, 8.394749853], [2.6174305639999997, 7.435720446, 5.026575505], [1.27921451, 5.701278506, 3.4902465080000002]]",0.0,0.0,81374338.73279716,573.1894467463957,482.7764310130352,11,4469.56732907085,298.9191531685138,27.85926947963984,0.6827000170832062,53.05730056762695,-132.05136108398438,81.37433873279716
08OB002,1972,12,31,9.649999618530273,299.1300048828125,4.079999923706056,32.0,4.634275664723175,"[[0.811779864, 5.222653912, 3.017216888], [1.234454718, 5.884386746, 3.559420732], [1.178504978, 6.332493299999999, 3.755499139], [2.4231323760000003, 8.072530213999999, 5.247831294999999], [5.0029240239999995, 10.890362574, 7.946643299], [7.8426276459999995, 13.604433598, 10.723530622], [10.16250732, 15.880062114, 13.021284717], [11.031762826, 17.027540417999997, 14.029651622], [9.213396276, 15.061161374, 12.137278825], [5.792832625999999, 10.99666708, 8.394749853], [2.6174305639999997, 7.435720446, 5.026575505], [1.27921451, 5.701278506, 3.4902465080000002]]",0.0,0.0,81374338.73279716,573.1894467463957,482.7764310130352,11,4469.56732907085,298.9191531685138,27.85926947963984,0.6827000170832062,53.05730056762695,-132.05136108398438,81.37433873279716
08OB002,1973,12,31,15.199999809265135,469.989990234375,5.949999809265138,35.400001525878906,4.634275664723175,"[[0.811779864, 5.222653912, 3.017216888], [1.234454718, 5.884386746, 3.559420732], [1.178504978, 6.332493299999999, 3.755499139], [2.4231323760000003, 8.072530213999999, 5.247831294999999], [5.0029240239999995, 10.890362574, 7.946643299], [7.8426276459999995, 13.604433598, 10.723530622], [10.16250732, 15.880062114, 13.021284717], [11.031762826, 17.027540417999997, 14.029651622], [9.213396276, 15.061161374, 12.137278825], [5.792832625999999, 10.99666708, 8.394749853], [2.6174305639999997, 7.435720446, 5.026575505], [1.27921451, 5.701278506, 3.4902465080000002]]",0.0,0.0,81374338.73279716,573.1894467463957,482.7764310130352,11,4469.56732907085,298.9191531685138,27.85926947963984,0.6827000170832062,53.05730056762695,-132.05136108398438,81.37433873279716
08OB002,1974,12,31,20.200000762939453,626.4000244140625,11.399999618530273,37.099998474121094,4.634275664723175,"[[0.811779864, 5.222653912, 3.017216888], [1.234454718, 5.884386746, 3.559420732], [1.178504978, 6.332493299999999, 3.755499139], [2.4231323760000003, 8.072530213999999, 5.247831294999999], [5.0029240239999995, 10.890362574, 7.946643299], [7.8426276459999995, 13.604433598, 10.723530622], [10.16250732, 15.880062114, 13.021284717], [11.031762826, 17.027540417999997, 14.029651622], [9.213396276, 15.061161374, 12.137278825], [5.792832625999999, 10.99666708, 8.394749853], [2.6174305639999997, 7.435720446, 5.026575505], [1.27921451, 5.701278506, 3.4902465080000002]]",0.0,0.0,81374338.73279716,573.1894467463957,482.7764310130352,11,4469.56732907085,298.9191531685138,27.85926947963984,0.6827000170832062,53.05730056762695,-132.05136108398438,81.37433873279716
08OB002,1975,12,31,12.5,386.1099853515625,4.559999942779541,22.299999237060547,4.634275664723175,"[[0.811779864, 5.222653912, 3.017216888], [1.234454718, 5.884386746, 3.559420732], [1.178504978, 6.332493299999999, 3.755499139], [2.4231323760000003, 8.072530213999999, 5.247831294999999], [5.0029240239999995, 10.890362574, 7.946643299], [7.8426276459999995, 13.604433598, 10.723530622], [10.16250732, 15.880062114, 13.021284717], [11.031762826, 17.027540417999997, 14.029651622], [9.213396276, 15.061161374, 12.137278825], [5.792832625999999, 10.99666708, 8.394749853], [2.6174305639999997, 7.435720446, 5.026575505], [1.27921451, 5.701278506, 3.4902465080000002]]",0.0,0.0,81374338.73279716,573.1894467463957,482.7764310130352,11,4469.56732907085,298.9191531685138,27.85926947963984,0.6827000170832062,53.05730056762695,-132.05136108398438,81.37433873279716
08OB002,1976,12,31,14.399999618530273,444.9599914550781,3.5699999332427983,28.29999923706055,4.634275664723175,"[[0.811779864, 5.222653912, 3.017216888], [1.234454718, 5.884386746, 3.559420732], [1.178504978, 6.332493299999999, 3.755499139], [2.4231323760000003, 8.072530213999999, 5.247831294999999], [5.0029240239999995, 10.890362574, 7.946643299], [7.8426276459999995, 13.604433598, 10.723530622], [10.16250732, 15.880062114, 13.021284717], [11.031762826, 17.027540417999997, 14.029651622], [9.213396276, 15.061161374, 12.137278825], [5.792832625999999, 10.99666708, 8.394749853], [2.6174305639999997, 7.435720446, 5.026575505], [1.27921451, 5.701278506, 3.4902465080000002]]",0.0,0.0,81374338.73279716,573.1894467463957,482.7764310130352,11,4469.56732907085,298.9191531685138,27.85926947963984,0.6827000170832062,53.05730056762695,-132.05136108398438,81.37433873279716
08OB002,1977,12,31,7.110000133514403,220.3999938964844,2.859999895095825,18.89999961853028,4.634275664723175,"[[0.811779864, 5.222653912, 3.017216888], [1.234454718, 5.884386746, 3.559420732], [1.178504978, 6.332493299999999, 3.755499139], [2.4231323760000003, 8.072530213999999, 5.247831294999999], [5.0029240239999995, 10.890362574, 7.946643299], [7.8426276459999995, 13.604433598, 10.723530622], [10.16250732, 15.880062114, 13.021284717], [11.031762826, 17.027540417999997, 14.029651622], [9.213396276, 15.061161374, 12.137278825], [5.792832625999999, 10.99666708, 8.394749853], [2.6174305639999997, 7.435720446, 5.026575505], [1.27921451, 5.701278506, 3.4902465080000002]]",0.0,0.0,81374338.73279716,573.1894467463957,482.7764310130352,11,4469.56732907085,298.9191531685138,27.85926947963984,0.6827000170832062,53.05730056762695,-132.05136108398438,81.37433873279716
08OB002,1980,12,31,18.600000381469727,577.6400146484375,6.460000038146973,45.5,4.634275664723175,"[[0.811779864, 5.222653912, 3.017216888], [1.234454718, 5.884386746, 3.559420732], [1.178504978, 6.332493299999999, 3.755499139], [2.4231323760000003, 8.072530213999999, 5.247831294999999], [5.0029240239999995, 10.890362574, 7.946643299], [7.8426276459999995, 13.604433598, 10.723530622], [10.16250732, 15.880062114, 13.021284717], [11.031762826, 17.027540417999997, 14.029651622], [9.213396276, 15.061161374, 12.137278825], [5.792832625999999, 10.99666708, 8.394749853], [2.6174305639999997, 7.435720446, 5.026575505], [1.27921451, 5.701278506, 3.4902465080000002]]",0.0,0.0,81374338.73279716,573.1894467463957,482.7764310130352,11,4469.56732907085,298.9191531685138,27.85926947963984,0.6827000170832062,53.05730056762695,-132.05136108398438,81.37433873279716
08OB002,1981,12,31,11.699999809265135,361.8999938964844,4.889999866485597,21.600000381469727,4.634275664723175,"[[0.811779864, 5.222653912, 3.017216888], [1.234454718, 5.884386746, 3.559420732], [1.178504978, 6.332493299999999, 3.755499139], [2.4231323760000003, 8.072530213999999, 5.247831294999999], [5.0029240239999995, 10.890362574, 7.946643299], [7.8426276459999995, 13.604433598, 10.723530622], [10.16250732, 15.880062114, 13.021284717], [11.031762826, 17.027540417999997, 14.029651622], [9.213396276, 15.061161374, 12.137278825], [5.792832625999999, 10.99666708, 8.394749853], [2.6174305639999997, 7.435720446, 5.026575505], [1.27921451, 5.701278506, 3.4902465080000002]]",0.0,0.0,81374338.73279716,573.1894467463957,482.7764310130352,11,4469.56732907085,298.9191531685138,27.85926947963984,0.6827000170832062,53.05730056762695,-132.05136108398438,81.37433873279716
08OB002,1982,12,31,7.110000133514403,220.2899932861328,2.9600000381469727,12.899999618530273,4.634275664723175,"[[0.811779864, 5.222653912, 3.017216888], [1.234454718, 5.884386746, 3.559420732], [1.178504978, 6.332493299999999, 3.755499139], [2.4231323760000003, 8.072530213999999, 5.247831294999999], [5.0029240239999995, 10.890362574, 7.946643299], [7.8426276459999995, 13.604433598, 10.723530622], [10.16250732, 15.880062114, 13.021284717], [11.031762826, 17.027540417999997, 14.029651622], [9.213396276, 15.061161374, 12.137278825], [5.792832625999999, 10.99666708, 8.394749853], [2.6174305639999997, 7.435720446, 5.026575505], [1.27921451, 5.701278506, 3.4902465080000002]]",0.0,0.0,81374338.73279716,573.1894467463957,482.7764310130352,11,4469.56732907085,298.9191531685138,27.85926947963984,0.6827000170832062,53.05730056762695,-132.05136108398438,81.37433873279716
08OB002,1984,12,31,11.100000381469727,342.95001220703125,2.470000028610229,35.79999923706055,4.634275664723175,"[[0.811779864, 5.222653912, 3.017216888], [1.234454718, 5.884386746, 3.559420732], [1.178504978, 6.332493299999999, 3.755499139], [2.4231323760000003, 8.072530213999999, 5.247831294999999], [5.0029240239999995, 10.890362574, 7.946643299], [7.8426276459999995, 13.604433598, 10.723530622], [10.16250732, 15.880062114, 13.021284717], [11.031762826, 17.027540417999997, 14.029651622], [9.213396276, 15.061161374, 12.137278825], [5.792832625999999, 10.99666708, 8.394749853], [2.6174305639999997, 7.435720446, 5.026575505], [1.27921451, 5.701278506, 3.4902465080000002]]",0.0,0.0,81374338.73279716,573.1894467463957,482.7764310130352,11,4469.56732907085,298.9191531685138,27.85926947963984,0.6827000170832062,53.05730056762695,-132.05136108398438,81.37433873279716
08OB002,1985,12,31,6.289999961853027,195.1000061035156,1.5099999904632568,12.0,4.634275664723175,"[[0.811779864, 5.222653912, 3.017216888], [1.234454718, 5.884386746, 3.559420732], [1.178504978, 6.332493299999999, 3.755499139], [2.4231323760000003, 8.072530213999999, 5.247831294999999], [5.0029240239999995, 10.890362574, 7.946643299], [7.8426276459999995, 13.604433598, 10.723530622], [10.16250732, 15.880062114, 13.021284717], [11.031762826, 17.027540417999997, 14.029651622], [9.213396276, 15.061161374, 12.137278825], [5.792832625999999, 10.99666708, 8.394749853], [2.6174305639999997, 7.435720446, 5.026575505], [1.27921451, 5.701278506, 3.4902465080000002]]",0.0,0.0,81374338.73279716,573.1894467463957,482.7764310130352,11,4469.56732907085,298.9191531685138,27.85926947963984,0.6827000170832062,53.05730056762695,-132.05136108398438,81.37433873279716
08OB002,1986,12,31,11.600000381469727,358.3699951171875,3.829999923706055,28.20000076293945,4.634275664723175,"[[0.811779864, 5.222653912, 3.017216888], [1.234454718, 5.884386746, 3.559420732], [1.178504978, 6.332493299999999, 3.755499139], [2.4231323760000003, 8.072530213999999, 5.247831294999999], [5.0029240239999995, 10.890362574, 7.946643299], [7.8426276459999995, 13.604433598, 10.723530622], [10.16250732, 15.880062114, 13.021284717], [11.031762826, 17.027540417999997, 14.029651622], [9.213396276, 15.061161374, 12.137278825], [5.792832625999999, 10.99666708, 8.394749853], [2.6174305639999997, 7.435720446, 5.026575505], [1.27921451, 5.701278506, 3.4902465080000002]]",0.0,0.0,81374338.73279716,573.1894467463957,482.7764310130352,11,4469.56732907085,298.9191531685138,27.85926947963984,0.6827000170832062,53.05730056762695,-132.05136108398438,81.37433873279716
08OB002,1987,12,31,17.700000762939453,549.2999877929689,10.5,31.0,4.634275664723175,"[[0.811779864, 5.222653912, 3.017216888], [1.234454718, 5.884386746, 3.559420732], [1.178504978, 6.332493299999999, 3.755499139], [2.4231323760000003, 8.072530213999999, 5.247831294999999], [5.0029240239999995, 10.890362574, 7.946643299], [7.8426276459999995, 13.604433598, 10.723530622], [10.16250732, 15.880062114, 13.021284717], [11.031762826, 17.027540417999997, 14.029651622], [9.213396276, 15.061161374, 12.137278825], [5.792832625999999, 10.99666708, 8.394749853], [2.6174305639999997, 7.435720446, 5.026575505], [1.27921451, 5.701278506, 3.4902465080000002]]",0.0,0.0,81374338.73279716,573.1894467463957,482.7764310130352,11,4469.56732907085,298.9191531685138,27.85926947963984,0.6827000170832062,53.05730056762695,-132.05136108398438,81.37433873279716
08OB002,1989,12,31,18.89999961853028,584.510009765625,4.4099998474121085,43.099998474121094,4.634275664723175,"[[0.811779864, 5.222653912, 3.017216888], [1.234454718, 5.884386746, 3.559420732], [1.178504978, 6.332493299999999, 3.755499139], [2.4231323760000003, 8.072530213999999, 5.247831294999999], [5.0029240239999995, 10.890362574, 7.946643299], [7.8426276459999995, 13.604433598, 10.723530622], [10.16250732, 15.880062114, 13.021284717], [11.031762826, 17.027540417999997, 14.029651622], [9.213396276, 15.061161374, 12.137278825], [5.792832625999999, 10.99666708, 8.394749853], [2.6174305639999997, 7.435720446, 5.026575505], [1.27921451, 5.701278506, 3.4902465080000002]]",0.0,0.0,81374338.73279716,573.1894467463957,482.7764310130352,11,4469.56732907085,298.9191531685138,27.85926947963984,0.6827000170832062,53.05730056762695,-132.05136108398438,81.37433873279716
08OB002,1990,12,31,16.399999618530273,508.6700134277344,4.96999979019165,73.69999694824219,4.634275664723175,"[[0.811779864, 5.222653912, 3.017216888], [1.234454718, 5.884386746, 3.559420732], [1.178504978, 6.332493299999999, 3.755499139], [2.4231323760000003, 8.072530213999999, 5.247831294999999], [5.0029240239999995, 10.890362574, 7.946643299], [7.8426276459999995, 13.604433598, 10.723530622], [10.16250732, 15.880062114, 13.021284717], [11.031762826, 17.027540417999997, 14.029651622], [9.213396276, 15.061161374, 12.137278825], [5.792832625999999, 10.99666708, 8.394749853], [2.6174305639999997, 7.435720446, 5.026575505], [1.27921451, 5.701278506, 3.4902465080000002]]",0.0,0.0,81374338.73279716,573.1894467463957,482.7764310130352,11,4469.56732907085,298.9191531685138,27.85926947963984,0.6827000170832062,53.05730056762695,-132.05136108398438,81.37433873279716
08OB002,1991,12,31,27.70000076293945,858.6599731445312,8.560000419616701,57.4000015258789,4.634275664723175,"[[0.811779864, 5.222653912, 3.017216888], [1.234454718, 5.884386746, 3.559420732], [1.178504978, 6.332493299999999, 3.755499139], [2.4231323760000003, 8.072530213999999, 5.247831294999999], [5.0029240239999995, 10.890362574, 7.946643299], [7.8426276459999995, 13.604433598, 10.723530622], [10.16250732, 15.880062114, 13.021284717], [11.031762826, 17.027540417999997, 14.029651622], [9.213396276, 15.061161374, 12.137278825], [5.792832625999999, 10.99666708, 8.394749853], [2.6174305639999997, 7.435720446, 5.026575505], [1.27921451, 5.701278506, 3.4902465080000002]]",0.0,0.0,81374338.73279716,573.1894467463957,482.7764310130352,11,4469.56732907085,298.9191531685138,27.85926947963984,0.6827000170832062,53.05730056762695,-132.05136108398438,81.37433873279716
08OB002,1992,12,31,13.699999809265135,424.80999755859375,5.3400001525878915,41.20000076293945,4.634275664723175,"[[0.811779864, 5.222653912, 3.017216888], [1.234454718, 5.884386746, 3.559420732], [1.178504978, 6.332493299999999, 3.755499139], [2.4231323760000003, 8.072530213999999, 5.247831294999999], [5.0029240239999995, 10.890362574, 7.946643299], [7.8426276459999995, 13.604433598, 10.723530622], [10.16250732, 15.880062114, 13.021284717], [11.031762826, 17.027540417999997, 14.029651622], [9.213396276, 15.061161374, 12.137278825], [5.792832625999999, 10.99666708, 8.394749853], [2.6174305639999997, 7.435720446, 5.026575505], [1.27921451, 5.701278506, 3.4902465080000002]]",0.0,0.0,81374338.73279716,573.1894467463957,482.7764310130352,11,4469.56732907085,298.9191531685138,27.85926947963984,0.6827000170832062,53.05730056762695,-132.05136108398438,81.37433873279716
08OB002,1993,12,31,16.299999237060547,504.0700073242188,6.190000057220459,37.0,4.634275664723175,"[[0.811779864, 5.222653912, 3.017216888], [1.234454718, 5.884386746, 3.559420732], [1.178504978, 6.332493299999999, 3.755499139], [2.4231323760000003, 8.072530213999999, 5.247831294999999], [5.0029240239999995, 10.890362574, 7.946643299], [7.8426276459999995, 13.604433598, 10.723530622], [10.16250732, 15.880062114, 13.021284717], [11.031762826, 17.027540417999997, 14.029651622], [9.213396276, 15.061161374, 12.137278825], [5.792832625999999, 10.99666708, 8.394749853], [2.6174305639999997, 7.435720446, 5.026575505], [1.27921451, 5.701278506, 3.4902465080000002]]",0.0,0.0,81374338.73279716,573.1894467463957,482.7764310130352,11,4469.56732907085,298.9191531685138,27.85926947963984,0.6827000170832062,53.05730056762695,-132.05136108398438,81.37433873279716
08OB002,1994,12,31,14.5,448.1499938964844,4.869999885559082,35.0,4.634275664723175,"[[0.811779864, 5.222653912, 3.017216888], [1.234454718, 5.884386746, 3.559420732], [1.178504978, 6.332493299999999, 3.755499139], [2.4231323760000003, 8.072530213999999, 5.247831294999999], [5.0029240239999995, 10.890362574, 7.946643299], [7.8426276459999995, 13.604433598, 10.723530622], [10.16250732, 15.880062114, 13.021284717], [11.031762826, 17.027540417999997, 14.029651622], [9.213396276, 15.061161374, 12.137278825], [5.792832625999999, 10.99666708, 8.394749853], [2.6174305639999997, 7.435720446, 5.026575505], [1.27921451, 5.701278506, 3.4902465080000002]]",0.0,0.0,81374338.73279716,573.1894467463957,482.7764310130352,11,4469.56732907085,298.9191531685138,27.85926947963984,0.6827000170832062,53.05730056762695,-132.05136108398438,81.37433873279716
08OB002,1995,12,31,10.0,309.9700012207031,3.5,20.100000381469727,4.634275664723175,"[[0.811779864, 5.222653912, 3.017216888], [1.234454718, 5.884386746, 3.559420732], [1.178504978, 6.332493299999999, 3.755499139], [2.4231323760000003, 8.072530213999999, 5.247831294999999], [5.0029240239999995, 10.890362574, 7.946643299], [7.8426276459999995, 13.604433598, 10.723530622], [10.16250732, 15.880062114, 13.021284717], [11.031762826, 17.027540417999997, 14.029651622], [9.213396276, 15.061161374, 12.137278825], [5.792832625999999, 10.99666708, 8.394749853], [2.6174305639999997, 7.435720446, 5.026575505], [1.27921451, 5.701278506, 3.4902465080000002]]",0.0,0.0,81374338.73279716,573.1894467463957,482.7764310130352,11,4469.56732907085,298.9191531685138,27.85926947963984,0.6827000170832062,53.05730056762695,-132.05136108398438,81.37433873279716
08OB002,1996,12,31,9.1899995803833,284.92999267578125,2.799999952316284,21.100000381469727,4.634275664723175,"[[0.811779864, 5.222653912, 3.017216888], [1.234454718, 5.884386746, 3.559420732], [1.178504978, 6.332493299999999, 3.755499139], [2.4231323760000003, 8.072530213999999, 5.247831294999999], [5.0029240239999995, 10.890362574, 7.946643299], [7.8426276459999995, 13.604433598, 10.723530622], [10.16250732, 15.880062114, 13.021284717], [11.031762826, 17.027540417999997, 14.029651622], [9.213396276, 15.061161374, 12.137278825], [5.792832625999999, 10.99666708, 8.394749853], [2.6174305639999997, 7.435720446, 5.026575505], [1.27921451, 5.701278506, 3.4902465080000002]]",0.0,0.0,81374338.73279716,573.1894467463957,482.7764310130352,11,4469.56732907085,298.9191531685138,27.85926947963984,0.6827000170832062,53.05730056762695,-132.05136108398438,81.37433873279716
08OB002,1997,12,31,20.0,621.1500244140625,8.920000076293945,51.599998474121094,4.634275664723175,"[[0.811779864, 5.222653912, 3.017216888], [1.234454718, 5.884386746, 3.559420732], [1.178504978, 6.332493299999999, 3.755499139], [2.4231323760000003, 8.072530213999999, 5.247831294999999], [5.0029240239999995, 10.890362574, 7.946643299], [7.8426276459999995, 13.604433598, 10.723530622], [10.16250732, 15.880062114, 13.021284717], [11.031762826, 17.027540417999997, 14.029651622], [9.213396276, 15.061161374, 12.137278825], [5.792832625999999, 10.99666708, 8.394749853], [2.6174305639999997, 7.435720446, 5.026575505], [1.27921451, 5.701278506, 3.4902465080000002]]",0.0,0.0,81374338.73279716,573.1894467463957,482.7764310130352,11,4469.56732907085,298.9191531685138,27.85926947963984,0.6827000170832062,53.05730056762695,-132.05136108398438,81.37433873279716
08OB002,1998,12,31,16.700000762939453,516.8200073242189,6.360000133514403,34.59999847412109,4.634275664723175,"[[0.811779864, 5.222653912, 3.017216888], [1.234454718, 5.884386746, 3.559420732], [1.178504978, 6.332493299999999, 3.755499139], [2.4231323760000003, 8.072530213999999, 5.247831294999999], [5.0029240239999995, 10.890362574, 7.946643299], [7.8426276459999995, 13.604433598, 10.723530622], [10.16250732, 15.880062114, 13.021284717], [11.031762826, 17.027540417999997, 14.029651622], [9.213396276, 15.061161374, 12.137278825], [5.792832625999999, 10.99666708, 8.394749853], [2.6174305639999997, 7.435720446, 5.026575505], [1.27921451, 5.701278506, 3.4902465080000002]]",0.0,0.0,81374338.73279716,573.1894467463957,482.7764310130352,11,4469.56732907085,298.9191531685138,27.85926947963984,0.6827000170832062,53.05730056762695,-132.05136108398438,81.37433873279716
08OB002,1999,12,31,12.899999618530273,398.80999755859375,4.75,22.200000762939453,4.634275664723175,"[[0.811779864, 5.222653912, 3.017216888], [1.234454718, 5.884386746, 3.559420732], [1.178504978, 6.332493299999999, 3.755499139], [2.4231323760000003, 8.072530213999999, 5.247831294999999], [5.0029240239999995, 10.890362574, 7.946643299], [7.8426276459999995, 13.604433598, 10.723530622], [10.16250732, 15.880062114, 13.021284717], [11.031762826, 17.027540417999997, 14.029651622], [9.213396276, 15.061161374, 12.137278825], [5.792832625999999, 10.99666708, 8.394749853], [2.6174305639999997, 7.435720446, 5.026575505], [1.27921451, 5.701278506, 3.4902465080000002]]",0.0,0.0,81374338.73279716,573.1894467463957,482.7764310130352,11,4469.56732907085,298.9191531685138,27.85926947963984,0.6827000170832062,53.05730056762695,-132.05136108398438,81.37433873279716
08OB002,2000,12,31,11.300000190734865,349.6600036621094,3.809999942779541,37.79999923706055,4.634275664723175,"[[0.811779864, 5.222653912, 3.017216888], [1.234454718, 5.884386746, 3.559420732], [1.178504978, 6.332493299999999, 3.755499139], [2.4231323760000003, 8.072530213999999, 5.247831294999999], [5.0029240239999995, 10.890362574, 7.946643299], [7.8426276459999995, 13.604433598, 10.723530622], [10.16250732, 15.880062114, 13.021284717], [11.031762826, 17.027540417999997, 14.029651622], [9.213396276, 15.061161374, 12.137278825], [5.792832625999999, 10.99666708, 8.394749853], [2.6174305639999997, 7.435720446, 5.026575505], [1.27921451, 5.701278506, 3.4902465080000002]]",0.0,0.0,81374338.73279716,573.1894467463957,482.7764310130352,11,4469.56732907085,298.9191531685138,27.85926947963984,0.6827000170832062,53.05730056762695,-132.05136108398438,81.37433873279716
08OB002,2001,12,31,13.5,418.80999755859375,3.5999999046325684,42.599998474121094,4.634275664723175,"[[0.811779864, 5.222653912, 3.017216888], [1.234454718, 5.884386746, 3.559420732], [1.178504978, 6.332493299999999, 3.755499139], [2.4231323760000003, 8.072530213999999, 5.247831294999999], [5.0029240239999995, 10.890362574, 7.946643299], [7.8426276459999995, 13.604433598, 10.723530622], [10.16250732, 15.880062114, 13.021284717], [11.031762826, 17.027540417999997, 14.029651622], [9.213396276, 15.061161374, 12.137278825], [5.792832625999999, 10.99666708, 8.394749853], [2.6174305639999997, 7.435720446, 5.026575505], [1.27921451, 5.701278506, 3.4902465080000002]]",0.0,0.0,81374338.73279716,573.1894467463957,482.7764310130352,11,4469.56732907085,298.9191531685138,27.85926947963984,0.6827000170832062,53.05730056762695,-132.05136108398438,81.37433873279716
08OB002,2002,12,31,19.200000762939453,594.27001953125,3.5199999809265137,45.599998474121094,4.634275664723175,"[[0.811779864, 5.222653912, 3.017216888], [1.234454718, 5.884386746, 3.559420732], [1.178504978, 6.332493299999999, 3.755499139], [2.4231323760000003, 8.072530213999999, 5.247831294999999], [5.0029240239999995, 10.890362574, 7.946643299], [7.8426276459999995, 13.604433598, 10.723530622], [10.16250732, 15.880062114, 13.021284717], [11.031762826, 17.027540417999997, 14.029651622], [9.213396276, 15.061161374, 12.137278825], [5.792832625999999, 10.99666708, 8.394749853], [2.6174305639999997, 7.435720446, 5.026575505], [1.27921451, 5.701278506, 3.4902465080000002]]",0.0,0.0,81374338.73279716,573.1894467463957,482.7764310130352,11,4469.56732907085,298.9191531685138,27.85926947963984,0.6827000170832062,53.05730056762695,-132.05136108398438,81.37433873279716
08OB002,2003,12,31,20.600000381469727,639.510009765625,6.5,64.69999694824219,4.634275664723175,"[[0.811779864, 5.222653912, 3.017216888], [1.234454718, 5.884386746, 3.559420732], [1.178504978, 6.332493299999999, 3.755499139], [2.4231323760000003, 8.072530213999999, 5.247831294999999], [5.0029240239999995, 10.890362574, 7.946643299], [7.8426276459999995, 13.604433598, 10.723530622], [10.16250732, 15.880062114, 13.021284717], [11.031762826, 17.027540417999997, 14.029651622], [9.213396276, 15.061161374, 12.137278825], [5.792832625999999, 10.99666708, 8.394749853], [2.6174305639999997, 7.435720446, 5.026575505], [1.27921451, 5.701278506, 3.4902465080000002]]",0.0,0.0,81374338.73279716,573.1894467463957,482.7764310130352,11,4469.56732907085,298.9191531685138,27.85926947963984,0.6827000170832062,53.05730056762695,-132.05136108398438,81.37433873279716
08OB002,2004,12,31,18.200000762939453,565.6599731445312,6.960000038146973,39.0,4.634275664723175,"[[0.811779864, 5.222653912, 3.017216888], [1.234454718, 5.884386746, 3.559420732], [1.178504978, 6.332493299999999, 3.755499139], [2.4231323760000003, 8.072530213999999, 5.247831294999999], [5.0029240239999995, 10.890362574, 7.946643299], [7.8426276459999995, 13.604433598, 10.723530622], [10.16250732, 15.880062114, 13.021284717], [11.031762826, 17.027540417999997, 14.029651622], [9.213396276, 15.061161374, 12.137278825], [5.792832625999999, 10.99666708, 8.394749853], [2.6174305639999997, 7.435720446, 5.026575505], [1.27921451, 5.701278506, 3.4902465080000002]]",0.0,0.0,81374338.73279716,573.1894467463957,482.7764310130352,11,4469.56732907085,298.9191531685138,27.85926947963984,0.6827000170832062,53.05730056762695,-132.05136108398438,81.37433873279716
08OB002,2005,12,31,12.699999809265135,392.239990234375,5.349999904632568,23.20000076293945,4.634275664723175,"[[0.811779864, 5.222653912, 3.017216888], [1.234454718, 5.884386746, 3.559420732], [1.178504978, 6.332493299999999, 3.755499139], [2.4231323760000003, 8.072530213999999, 5.247831294999999], [5.0029240239999995, 10.890362574, 7.946643299], [7.8426276459999995, 13.604433598, 10.723530622], [10.16250732, 15.880062114, 13.021284717], [11.031762826, 17.027540417999997, 14.029651622], [9.213396276, 15.061161374, 12.137278825], [5.792832625999999, 10.99666708, 8.394749853], [2.6174305639999997, 7.435720446, 5.026575505], [1.27921451, 5.701278506, 3.4902465080000002]]",0.0,0.0,81374338.73279716,573.1894467463957,482.7764310130352,11,4469.56732907085,298.9191531685138,27.85926947963984,0.6827000170832062,53.05730056762695,-132.05136108398438,81.37433873279716
08OB002,2006,12,31,26.5,821.1400146484375,6.639999866485597,54.20000076293945,4.634275664723175,"[[0.811779864, 5.222653912, 3.017216888], [1.234454718, 5.884386746, 3.559420732], [1.178504978, 6.332493299999999, 3.755499139], [2.4231323760000003, 8.072530213999999, 5.247831294999999], [5.0029240239999995, 10.890362574, 7.946643299], [7.8426276459999995, 13.604433598, 10.723530622], [10.16250732, 15.880062114, 13.021284717], [11.031762826, 17.027540417999997, 14.029651622], [9.213396276, 15.061161374, 12.137278825], [5.792832625999999, 10.99666708, 8.394749853], [2.6174305639999997, 7.435720446, 5.026575505], [1.27921451, 5.701278506, 3.4902465080000002]]",0.0,0.0,81374338.73279716,573.1894467463957,482.7764310130352,11,4469.56732907085,298.9191531685138,27.85926947963984,0.6827000170832062,53.05730056762695,-132.05136108398438,81.37433873279716
08OB002,2007,12,31,11.899999618530273,370.1199951171875,2.4600000381469727,38.70000076293945,4.634275664723175,"[[0.811779864, 5.222653912, 3.017216888], [1.234454718, 5.884386746, 3.559420732], [1.178504978, 6.332493299999999, 3.755499139], [2.4231323760000003, 8.072530213999999, 5.247831294999999], [5.0029240239999995, 10.890362574, 7.946643299], [7.8426276459999995, 13.604433598, 10.723530622], [10.16250732, 15.880062114, 13.021284717], [11.031762826, 17.027540417999997, 14.029651622], [9.213396276, 15.061161374, 12.137278825], [5.792832625999999, 10.99666708, 8.394749853], [2.6174305639999997, 7.435720446, 5.026575505], [1.27921451, 5.701278506, 3.4902465080000002]]",0.0,0.0,81374338.73279716,573.1894467463957,482.7764310130352,11,4469.56732907085,298.9191531685138,27.85926947963984,0.6827000170832062,53.05730056762695,-132.05136108398438,81.37433873279716
08OB002,2008,12,31,8.020000457763674,248.63999938964844,2.559999942779541,28.79999923706055,4.634275664723175,"[[0.811779864, 5.222653912, 3.017216888], [1.234454718, 5.884386746, 3.559420732], [1.178504978, 6.332493299999999, 3.755499139], [2.4231323760000003, 8.072530213999999, 5.247831294999999], [5.0029240239999995, 10.890362574, 7.946643299], [7.8426276459999995, 13.604433598, 10.723530622], [10.16250732, 15.880062114, 13.021284717], [11.031762826, 17.027540417999997, 14.029651622], [9.213396276, 15.061161374, 12.137278825], [5.792832625999999, 10.99666708, 8.394749853], [2.6174305639999997, 7.435720446, 5.026575505], [1.27921451, 5.701278506, 3.4902465080000002]]",0.0,0.0,81374338.73279716,573.1894467463957,482.7764310130352,11,4469.56732907085,298.9191531685138,27.85926947963984,0.6827000170832062,53.05730056762695,-132.05136108398438,81.37433873279716
08OB002,2009,12,31,5.489999771118164,170.0500030517578,2.4000000953674316,11.600000381469727,4.634275664723175,"[[0.811779864, 5.222653912, 3.017216888], [1.234454718, 5.884386746, 3.559420732], [1.178504978, 6.332493299999999, 3.755499139], [2.4231323760000003, 8.072530213999999, 5.247831294999999], [5.0029240239999995, 10.890362574, 7.946643299], [7.8426276459999995, 13.604433598, 10.723530622], [10.16250732, 15.880062114, 13.021284717], [11.031762826, 17.027540417999997, 14.029651622], [9.213396276, 15.061161374, 12.137278825], [5.792832625999999, 10.99666708, 8.394749853], [2.6174305639999997, 7.435720446, 5.026575505], [1.27921451, 5.701278506, 3.4902465080000002]]",0.0,0.0,81374338.73279716,573.1894467463957,482.7764310130352,11,4469.56732907085,298.9191531685138,27.85926947963984,0.6827000170832062,53.05730056762695,-132.05136108398438,81.37433873279716
08OB002,2010,12,31,8.369999885559082,259.33999633789057,3.660000085830689,14.899999618530273,4.634275664723175,"[[0.811779864, 5.222653912, 3.017216888], [1.234454718, 5.884386746, 3.559420732], [1.178504978, 6.332493299999999, 3.755499139], [2.4231323760000003, 8.072530213999999, 5.247831294999999], [5.0029240239999995, 10.890362574, 7.946643299], [7.8426276459999995, 13.604433598, 10.723530622], [10.16250732, 15.880062114, 13.021284717], [11.031762826, 17.027540417999997, 14.029651622], [9.213396276, 15.061161374, 12.137278825], [5.792832625999999, 10.99666708, 8.394749853], [2.6174305639999997, 7.435720446, 5.026575505], [1.27921451, 5.701278506, 3.4902465080000002]]",0.0,0.0,81374338.73279716,573.1894467463957,482.7764310130352,11,4469.56732907085,298.9191531685138,27.85926947963984,0.6827000170832062,53.05730056762695,-132.05136108398438,81.37433873279716
08OB002,2012,12,31,9.93000030517578,307.8699951171875,5.21999979019165,20.600000381469727,4.634275664723175,"[[0.811779864, 5.222653912, 3.017216888], [1.234454718, 5.884386746, 3.559420732], [1.178504978, 6.332493299999999, 3.755499139], [2.4231323760000003, 8.072530213999999, 5.247831294999999], [5.0029240239999995, 10.890362574, 7.946643299], [7.8426276459999995, 13.604433598, 10.723530622], [10.16250732, 15.880062114, 13.021284717], [11.031762826, 17.027540417999997, 14.029651622], [9.213396276, 15.061161374, 12.137278825], [5.792832625999999, 10.99666708, 8.394749853], [2.6174305639999997, 7.435720446, 5.026575505], [1.27921451, 5.701278506, 3.4902465080000002]]",0.0,0.0,81374338.73279716,573.1894467463957,482.7764310130352,11,4469.56732907085,298.9191531685138,27.85926947963984,0.6827000170832062,53.05730056762695,-132.05136108398438,81.37433873279716
08OB002,2013,12,31,13.399999618530273,415.3699951171875,2.8399999141693115,26.5,4.634275664723175,"[[0.811779864, 5.222653912, 3.017216888], [1.234454718, 5.884386746, 3.559420732], [1.178504978, 6.332493299999999, 3.755499139], [2.4231323760000003, 8.072530213999999, 5.247831294999999], [5.0029240239999995, 10.890362574, 7.946643299], [7.8426276459999995, 13.604433598, 10.723530622], [10.16250732, 15.880062114, 13.021284717], [11.031762826, 17.027540417999997, 14.029651622], [9.213396276, 15.061161374, 12.137278825], [5.792832625999999, 10.99666708, 8.394749853], [2.6174305639999997, 7.435720446, 5.026575505], [1.27921451, 5.701278506, 3.4902465080000002]]",0.0,0.0,81374338.73279716,573.1894467463957,482.7764310130352,11,4469.56732907085,298.9191531685138,27.85926947963984,0.6827000170832062,53.05730056762695,-132.05136108398438,81.37433873279716
08OB002,2014,12,31,16.100000381469727,499.30999755859375,2.990000009536743,39.400001525878906,4.634275664723175,"[[0.811779864, 5.222653912, 3.017216888], [1.234454718, 5.884386746, 3.559420732], [1.178504978, 6.332493299999999, 3.755499139], [2.4231323760000003, 8.072530213999999, 5.247831294999999], [5.0029240239999995, 10.890362574, 7.946643299], [7.8426276459999995, 13.604433598, 10.723530622], [10.16250732, 15.880062114, 13.021284717], [11.031762826, 17.027540417999997, 14.029651622], [9.213396276, 15.061161374, 12.137278825], [5.792832625999999, 10.99666708, 8.394749853], [2.6174305639999997, 7.435720446, 5.026575505], [1.27921451, 5.701278506, 3.4902465080000002]]",0.0,0.0,81374338.73279716,573.1894467463957,482.7764310130352,11,4469.56732907085,298.9191531685138,27.85926947963984,0.6827000170832062,53.05730056762695,-132.05136108398438,81.37433873279716
08OB002,2015,12,31,7.539999961853027,233.88999938964844,3.9700000286102295,15.300000190734865,4.634275664723175,"[[0.811779864, 5.222653912, 3.017216888], [1.234454718, 5.884386746, 3.559420732], [1.178504978, 6.332493299999999, 3.755499139], [2.4231323760000003, 8.072530213999999, 5.247831294999999], [5.0029240239999995, 10.890362574, 7.946643299], [7.8426276459999995, 13.604433598, 10.723530622], [10.16250732, 15.880062114, 13.021284717], [11.031762826, 17.027540417999997, 14.029651622], [9.213396276, 15.061161374, 12.137278825], [5.792832625999999, 10.99666708, 8.394749853], [2.6174305639999997, 7.435720446, 5.026575505], [1.27921451, 5.701278506, 3.4902465080000002]]",0.0,0.0,81374338.73279716,573.1894467463957,482.7764310130352,11,4469.56732907085,298.9191531685138,27.85926947963984,0.6827000170832062,53.05730056762695,-132.05136108398438,81.37433873279716
08OB002,2016,12,31,10.199999809265137,314.8900146484375,3.4500000476837163,27.60000038146973,4.634275664723175,"[[0.811779864, 5.222653912, 3.017216888], [1.234454718, 5.884386746, 3.559420732], [1.178504978, 6.332493299999999, 3.755499139], [2.4231323760000003, 8.072530213999999, 5.247831294999999], [5.0029240239999995, 10.890362574, 7.946643299], [7.8426276459999995, 13.604433598, 10.723530622], [10.16250732, 15.880062114, 13.021284717], [11.031762826, 17.027540417999997, 14.029651622], [9.213396276, 15.061161374, 12.137278825], [5.792832625999999, 10.99666708, 8.394749853], [2.6174305639999997, 7.435720446, 5.026575505], [1.27921451, 5.701278506, 3.4902465080000002]]",0.0,0.0,81374338.73279716,573.1894467463957,482.7764310130352,11,4469.56732907085,298.9191531685138,27.85926947963984,0.6827000170832062,53.05730056762695,-132.05136108398438,81.37433873279716
08OB002,2017,12,31,9.369999885559082,290.4100036621094,3.5499999523162837,19.799999237060547,4.634275664723175,"[[0.811779864, 5.222653912, 3.017216888], [1.234454718, 5.884386746, 3.559420732], [1.178504978, 6.332493299999999, 3.755499139], [2.4231323760000003, 8.072530213999999, 5.247831294999999], [5.0029240239999995, 10.890362574, 7.946643299], [7.8426276459999995, 13.604433598, 10.723530622], [10.16250732, 15.880062114, 13.021284717], [11.031762826, 17.027540417999997, 14.029651622], [9.213396276, 15.061161374, 12.137278825], [5.792832625999999, 10.99666708, 8.394749853], [2.6174305639999997, 7.435720446, 5.026575505], [1.27921451, 5.701278506, 3.4902465080000002]]",0.0,0.0,81374338.73279716,573.1894467463957,482.7764310130352,11,4469.56732907085,298.9191531685138,27.85926947963984,0.6827000170832062,53.05730056762695,-132.05136108398438,81.37433873279716
08OB002,2018,12,31,13.899999618530273,430.9100036621094,4.769999980926514,36.5,4.634275664723175,"[[0.811779864, 5.222653912, 3.017216888], [1.234454718, 5.884386746, 3.559420732], [1.178504978, 6.332493299999999, 3.755499139], [2.4231323760000003, 8.072530213999999, 5.247831294999999], [5.0029240239999995, 10.890362574, 7.946643299], [7.8426276459999995, 13.604433598, 10.723530622], [10.16250732, 15.880062114, 13.021284717], [11.031762826, 17.027540417999997, 14.029651622], [9.213396276, 15.061161374, 12.137278825], [5.792832625999999, 10.99666708, 8.394749853], [2.6174305639999997, 7.435720446, 5.026575505], [1.27921451, 5.701278506, 3.4902465080000002]]",0.0,0.0,81374338.73279716,573.1894467463957,482.7764310130352,11,4469.56732907085,298.9191531685138,27.85926947963984,0.6827000170832062,53.05730056762695,-132.05136108398438,81.37433873279716
