station_number,most_recent_year,years_of_data,mean,min,max,drainage_area_gross,latitude,longitude,gen_id,annual_precipitation,aspect,average_slope,drainage_area,glacial_area,glacial_coverage,hydrological_zone,median_elevation,potential_evapotranspiration,solar_exposure,watershed_area,monthly_licenced_qty,monthly_licenced_return,monthly_licenced_absolute
08FA002,2018,58,82.81488931834566,58.70000076293945,1020.0,3900.0,51.67916870117188,-127.17916870117188,12205,3677.6823947234907,,35.369514207422554,3912.548142566099,657700640.2753907,0.1681003316278758,26.0,1253.875,695.4885975693022,0.6391359868968285,3912548142.566099,"{'Jan': 0, 'Feb': 0, 'Mar': 0, 'Apr': 0, 'May': 0, 'Jun': 0, 'Jul': 0, 'Aug': 0, 'Sep': 0, 'Oct': 0, 'Nov': 0, 'Dec': 0}","{'Jan': 0, 'Feb': 0, 'Mar': 0, 'Apr': 0, 'May': 0, 'Jun': 0, 'Jul': 0, 'Aug': 0, 'Sep': 0, 'Oct': 0, 'Nov': 0, 'Dec': 0}","{'Jan': 0, 'Feb': 0, 'Mar': 0, 'Apr': 0, 'May': 0, 'Jun': 0, 'Jul': 0, 'Aug': 0, 'Sep': 0, 'Oct': 0, 'Nov': 0, 'Dec': 0}"
08FB004,2018,45,56.51993323557264,1.5800000429153442,28.20000076293945,159.0,52.424560546875,-126.52108001708984,12215,2368.987421383648,,34.363987539619544,156.13763782011628,5141617.830642247,0.03293003469519516,26.0,1159.5,695.3040540540541,0.6509537998678817,156137637.82011628,"{'Jan': 0, 'Feb': 0, 'Mar': 0, 'Apr': 0, 'May': 0, 'Jun': 0, 'Jul': 0, 'Aug': 0, 'Sep': 0, 'Oct': 0, 'Nov': 0, 'Dec': 0}","{'Jan': 0, 'Feb': 0, 'Mar': 0, 'Apr': 0, 'May': 0, 'Jun': 0, 'Jul': 0, 'Aug': 0, 'Sep': 0, 'Oct': 0, 'Nov': 0, 'Dec': 0}","{'Jan': 0, 'Feb': 0, 'Mar': 0, 'Apr': 0, 'May': 0, 'Jun': 0, 'Jul': 0, 'Aug': 0, 'Sep': 0, 'Oct': 0, 'Nov': 0, 'Dec': 0}"
08FB005,1995,23,59.86524782060106,2.4100000858306885,47.29999923706055,269.0,52.38943862915039,-126.46028137207031,12216,2463.332116788321,,36.40344428472103,271.62452534202214,24354585.77079832,0.08966269058411311,26.0,1346.75,684.1627906976744,0.6161552050078102,271624525.34202206,"{'Jan': 398.12679166666663, 'Feb': 398.12679166666663, 'Mar': 398.12679166666663, 'Apr': 398.12679166666663, 'May': 7799.006791666666, 'Jun': 37800.65358333335, 'Jul': 22600.76679166667, 'Aug': 18900.326791666666, 'Sep': 7799.006791666666, 'Oct': 398.12679166666663, 'Nov': 398.12679166666663, 'Dec': 398.12679166666663}","{'Jan': 0, 'Feb': 0, 'Mar': 0, 'Apr': 0, 'May': 0, 'Jun': 0, 'Jul': 0, 'Aug': 0, 'Sep': 0, 'Oct': 0, 'Nov': 0, 'Dec': 0}","{'Jan': 398.12679166666663, 'Feb': 398.12679166666663, 'Mar': 398.12679166666663, 'Apr': 398.12679166666663, 'May': 7799.006791666666, 'Jun': 37800.65358333335, 'Jul': 22600.76679166667, 'Aug': 18900.326791666666, 'Sep': 7799.006791666666, 'Oct': 398.12679166666663, 'Nov': 398.12679166666663, 'Dec': 398.12679166666663}"
08FB009,1995,16,67.93891677641503,1.5,24.10000038146973,92.5,52.36444091796875,-126.8080596923828,12219,3046.956989247312,,32.71862832716953,92.4911718580644,7340026.596196075,0.07935921287125622,26.0,1225.625,678.44,0.6035944971114278,92491171.8580644,"{'Jan': 0, 'Feb': 0, 'Mar': 0, 'Apr': 0, 'May': 0, 'Jun': 0, 'Jul': 0, 'Aug': 0, 'Sep': 0, 'Oct': 0, 'Nov': 0, 'Dec': 0}","{'Jan': 0, 'Feb': 0, 'Mar': 0, 'Apr': 0, 'May': 0, 'Jun': 0, 'Jul': 0, 'Aug': 0, 'Sep': 0, 'Oct': 0, 'Nov': 0, 'Dec': 0}","{'Jan': 0, 'Feb': 0, 'Mar': 0, 'Apr': 0, 'May': 0, 'Jun': 0, 'Jul': 0, 'Aug': 0, 'Sep': 0, 'Oct': 0, 'Nov': 0, 'Dec': 0}"
08GA017,1967,44,56.25013476437696,5.349999904632568,190.0,813.0,49.96527862548828,-123.1508331298828,12275,2334.556555269923,,25.407460247605645,796.8465741362244,77129261.25009145,0.09679311394881628,26.0,1425.75,777.4095966620306,0.6680614436232178,796846574.1362244,"{'Jan': 188521591.06422284, 'Feb': 188258969.29557285, 'Mar': 188083888.11647284, 'Apr': 187996347.52692285, 'May': 188081844.13676918, 'Jun': 376334681.49323094, 'Jul': 188338333.9663082, 'Aug': 188338333.9663082, 'Sep': 188081844.13676918, 'Oct': 187996347.52692285, 'Nov': 188521591.06422284, 'Dec': 188696672.24332285}","{'Jan': 187632731.8129042, 'Feb': 187632731.8129042, 'Mar': 188157975.35020423, 'Apr': 188157975.35020423, 'May': 188157975.35020423, 'Jun': 376315950.70040834, 'Jul': 187632731.8129042, 'Aug': 187632731.8129042, 'Sep': 187632731.8129042, 'Oct': 187632731.8129042, 'Nov': 187632731.8129042, 'Dec': 187632731.8129042}","{'Jan': 888859.2513186669, 'Feb': 626237.4826686668, 'Mar': -74087.23373133325, 'Apr': -161627.82328133323, 'May': -76131.21343499988, 'Jun': 18730.792822667252, 'Jul': 705602.1534040001, 'Aug': 705602.1534040001, 'Sep': 449112.32386500004, 'Oct': 363615.7140186667, 'Nov': 888859.2513186669, 'Dec': 1063940.430418667}"
08GA022,2018,57,100.40241680078461,33.0,1040.0,2350.0,49.7950210571289,-123.20316314697266,12284,2841.326415910073,,31.811079874729923,2360.500947604161,526352017.6154167,0.22298318420488186,26.0,1318.125,753.8341896310136,0.6515875451039537,2360500947.604161,"{'Jan': 80733298.20018332, 'Feb': 80733298.20018332, 'Mar': 80733298.20018332, 'Apr': 80733298.20018332, 'May': 80735271.7681833, 'Jun': 161476464.24036664, 'Jul': 80739218.90418331, 'Aug': 80738232.1201833, 'Sep': 80735271.7681833, 'Oct': 80733298.20018332, 'Nov': 80733298.20018332, 'Dec': 80733298.20018332}","{'Jan': 80722962.00000001, 'Feb': 80722962.00000001, 'Mar': 80722962.00000001, 'Apr': 80722962.00000001, 'May': 80722962.00000001, 'Jun': 161445924.0, 'Jul': 80722962.00000001, 'Aug': 80722962.00000001, 'Sep': 80722962.00000001, 'Oct': 80722962.00000001, 'Nov': 80722962.00000001, 'Dec': 80722962.00000001}","{'Jan': 10336.200183333332, 'Feb': 10336.200183333332, 'Mar': 10336.200183333332, 'Apr': 10336.200183333332, 'May': 12309.768183333332, 'Jun': 30540.240366666647, 'Jul': 16256.904183333332, 'Aug': 15270.120183333333, 'Sep': 12309.768183333332, 'Oct': 10336.200183333332, 'Nov': 10336.200183333332, 'Dec': 10336.200183333332}"
08GA024,1947,23,59.4236052656171,2.3199999332427983,76.19999694824219,287.0,50.08332824707031,-123.04833221435548,12286,2309.034161490684,,29.949858492497896,331.07908810880787,50340243.80803715,0.15204899861115065,26.0,1608.25,772.9614093959732,0.6398359726134785,331079088.10880786,"{'Jan': 614596.3900261667, 'Feb': 478252.13637616666, 'Mar': 387355.9672761667, 'Apr': 341907.8827261667, 'May': 426104.68967333337, 'Jun': 1020602.9932409998, 'Jul': 678695.1105148335, 'Aug': 678695.1105148335, 'Sep': 426104.68967333337, 'Oct': 341907.8827261667, 'Nov': 614596.3900261667, 'Dec': 705492.5591261666}","{'Jan': 4290.992904166666, 'Feb': 4290.992904166666, 'Mar': 276979.50020416663, 'Apr': 276979.50020416663, 'May': 276979.50020416663, 'Jun': 553959.0004083333, 'Jul': 4290.992904166666, 'Aug': 4290.992904166666, 'Sep': 4290.992904166666, 'Oct': 4290.992904166666, 'Nov': 4290.992904166666, 'Dec': 4290.992904166666}","{'Jan': 610305.3971220001, 'Feb': 473961.14347199997, 'Mar': 110376.467072, 'Apr': 64928.38252200006, 'May': 149125.18946916674, 'Jun': 466643.9928326667, 'Jul': 674404.1176106668, 'Aug': 674404.1176106668, 'Sep': 421813.6967691667, 'Oct': 337616.88982200006, 'Nov': 610305.3971220001, 'Dec': 701201.566222}"
08GA043,2020,48,37.14854419459197,18.600000381469727,194.0,965.0,49.8160285949707,-123.15007781982422,12311,2398.397231096912,,24.5259354976369,962.7452156116724,83028071.69753033,0.08624096007039526,26.0,1335.25,786.5978135788263,0.6694685679646749,962745215.6116724,"{'Jan': 223020764.78992286, 'Feb': 222758143.02127284, 'Mar': 222583061.84217283, 'Apr': 222495521.25262284, 'May': 222583040.76966918, 'Jun': 445343143.4806309, 'Jul': 222843576.4136082, 'Aug': 222842564.9600082, 'Sep': 222583040.76966918, 'Oct': 222495521.25262284, 'Nov': 223020764.78992286, 'Dec': 223195845.96902284}","{'Jan': 222130661.0464667, 'Feb': 222130661.0464667, 'Mar': 222655904.58376673, 'Apr': 222655904.58376673, 'May': 222655904.58376673, 'Jun': 445311809.1675334, 'Jul': 222130661.0464667, 'Aug': 222130661.0464667, 'Sep': 222130661.0464667, 'Oct': 222130661.0464667, 'Nov': 222130661.0464667, 'Dec': 222130661.0464667}","{'Jan': 890103.743456167, 'Feb': 627481.974806167, 'Mar': -72842.74159383305, 'Apr': -160383.33114383303, 'May': -72863.81409749966, 'Jun': 31334.313097667502, 'Jul': 712915.3671415001, 'Aug': 711903.9135415001, 'Sep': 452379.7232025, 'Oct': 364860.2061561667, 'Nov': 890103.743456167, 'Dec': 1065184.9225561672}"
08GA054,1986,16,77.11100568439755,6.53000020980835,100.0,334.0,49.72888946533203,-123.10556030273438,12322,3880.971698113208,,25.298965129606962,330.9352501089178,10471889.882254357,0.03164331958837215,26.0,1168.0,790.1918505942275,0.6850248657745035,330935250.10891783,"{'Jan': 175949320.34881246, 'Feb': 175949320.34881246, 'Mar': 175949320.34881246, 'Apr': 175949320.34881246, 'May': 175949373.38845247, 'Jun': 351898905.8958249, 'Jul': 175949479.46773246, 'Aug': 175949452.94791245, 'Sep': 175949373.38845247, 'Oct': 175949320.34881246, 'Nov': 175949320.34881246, 'Dec': 175949320.34881246}","{'Jan': 175810282.92000002, 'Feb': 175810282.92000002, 'Mar': 175810282.92000002, 'Apr': 175810282.92000002, 'May': 175810282.92000002, 'Jun': 351620565.84000003, 'Jul': 175810282.92000002, 'Aug': 175810282.92000002, 'Sep': 175810282.92000002, 'Oct': 175810282.92000002, 'Nov': 175810282.92000002, 'Dec': 175810282.92000002}","{'Jan': 139037.4288124999, 'Feb': 139037.4288124999, 'Mar': 139037.4288124999, 'Apr': 139037.4288124999, 'May': 139090.4684524999, 'Jun': 278340.0558250004, 'Jul': 139196.5477324999, 'Aug': 139170.02791249988, 'Sep': 139090.4684524999, 'Oct': 139037.4288124999, 'Nov': 139037.4288124999, 'Dec': 139037.4288124999}"
08GA071,2018,37,86.07143281463759,11.100000381469727,823.0,1200.0,50.11402893066406,-123.42839813232422,12347,2718.823480432973,,33.19401484132237,1221.078774622729,326288130.8692815,0.2672130067694389,26.0,1460.25,734.3762376237622,0.6466429085493954,1221078774.6227288,"{'Jan': 6913.845208333333, 'Feb': 6913.845208333333, 'Mar': 6913.845208333333, 'Apr': 6913.845208333333, 'May': 6913.845208333333, 'Jun': 13827.690416666666, 'Jul': 6913.845208333333, 'Aug': 6913.845208333333, 'Sep': 6913.845208333333, 'Oct': 6913.845208333333, 'Nov': 6913.845208333333, 'Dec': 6913.845208333333}","{'Jan': 0, 'Feb': 0, 'Mar': 0, 'Apr': 0, 'May': 0, 'Jun': 0, 'Jul': 0, 'Aug': 0, 'Sep': 0, 'Oct': 0, 'Nov': 0, 'Dec': 0}","{'Jan': 6913.845208333333, 'Feb': 6913.845208333333, 'Mar': 6913.845208333333, 'Apr': 6913.845208333333, 'May': 6913.845208333333, 'Jun': 13827.690416666666, 'Jul': 6913.845208333333, 'Aug': 6913.845208333333, 'Sep': 6913.845208333333, 'Oct': 6913.845208333333, 'Nov': 6913.845208333333, 'Dec': 6913.845208333333}"
08GA072,2018,36,66.06136405376489,2.740000009536743,60.9000015258789,297.0,50.07991027832031,-123.0356216430664,12348,2380.5261324041808,,30.79703283469632,296.3574550801046,50191375.76915006,0.16936093527859278,26.0,1652.625,768.4925093632959,0.6366903722780715,296357455.08010465,"{'Jan': 152259.74329999997, 'Feb': 78206.22965, 'Mar': 28837.22055, 'Apr': 4152.715999999999, 'May': 4152.715999999999, 'Jun': 8305.431999999999, 'Jul': 4152.715999999999, 'Aug': 4152.715999999999, 'Sep': 4152.715999999999, 'Oct': 4152.715999999999, 'Nov': 152259.74329999997, 'Dec': 201628.75239999997}","{'Jan': 4152.715999999999, 'Feb': 4152.715999999999, 'Mar': 152259.74329999997, 'Apr': 152259.74329999997, 'May': 152259.74329999997, 'Jun': 304519.48659999995, 'Jul': 4152.715999999999, 'Aug': 4152.715999999999, 'Sep': 4152.715999999999, 'Oct': 4152.715999999999, 'Nov': 4152.715999999999, 'Dec': 4152.715999999999}","{'Jan': 148107.0273, 'Feb': 74053.51365, 'Mar': -123422.52274999999, 'Apr': -148107.0273, 'May': -148107.0273, 'Jun': -296214.0546, 'Jul': 0.0, 'Aug': 0.0, 'Sep': 0.0, 'Oct': 0.0, 'Nov': 148107.0273, 'Dec': 197476.03639999998}"
08GA075,2018,23,87.6669951118277,3.920000076293945,140.0,284.0,49.72594833374024,-123.1020965576172,12349,3951.656603773585,,26.148186184738265,275.5982385584535,7537462.125336731,0.02734945682077739,26.0,1182.0,783.7586206896551,0.6659075018579974,275598238.5584535,"{'Jan': 175948559.82416666, 'Feb': 175948559.82416666, 'Mar': 175948559.82416666, 'Apr': 175948559.82416666, 'May': 175948559.82416666, 'Jun': 351897119.6483333, 'Jul': 175948559.82416666, 'Aug': 175948559.82416666, 'Sep': 175948559.82416666, 'Oct': 175948559.82416666, 'Nov': 175948559.82416666, 'Dec': 175948559.82416666}","{'Jan': 175810282.92000002, 'Feb': 175810282.92000002, 'Mar': 175810282.92000002, 'Apr': 175810282.92000002, 'May': 175810282.92000002, 'Jun': 351620565.84000003, 'Jul': 175810282.92000002, 'Aug': 175810282.92000002, 'Sep': 175810282.92000002, 'Oct': 175810282.92000002, 'Nov': 175810282.92000002, 'Dec': 175810282.92000002}","{'Jan': 138276.90416666667, 'Feb': 138276.90416666667, 'Mar': 138276.90416666667, 'Apr': 138276.90416666667, 'May': 138276.90416666667, 'Jun': 276553.80833333335, 'Jul': 138276.90416666667, 'Aug': 138276.90416666667, 'Sep': 138276.90416666667, 'Oct': 138276.90416666667, 'Nov': 138276.90416666667, 'Dec': 138276.90416666667}"
08GB013,2019,26,106.12957450389732,1.8799999952316284,160.0,147.0,49.78718948364258,-123.42041778564452,12359,4180.927536231884,,36.72704991273034,146.0478863609369,7343952.924831197,0.05028455466093938,26.0,1234.0,763.1274131274132,0.6487220783875668,146047886.3609369,"{'Jan': 62647108.42750001, 'Feb': 62647108.42750001, 'Mar': 62647108.42750001, 'Apr': 62647108.42750001, 'May': 62647108.42750001, 'Jun': 125294216.85499999, 'Jul': 62647108.42750001, 'Aug': 62647108.42750001, 'Sep': 62647108.42750001, 'Oct': 62647108.42750001, 'Nov': 62647108.42750001, 'Dec': 62647108.42750001}","{'Jan': 62647108.42750001, 'Feb': 62647108.42750001, 'Mar': 62647108.42750001, 'Apr': 62647108.42750001, 'May': 62647108.42750001, 'Jun': 125294216.85499999, 'Jul': 62647108.42750001, 'Aug': 62647108.42750001, 'Sep': 62647108.42750001, 'Oct': 62647108.42750001, 'Nov': 62647108.42750001, 'Dec': 62647108.42750001}","{'Jan': 0.0, 'Feb': 0.0, 'Mar': 0.0, 'Apr': 0.0, 'May': 0.0, 'Jun': 0.0, 'Jul': 0.0, 'Aug': 0.0, 'Sep': 0.0, 'Oct': 0.0, 'Nov': 0.0, 'Dec': 0.0}"
08GE003,2015,15,124.1775897062947,0.3459999859333038,13.699999809265135,23.0,51.22761154174805,-125.67146301269531,12379,2149.7727272727275,,36.4528777786855,23.181853071368483,9470190.828915637,0.40851742092232096,26.0,1477.375,678.609756097561,0.5377031694414021,23181853.07136848,"{'Jan': 0, 'Feb': 0, 'Mar': 0, 'Apr': 0, 'May': 0, 'Jun': 0, 'Jul': 0, 'Aug': 0, 'Sep': 0, 'Oct': 0, 'Nov': 0, 'Dec': 0}","{'Jan': 0, 'Feb': 0, 'Mar': 0, 'Apr': 0, 'May': 0, 'Jun': 0, 'Jul': 0, 'Aug': 0, 'Sep': 0, 'Oct': 0, 'Nov': 0, 'Dec': 0}","{'Jan': 0, 'Feb': 0, 'Mar': 0, 'Apr': 0, 'May': 0, 'Jun': 0, 'Jul': 0, 'Aug': 0, 'Sep': 0, 'Oct': 0, 'Nov': 0, 'Dec': 0}"
08MF003,1982,32,44.99583622339907,8.359999656677246,137.0,741.0,49.37527847290039,-121.41944122314452,12416,2565.9011299435033,,32.459585428342585,733.3317492373441,0.0,0.0,26.0,1178.875,837.2248656945509,0.6388641198930943,733331749.237344,"{'Jan': 2006474.5324375003, 'Feb': 2006474.5324375003, 'Mar': 2006474.5324375003, 'Apr': 2006474.5324375003, 'May': 2006875.4134375004, 'Jun': 4014953.4698749976, 'Jul': 2007677.1754375002, 'Aug': 2007476.7349375002, 'Sep': 2006875.4134375004, 'Oct': 2006474.5324375003, 'Nov': 2006474.5324375003, 'Dec': 2006474.5324375003}","{'Jan': 1918467.5076166668, 'Feb': 1918467.5076166668, 'Mar': 1918467.5076166668, 'Apr': 1918467.5076166668, 'May': 1918467.5076166668, 'Jun': 3836935.015233334, 'Jul': 1918467.5076166668, 'Aug': 1918467.5076166668, 'Sep': 1918467.5076166668, 'Oct': 1918467.5076166668, 'Nov': 1918467.5076166668, 'Dec': 1918467.5076166668}","{'Jan': 88007.02482083334, 'Feb': 88007.02482083334, 'Mar': 88007.02482083334, 'Apr': 88007.02482083334, 'May': 88407.90582083333, 'Jun': 178018.4546416666, 'Jul': 89209.66782083333, 'Aug': 89009.22732083334, 'Sep': 88407.90582083333, 'Oct': 88007.02482083334, 'Nov': 88007.02482083334, 'Dec': 88007.02482083334}"
08MF034,1969,16,29.0894530515439,0.0080000003799796,55.79999923706055,114.0,49.31306076049805,-121.62555694580078,12429,2437.2181818181816,,32.98057127576025,114.51745091316269,1058894.5645505146,0.009246578194911644,26.0,1123.75,823.1527093596059,0.6080593901047092,114517450.91316268,"{'Jan': 132358794.22618753, 'Feb': 132358794.22618753, 'Mar': 132358794.22618753, 'Apr': 132358794.22618753, 'May': 132358794.22618753, 'Jun': 264717588.45237488, 'Jul': 132358794.22618753, 'Aug': 132358794.22618753, 'Sep': 132358794.22618753, 'Oct': 132358794.22618753, 'Nov': 132358794.22618753, 'Dec': 132358794.22618753}","{'Jan': 132350406.64000002, 'Feb': 132350406.64000002, 'Mar': 132350406.64000002, 'Apr': 132350406.64000002, 'May': 132350406.64000002, 'Jun': 264700813.27999997, 'Jul': 132350406.64000002, 'Aug': 132350406.64000002, 'Sep': 132350406.64000002, 'Oct': 132350406.64000002, 'Nov': 132350406.64000002, 'Dec': 132350406.64000002}","{'Jan': 8387.5861875, 'Feb': 8387.5861875, 'Mar': 8387.5861875, 'Apr': 8387.5861875, 'May': 8387.5861875, 'Jun': 16775.172375, 'Jul': 8387.5861875, 'Aug': 8387.5861875, 'Sep': 8387.5861875, 'Oct': 8387.5861875, 'Nov': 8387.5861875, 'Dec': 8387.5861875}"
08MF068,2019,28,41.40146351657395,4.2899999618530265,89.4000015258789,720.0,49.36846160888672,-121.38449096679688,12436,2577.16068866571,,32.39880120535912,721.9379033984156,0.0,0.0,26.0,1186.0,836.2285491419658,0.6419674137907727,721937903.3984157,"{'Jan': 2006059.7014208336, 'Feb': 2006059.7014208336, 'Mar': 2006059.7014208336, 'Apr': 2006059.7014208336, 'May': 2006460.5824208336, 'Jun': 4014123.807841665, 'Jul': 2007262.3444208335, 'Aug': 2007061.9039208335, 'Sep': 2006460.5824208336, 'Oct': 2006059.7014208336, 'Nov': 2006059.7014208336, 'Dec': 2006059.7014208336}","{'Jan': 1918467.5076166668, 'Feb': 1918467.5076166668, 'Mar': 1918467.5076166668, 'Apr': 1918467.5076166668, 'May': 1918467.5076166668, 'Jun': 3836935.015233334, 'Jul': 1918467.5076166668, 'Aug': 1918467.5076166668, 'Sep': 1918467.5076166668, 'Oct': 1918467.5076166668, 'Nov': 1918467.5076166668, 'Dec': 1918467.5076166668}","{'Jan': 87592.19380416667, 'Feb': 87592.19380416667, 'Mar': 87592.19380416667, 'Apr': 87592.19380416667, 'May': 87993.07480416667, 'Jun': 177188.7926083333, 'Jul': 88794.83680416667, 'Aug': 88594.39630416667, 'Sep': 87993.07480416667, 'Oct': 87592.19380416667, 'Nov': 87592.19380416667, 'Dec': 87592.19380416667}"
08MG004,1947,26,43.75085149081109,1.7000000476837158,28.60000038146973,195.0,50.17082977294922,-122.91667175292969,12438,1946.9673913043482,,24.471588461957232,189.0952215598891,8095457.615304788,0.0428115398608359,26.0,1441.0,788.1569767441861,0.6630338884301014,189095221.55988908,"{'Jan': 15769574.924247833, 'Feb': 14268651.790647833, 'Mar': 13268036.368247831, 'Apr': 12767728.657047832, 'May': 12928958.156779166, 'Jun': 26211029.75798098, 'Jul': 13381992.211013164, 'Aug': 13366664.988533163, 'Sep': 12928958.156779166, 'Oct': 12767728.657047832, 'Nov': 15769574.924247833, 'Dec': 16770190.34664783}","{'Jan': 12189329.497425, 'Feb': 12189329.497425, 'Mar': 15191175.764625, 'Apr': 15191175.764625, 'May': 15191175.764625, 'Jun': 30382351.529249996, 'Jul': 12189329.497425, 'Aug': 12189329.497425, 'Sep': 12189329.497425, 'Oct': 12189329.497425, 'Nov': 12189329.497425, 'Dec': 12189329.497425}","{'Jan': 3580245.4268228333, 'Feb': 2079322.2932228332, 'Mar': -1923139.3963771663, 'Apr': -2423447.1075771665, 'May': -2262217.607845833, 'Jun': -4171321.7712689997, 'Jul': 1192662.7135881667, 'Aug': 1177335.4911081668, 'Sep': 739628.6593541666, 'Oct': 578399.1596228334, 'Nov': 3580245.4268228333, 'Dec': 4580860.849222833}"
08MG006,1947,23,64.13084157887545,1.25,58.29999923706055,179.0,50.26667022705078,-122.87222290039062,12443,2174.017142857143,,30.36530415040173,180.33105999372668,21560438.648850914,0.11956031672858215,26.0,1542.0,774.92,0.6789403326508018,180331059.99372667,"{'Jan': 96741515.52, 'Feb': 96741515.52, 'Mar': 96741515.52, 'Apr': 96741515.52, 'May': 96741515.52, 'Jun': 193483031.04, 'Jul': 96741515.52, 'Aug': 96741515.52, 'Sep': 96741515.52, 'Oct': 96741515.52, 'Nov': 96741515.52, 'Dec': 96741515.52}","{'Jan': 96741515.52, 'Feb': 96741515.52, 'Mar': 96741515.52, 'Apr': 96741515.52, 'May': 96741515.52, 'Jun': 193483031.04, 'Jul': 96741515.52, 'Aug': 96741515.52, 'Sep': 96741515.52, 'Oct': 96741515.52, 'Nov': 96741515.52, 'Dec': 96741515.52}","{'Jan': 0.0, 'Feb': 0.0, 'Mar': 0.0, 'Apr': 0.0, 'May': 0.0, 'Jun': 0.0, 'Jul': 0.0, 'Aug': 0.0, 'Sep': 0.0, 'Oct': 0.0, 'Nov': 0.0, 'Dec': 0.0}"
08MG007,1947,23,66.71013433586461,1.8700000047683718,79.30000305175781,283.0,50.224998474121094,-122.88333129882812,12444,2178.3862815884477,,27.791798737133067,284.6839483703008,42256354.57696856,0.1484325154925977,26.0,1436.125,772.6964980544748,0.6798541384374859,284683948.3703008,"{'Jan': 173553189.1386042, 'Feb': 173553189.1386042, 'Mar': 173553189.1386042, 'Apr': 173553189.1386042, 'May': 173553189.1386042, 'Jun': 347106378.2772084, 'Jul': 173553189.1386042, 'Aug': 173553189.1386042, 'Sep': 173553189.1386042, 'Oct': 173553189.1386042, 'Nov': 173553189.1386042, 'Dec': 173553189.1386042}","{'Jan': 173553120.00000003, 'Feb': 173553120.00000003, 'Mar': 173553120.00000003, 'Apr': 173553120.00000003, 'May': 173553120.00000003, 'Jun': 347106240.00000006, 'Jul': 173553120.00000003, 'Aug': 173553120.00000003, 'Sep': 173553120.00000003, 'Oct': 173553120.00000003, 'Nov': 173553120.00000003, 'Dec': 173553120.00000003}","{'Jan': 69.13860416666667, 'Feb': 69.13860416666667, 'Mar': 69.13860416666667, 'Apr': 69.13860416666667, 'May': 69.13860416666667, 'Jun': 138.27720833333333, 'Jul': 69.13860416666667, 'Aug': 69.13860416666667, 'Sep': 69.13860416666667, 'Oct': 69.13860416666667, 'Nov': 69.13860416666667, 'Dec': 69.13860416666667}"
08MG013,2018,64,55.709653720369175,216.0,902.0,7890.0,49.30041885375977,-121.82964324951172,12447,2085.7371259791958,,31.394198089879545,7955.589299201679,625057334.9302322,0.07856832616949631,26.0,1297.0,813.9038381309972,0.6571774441569493,7955589299.201679,"{'Jan': 863664771.3558766, 'Feb': 862163848.2222764, 'Mar': 861163232.7998766, 'Apr': 860662925.0886765, 'May': 861239699.4977078, 'Jun': 1724061575.6964364, 'Jul': 862541394.8418417, 'Aug': 862327080.9003612, 'Sep': 861239699.4977078, 'Oct': 860662925.0886765, 'Nov': 863664771.3558766, 'Dec': 864665386.7782764}","{'Jan': 859485956.3594375, 'Feb': 859485956.3594375, 'Mar': 862487802.6266376, 'Apr': 862487802.6266376, 'May': 862487802.6266376, 'Jun': 1724975605.2532744, 'Jul': 859485956.3594375, 'Aug': 859485956.3594375, 'Sep': 859485956.3594375, 'Oct': 859485956.3594375, 'Nov': 859485956.3594375, 'Dec': 859485956.3594375}","{'Jan': 4178814.996438831, 'Feb': 2677891.8628388355, 'Mar': -1324569.8267611659, 'Apr': -1824877.5379611654, 'May': -1248103.1289299994, 'Jun': -914029.5568376645, 'Jul': 3055438.482403498, 'Aug': 2841124.5409234995, 'Sep': 1753743.1382700014, 'Oct': 1176968.7292388342, 'Nov': 4178814.996438831, 'Dec': 5179430.418838831}"
08MG025,2018,26,56.44196787868,0.0549999997019767,14.0,32.400001525878906,50.3155403137207,-122.80464935302734,12449,2036.5925925925928,,26.77918324348805,29.615169726427542,4166763.8896686994,0.1406969444429834,26.0,1413.0,805.78,0.6393653350277327,29615169.72642754,"{'Jan': 167629.29896666668, 'Feb': 167629.29896666668, 'Mar': 167629.29896666668, 'Apr': 167629.29896666668, 'May': 172330.71370833335, 'Jun': 354064.25690000004, 'Jul': 186434.95793333335, 'Aug': 186434.95793333335, 'Sep': 172330.71370833335, 'Oct': 167629.29896666668, 'Nov': 167629.29896666668, 'Dec': 167629.29896666668}","{'Jan': 0, 'Feb': 0, 'Mar': 0, 'Apr': 0, 'May': 0, 'Jun': 0, 'Jul': 0, 'Aug': 0, 'Sep': 0, 'Oct': 0, 'Nov': 0, 'Dec': 0}","{'Jan': 167629.29896666668, 'Feb': 167629.29896666668, 'Mar': 167629.29896666668, 'Apr': 167629.29896666668, 'May': 172330.71370833335, 'Jun': 354064.25690000004, 'Jul': 186434.95793333335, 'Aug': 186434.95793333335, 'Sep': 172330.71370833335, 'Oct': 167629.29896666668, 'Nov': 167629.29896666668, 'Dec': 167629.29896666668}"
08MG026,2016,17,42.125223515431294,0.9789999723434448,20.600000381469727,89.69999694824219,50.1202507019043,-122.94880676269531,12450,2198.785714285714,,28.097274707013053,90.45858888532987,7766089.118412618,0.08585242390036976,26.0,1695.0,769.638036809816,0.6326494195199978,90458588.88532989,"{'Jan': 13590449.986000001, 'Feb': 12453209.1793, 'Mar': 11695048.6415, 'Apr': 11315968.3726, 'May': 11357480.8196, 'Jun': 22806312.52319999, 'Jul': 11473692.170599999, 'Aug': 11469529.1756, 'Sep': 11357480.8196, 'Oct': 11315968.3726, 'Nov': 13590449.986000001, 'Dec': 14348610.5238}","{'Jan': 11169947.9618, 'Feb': 11169947.9618, 'Mar': 13444429.5752, 'Apr': 13444429.5752, 'May': 13444429.5752, 'Jun': 26888859.150399998, 'Jul': 11169947.9618, 'Aug': 11169947.9618, 'Sep': 11169947.9618, 'Oct': 11169947.9618, 'Nov': 11169947.9618, 'Dec': 11169947.9618}","{'Jan': 2420502.0242, 'Feb': 1283261.2174999998, 'Mar': -1749380.9337000002, 'Apr': -2128461.2026, 'May': -2086948.7555999998, 'Jun': -4082546.6272, 'Jul': 303744.2088, 'Aug': 299581.21379999997, 'Sep': 187532.8578, 'Oct': 146020.4108, 'Nov': 2420502.0242, 'Dec': 3178662.5619999995}"
08MH103,2018,55,56.04724772219702,4.380000114440918,195.0,650.0,49.10171890258789,-121.66300201416016,12571,2163.4023372287147,,35.86715496226483,636.1515871392387,0.0,0.0,26.0,1258.5,829.4320875113948,0.6578614260344161,636151587.1392387,"{'Jan': 3762775.311683331, 'Feb': 3762775.311683331, 'Mar': 3762775.311683331, 'Apr': 3762775.311683331, 'May': 3766475.751683331, 'Jun': 7544052.82336667, 'Jul': 3773876.631683331, 'Aug': 3772026.4116833312, 'Sep': 3766475.751683331, 'Oct': 3762775.311683331, 'Nov': 3762775.311683331, 'Dec': 3762775.311683331}","{'Jan': 3760562.8799999994, 'Feb': 3760562.8799999994, 'Mar': 3760562.8799999994, 'Apr': 3760562.8799999994, 'May': 3760562.8799999994, 'Jun': 7521125.76, 'Jul': 3760562.8799999994, 'Aug': 3760562.8799999994, 'Sep': 3760562.8799999994, 'Oct': 3760562.8799999994, 'Nov': 3760562.8799999994, 'Dec': 3760562.8799999994}","{'Jan': 2212.4316833333337, 'Feb': 2212.4316833333337, 'Mar': 2212.4316833333337, 'Apr': 2212.4316833333337, 'May': 5912.871683333334, 'Jun': 22927.06336666667, 'Jul': 13313.751683333332, 'Aug': 11463.531683333333, 'Sep': 5912.871683333334, 'Oct': 2212.4316833333337, 'Nov': 2212.4316833333337, 'Dec': 2212.4316833333337}"
08MH147,2019,27,121.45918222678283,4.369999885559082,476.0,290.0,49.556190490722656,-122.32306671142578,12592,3491.918518518519,,28.973650688709625,289.71781513656475,26751659.02180516,0.09233694865880164,26.0,1278.875,786.3747572815532,0.6619146354818426,289717815.13656473,"{'Jan': 220750291.79999998, 'Feb': 220750291.79999998, 'Mar': 220750291.79999998, 'Apr': 220750291.79999998, 'May': 220750291.79999998, 'Jun': 441500583.59999996, 'Jul': 220750291.79999998, 'Aug': 220750291.79999998, 'Sep': 220750291.79999998, 'Oct': 220750291.79999998, 'Nov': 220750291.79999998, 'Dec': 220750291.79999998}","{'Jan': 220750291.79999998, 'Feb': 220750291.79999998, 'Mar': 220750291.79999998, 'Apr': 220750291.79999998, 'May': 220750291.79999998, 'Jun': 441500583.59999996, 'Jul': 220750291.79999998, 'Aug': 220750291.79999998, 'Sep': 220750291.79999998, 'Oct': 220750291.79999998, 'Nov': 220750291.79999998, 'Dec': 220750291.79999998}","{'Jan': 0.0, 'Feb': 0.0, 'Mar': 0.0, 'Apr': 0.0, 'May': 0.0, 'Jun': 0.0, 'Jul': 0.0, 'Aug': 0.0, 'Sep': 0.0, 'Oct': 0.0, 'Nov': 0.0, 'Dec': 0.0}"
08PA001,1954,25,30.86392126530059,11.699999809265135,189.0,907.0,49.047218322753906,-121.09583282470705,12631,1577.7238636363636,,31.83559115797533,917.705814883044,663869.673140994,0.0007234014020338317,26.0,1358.0,839.8203703703704,0.6527787524792773,917705814.883044,"{'Jan': 71994.62017333334, 'Feb': 71994.62017333334, 'Mar': 71994.62017333334, 'Apr': 71994.62017333334, 'May': 80100.41229583333, 'Jun': 176412.4088366666, 'Jul': 104417.78866333335, 'Aug': 104417.78866333335, 'Sep': 80100.41229583333, 'Oct': 71994.62017333334, 'Nov': 71994.62017333334, 'Dec': 71994.62017333334}","{'Jan': 11169.000000000002, 'Feb': 11169.000000000002, 'Mar': 11169.000000000002, 'Apr': 11169.000000000002, 'May': 11169.000000000002, 'Jun': 22338.000000000004, 'Jul': 11169.000000000002, 'Aug': 11169.000000000002, 'Sep': 11169.000000000002, 'Oct': 11169.000000000002, 'Nov': 11169.000000000002, 'Dec': 11169.000000000002}","{'Jan': 60825.62017333334, 'Feb': 60825.62017333334, 'Mar': 60825.62017333334, 'Apr': 60825.62017333334, 'May': 68931.41229583333, 'Jun': 154074.4088366666, 'Jul': 93248.78866333335, 'Aug': 93248.78866333335, 'Sep': 68931.41229583333, 'Oct': 60825.62017333334, 'Nov': 60825.62017333334, 'Dec': 60825.62017333334}"
