{"learner":{"attributes":{"scikit_learn":"{\"n_estimators\": 100, \"objective\": \"reg:squarederror\", \"max_depth\": null, \"learning_rate\": null, \"verbosity\": null, \"booster\": null, \"tree_method\": null, \"gamma\": null, \"min_child_weight\": null, \"max_delta_step\": null, \"subsample\": null, \"colsample_bytree\": null, \"colsample_bylevel\": null, \"colsample_bynode\": null, \"reg_alpha\": null, \"reg_lambda\": null, \"scale_pos_weight\": null, \"base_score\": null, \"missing\": NaN, \"num_parallel_tree\": null, \"kwargs\": {}, \"random_state\": 42, \"n_jobs\": null, \"monotone_constraints\": null, \"interaction_constraints\": null, \"importance_type\": \"gain\", \"gpu_id\": null, \"validate_parameters\": null, \"n_features_in_\": 1, \"type\": \"XGBRegressor\"}"},"gradient_booster":{"model":{"gbtree_model_param":{"num_trees":"100","size_leaf_vector":"0"},"tree_info":[0,0,0,0,0,0,0,0,0,0,0,0,0,0,0,0,0,0,0,0,0,0,0,0,0,0,0,0,0,0,0,0,0,0,0,0,0,0,0,0,0,0,0,0,0,0,0,0,0,0,0,0,0,0,0,0,0,0,0,0,0,0,0,0,0,0,0,0,0,0,0,0,0,0,0,0,0,0,0,0,0,0,0,0,0,0,0,0,0,0,0,0,0,0,0,0,0,0,0,0],"trees":[{"base_weights":[6.3763914E0,-4.564E-1,1.1341575E1,1.2204054E1,5.2825E-1],"default_left":[true,false,true,false,false],"id":0,"leaf_child_counts":[0,0,0,0,0],"left_children":[1,-1,3,-1,-1],"loss_changes":[2.3460747E3,0E0,3.66604E2,0E0,0E0],"parents":[2147483647,0,0,2,2],"right_children":[2,-1,4,-1,-1],"split_conditions":[5.719852E2,-1.3692E-1,5.790058E2,3.6612163E0,1.58475E-1],"split_indices":[0,0,0,0,0],"sum_hessian":[6.8E1,2.9E1,3.9E1,3.6E1,3E0],"tree_param":{"num_deleted":"0","num_feature":"1","num_nodes":"5","size_leaf_vector":"0"}},{"base_weights":[4.516847E0,-3.24044E-1,8.034595E0,8.641789E0,4.0939376E-1],"default_left":[true,false,true,false,false],"id":1,"leaf_child_counts":[0,0,0,0,0],"left_children":[1,-1,3,-1,-1],"loss_changes":[1.1776069E3,0E0,1.8166138E2,0E0,0E0],"parents":[2147483647,0,0,2,2],"right_children":[2,-1,4,-1,-1],"split_conditions":[5.719852E2,-9.72132E-2,5.790058E2,2.592537E0,1.22818135E-1],"split_indices":[0,0,0,0,0],"sum_hessian":[6.8E1,2.9E1,3.9E1,3.6E1,3E0],"tree_param":{"num_deleted":"0","num_feature":"1","num_nodes":"5","size_leaf_vector":"0"}},{"base_weights":[3.199737E0,-2.3007123E-1,5.6921E0,6.119321E0,3.172802E-1],"default_left":[true,false,true,false,false],"id":2,"leaf_child_counts":[0,0,0,0,0],"left_children":[1,-1,3,-1,-1],"loss_changes":[5.911442E2,0E0,8.990796E1,0E0,0E0],"parents":[2147483647,0,0,2,2],"right_children":[2,-1,4,-1,-1],"split_conditions":[5.719852E2,-6.9021374E-2,5.790058E2,1.8357964E0,9.5184065E-2],"split_indices":[0,0,0,0,0],"sum_hessian":[6.8E1,2.9E1,3.9E1,3.6E1,3E0],"tree_param":{"num_deleted":"0","num_feature":"1","num_nodes":"5","size_leaf_vector":"0"}},{"base_weights":[2.2668006E0,-1.6335057E-1,4.032744E0,4.3331404E0,2.4589211E-1],"default_left":[true,false,true,false,false],"id":3,"leaf_child_counts":[0,0,0,0,0],"left_children":[1,-1,3,-1,-1],"loss_changes":[2.967729E2,0E0,4.4436768E1,0E0,0E0],"parents":[2147483647,0,0,2,2],"right_children":[2,-1,4,-1,-1],"split_conditions":[5.719852E2,-4.9005173E-2,5.790058E2,1.2999421E0,7.376763E-2],"split_indices":[0,0,0,0,0],"sum_hessian":[6.8E1,2.9E1,3.9E1,3.6E1,3E0],"tree_param":{"num_deleted":"0","num_feature":"1","num_nodes":"5","size_leaf_vector":"0"}},{"base_weights":[1.6059592E0,-1.1597889E-1,2.8572638E0,3.068332E0,1.9056642E-1],"default_left":[true,false,true,false,false],"id":4,"leaf_child_counts":[0,0,0,0,0],"left_children":[1,-1,3,-1,-1],"loss_changes":[1.4900352E2,0E0,2.1929504E1,0E0,0E0],"parents":[2147483647,0,0,2,2],"right_children":[2,-1,4,-1,-1],"split_conditions":[5.719852E2,-3.4793667E-2,5.790058E2,9.204996E-1,5.716993E-2],"split_indices":[0,0,0,0,0],"sum_hessian":[6.8E1,2.9E1,3.9E1,3.6E1,3E0],"tree_param":{"num_deleted":"0","num_feature":"1","num_nodes":"5","size_leaf_vector":"0"}},{"base_weights":[1.1378362E0,-8.234501E-2,2.0245261E0,2.1727107E0,1.4768898E-1],"default_left":[true,false,true,false,false],"id":5,"leaf_child_counts":[0,0,0,0,0],"left_children":[1,-1,3,-1,-1],"loss_changes":[7.481934E1,0E0,1.0803848E1,0E0,0E0],"parents":[2147483647,0,0,2,2],"right_children":[2,-1,4,-1,-1],"split_conditions":[5.719852E2,-2.4703505E-2,5.790058E2,6.518132E-1,4.4306695E-2],"split_indices":[0,0,0,0,0],"sum_hessian":[6.8E1,2.9E1,3.9E1,3.6E1,3E0],"tree_param":{"num_deleted":"0","num_feature":"1","num_nodes":"5","size_leaf_vector":"0"}},{"base_weights":[8.062158E-1,-5.846496E-2,1.434571E0,1.5385137E0,1.1445901E-1],"default_left":[true,false,true,false,false],"id":6,"leaf_child_counts":[0,0,0,0,0],"left_children":[1,-1,3,-1,-1],"loss_changes":[3.7573418E1,0E0,5.312538E0,0E0,0E0],"parents":[2147483647,0,0,2,2],"right_children":[2,-1,4,-1,-1],"split_conditions":[5.719852E2,-1.7539488E-2,5.790058E2,4.615541E-1,3.4337703E-2],"split_indices":[0,0,0,0,0],"sum_hessian":[6.8E1,2.9E1,3.9E1,3.6E1,3E0],"tree_param":{"num_deleted":"0","num_feature":"1","num_nodes":"5","size_leaf_vector":"0"}},{"base_weights":[5.7128346E-1,-4.1510124E-2,1.0165966E0,1.0894336E0,8.870569E-2],"default_left":[true,false,true,false,false],"id":7,"leaf_child_counts":[0,0,0,0,0],"left_children":[1,-1,3,-1,-1],"loss_changes":[1.8871265E1,0E0,2.6067505E0,0E0,0E0],"parents":[2147483647,0,0,2,2],"right_children":[2,-1,4,-1,-1],"split_conditions":[5.719852E2,-1.2453037E-2,5.790058E2,3.268301E-1,2.6611708E-2],"split_indices":[0,0,0,0,0],"sum_hessian":[6.8E1,2.9E1,3.9E1,3.6E1,3E0],"tree_param":{"num_deleted":"0","num_feature":"1","num_nodes":"5","size_leaf_vector":"0"}},{"base_weights":[4.0484038E-1,-2.9472185E-2,7.204538E-1,7.7143687E-1,6.8746924E-2],"default_left":[true,false,true,false,false],"id":8,"leaf_child_counts":[0,0,0,0,0],"left_children":[1,-1,3,-1,-1],"loss_changes":[9.4794E0,0E0,1.2760067E0,0E0,0E0],"parents":[2147483647,0,0,2,2],"right_children":[2,-1,4,-1,-1],"split_conditions":[5.719852E2,-8.841656E-3,5.790058E2,2.3143107E-1,2.0624079E-2],"split_indices":[0,0,0,0,0],"sum_hessian":[6.8E1,2.9E1,3.9E1,3.6E1,3E0],"tree_param":{"num_deleted":"0","num_feature":"1","num_nodes":"5","size_leaf_vector":"0"}},{"base_weights":[2.8691313E-1,-2.0925252E-2,5.106191E-1,5.462608E-1,5.3278893E-2],"default_left":[true,false,true,false,false],"id":9,"leaf_child_counts":[0,0,0,0,0],"left_children":[1,-1,3,-1,-1],"loss_changes":[4.762389E0,0E0,6.229105E-1,0E0,0E0],"parents":[2147483647,0,0,2,2],"right_children":[2,-1,4,-1,-1],"split_conditions":[5.719852E2,-6.2775756E-3,5.790058E2,1.6387823E-1,1.598367E-2],"split_indices":[0,0,0,0,0],"sum_hessian":[6.8E1,2.9E1,3.9E1,3.6E1,3E0],"tree_param":{"num_deleted":"0","num_feature":"1","num_nodes":"5","size_leaf_vector":"0"}},{"base_weights":[2.033548E-1,-1.4856928E-2,3.619297E-1,3.8681147E-1,4.1291118E-2],"default_left":[true,false,true,false,false],"id":10,"leaf_child_counts":[0,0,0,0,0],"left_children":[1,-1,3,-1,-1],"loss_changes":[2.392978E0,0E0,3.0315018E-1,0E0,0E0],"parents":[2147483647,0,0,2,2],"right_children":[2,-1,4,-1,-1],"split_conditions":[5.719852E2,-4.4570784E-3,5.790058E2,1.1604344E-1,1.2387336E-2],"split_indices":[0,0,0,0,0],"sum_hessian":[6.8E1,2.9E1,3.9E1,3.6E1,3E0],"tree_param":{"num_deleted":"0","num_feature":"1","num_nodes":"5","size_leaf_vector":"0"}},{"base_weights":[1.4414527E-1,-1.0548418E-2,2.5656188E-1,2.7390468E-1,3.200057E-2],"default_left":[true,false,true,false,false],"id":11,"leaf_child_counts":[0,0,0,0,0],"left_children":[1,-1,3,-1,-1],"loss_changes":[1.2026261E0,0E0,1.4701557E-1,0E0,0E0],"parents":[2147483647,0,0,2,2],"right_children":[2,-1,4,-1,-1],"split_conditions":[5.719852E2,-3.1645256E-3,5.790058E2,8.217141E-2,9.600172E-3],"split_indices":[0,0,0,0,0],"sum_hessian":[6.8E1,2.9E1,3.9E1,3.6E1,3E0],"tree_param":{"num_deleted":"0","num_feature":"1","num_nodes":"5","size_leaf_vector":"0"}},{"base_weights":[1.0218582E-1,-7.4893762E-3,1.8188758E-1,1.939541E-1,2.480045E-2],"default_left":[true,false,true,false,false],"id":12,"leaf_child_counts":[0,0,0,0,0],"left_children":[1,-1,3,-1,-1],"loss_changes":[6.045124E-1,0E0,7.100952E-2,0E0,0E0],"parents":[2147483647,0,0,2,2],"right_children":[2,-1,4,-1,-1],"split_conditions":[5.719852E2,-2.246813E-3,5.790058E2,5.818623E-2,7.4401353E-3],"split_indices":[0,0,0,0,0],"sum_hessian":[6.8E1,2.9E1,3.9E1,3.6E1,3E0],"tree_param":{"num_deleted":"0","num_feature":"1","num_nodes":"5","size_leaf_vector":"0"}},{"base_weights":[7.244846E-2,-5.317458E-3,1.289617E-1,1.3734017E-1,1.9220382E-2],"default_left":[true,false,true,false,false],"id":13,"leaf_child_counts":[0,0,0,0,0],"left_children":[1,-1,3,-1,-1],"loss_changes":[3.0392715E-1,0E0,3.4138918E-2,0E0,0E0],"parents":[2147483647,0,0,2,2],"right_children":[2,-1,4,-1,-1],"split_conditions":[5.719852E2,-1.5952374E-3,5.790058E2,4.1202053E-2,5.7661147E-3],"split_indices":[0,0,0,0,0],"sum_hessian":[6.8E1,2.9E1,3.9E1,3.6E1,3E0],"tree_param":{"num_deleted":"0","num_feature":"1","num_nodes":"5","size_leaf_vector":"0"}},{"base_weights":[5.1371742E-2,-3.7753962E-3,9.14478E-2,9.725214E-2,1.4895767E-2],"default_left":[true,false,true,false,false],"id":14,"leaf_child_counts":[0,0,0,0,0],"left_children":[1,-1,3,-1,-1],"loss_changes":[1.5284078E-1,0E0,1.6324699E-2,0E0,0E0],"parents":[2147483647,0,0,2,2],"right_children":[2,-1,4,-1,-1],"split_conditions":[5.719852E2,-1.1326189E-3,5.790058E2,2.9175643E-2,4.46873E-3],"split_indices":[0,0,0,0,0],"sum_hessian":[6.8E1,2.9E1,3.9E1,3.6E1,3E0],"tree_param":{"num_deleted":"0","num_feature":"1","num_nodes":"5","size_leaf_vector":"0"}},{"base_weights":[3.6431346E-2,-2.6805315E-3,6.485447E-2,6.886491E-2,1.1544257E-2],"default_left":[true,false,true,false,false],"id":15,"leaf_child_counts":[0,0,0,0,0],"left_children":[1,-1,3,-1,-1],"loss_changes":[7.687989E-2,0E0,7.756904E-3,0E0,0E0],"parents":[2147483647,0,0,2,2],"right_children":[2,-1,4,-1,-1],"split_conditions":[5.719852E2,-8.041595E-4,5.790058E2,2.0659475E-2,3.4632774E-3],"split_indices":[0,0,0,0,0],"sum_hessian":[6.8E1,2.9E1,3.9E1,3.6E1,3E0],"tree_param":{"num_deleted":"0","num_feature":"1","num_nodes":"5","size_leaf_vector":"0"}},{"base_weights":[2.5839908E-2,-1.903177E-3,4.6001222E-2,4.876383E-2,8.946806E-3],"default_left":[true,false,true,false,false],"id":16,"leaf_child_counts":[0,0,0,0,0],"left_children":[1,-1,3,-1,-1],"loss_changes":[3.86818E-2,0E0,3.6583915E-3,0E0,0E0],"parents":[2147483647,0,0,2,2],"right_children":[2,-1,4,-1,-1],"split_conditions":[5.719852E2,-5.709531E-4,5.790058E2,1.462915E-2,2.6840419E-3],"split_indices":[0,0,0,0,0],"sum_hessian":[6.8E1,2.9E1,3.9E1,3.6E1,3E0],"tree_param":{"num_deleted":"0","num_feature":"1","num_nodes":"5","size_leaf_vector":"0"}},{"base_weights":[1.8330466E-2,-1.3512559E-3,3.2633495E-2,3.4529854E-2,6.9338083E-3],"default_left":[true,false,true,false,false],"id":17,"leaf_child_counts":[0,0,0,0,0],"left_children":[1,-1,3,-1,-1],"loss_changes":[1.9468164E-2,0E0,1.7100088E-3,0E0,0E0],"parents":[2147483647,0,0,2,2],"right_children":[2,-1,4,-1,-1],"split_conditions":[5.719852E2,-4.053768E-4,5.790058E2,1.0358957E-2,2.0801425E-3],"split_indices":[0,0,0,0,0],"sum_hessian":[6.8E1,2.9E1,3.9E1,3.6E1,3E0],"tree_param":{"num_deleted":"0","num_feature":"1","num_nodes":"5","size_leaf_vector":"0"}},{"base_weights":[1.3005806E-2,-9.5939165E-4,2.315456E-2,2.4451012E-2,5.373746E-3],"default_left":[true,false,true,false,false],"id":18,"leaf_child_counts":[0,0,0,0,0],"left_children":[1,-1,3,-1,-1],"loss_changes":[9.80154E-3,0E0,7.906854E-4,0E0,0E0],"parents":[2147483647,0,0,2,2],"right_children":[2,-1,4,-1,-1],"split_conditions":[5.719852E2,-2.878175E-4,5.790058E2,7.335304E-3,1.6121239E-3],"split_indices":[0,0,0,0,0],"sum_hessian":[6.8E1,2.9E1,3.9E1,3.6E1,3E0],"tree_param":{"num_deleted":"0","num_feature":"1","num_nodes":"5","size_leaf_vector":"0"}},{"base_weights":[9.229381E-3,-6.811678E-4,1.6431559E-2,1.7313609E-2,4.1646957E-3],"default_left":[true,false,true,false,false],"id":19,"leaf_child_counts":[0,0,0,0,0],"left_children":[1,-1,3,-1,-1],"loss_changes":[4.9362415E-3,0E0,3.606947E-4,0E0,0E0],"parents":[2147483647,0,0,2,2],"right_children":[2,-1,4,-1,-1],"split_conditions":[5.719852E2,-2.0435035E-4,5.790058E2,5.194083E-3,1.2494088E-3],"split_indices":[0,0,0,0,0],"sum_hessian":[6.8E1,2.9E1,3.9E1,3.6E1,3E0],"tree_param":{"num_deleted":"0","num_feature":"1","num_nodes":"5","size_leaf_vector":"0"}},{"base_weights":[6.5511824E-3,-4.836287E-4,1.1663511E-2,1.2260269E-2,3.2276213E-3],"default_left":[true,false,true,false,false],"id":20,"leaf_child_counts":[0,0,0,0,0],"left_children":[1,-1,3,-1,-1],"loss_changes":[2.4871754E-3,0E0,1.6179588E-4,0E0,0E0],"parents":[2147483647,0,0,2,2],"right_children":[2,-1,4,-1,-1],"split_conditions":[5.719852E2,-1.4508862E-4,5.790058E2,3.6780809E-3,9.682864E-4],"split_indices":[0,0,0,0,0],"sum_hessian":[6.8E1,2.9E1,3.9E1,3.6E1,3E0],"tree_param":{"num_deleted":"0","num_feature":"1","num_nodes":"5","size_leaf_vector":"0"}},{"base_weights":[4.650936E-3,-3.4337613E-4,8.280396E-3,8.681362E-3,2.5013685E-3],"default_left":[true,false,true,false,false],"id":21,"leaf_child_counts":[0,0,0,0,0],"left_children":[1,-1,3,-1,-1],"loss_changes":[1.2535825E-3,0E0,7.097237E-5,0E0,0E0],"parents":[2147483647,0,0,2,2],"right_children":[2,-1,4,-1,-1],"split_conditions":[5.719852E2,-1.0301284E-4,5.790058E2,2.6044087E-3,7.504106E-4],"split_indices":[0,0,0,0,0],"sum_hessian":[6.8E1,2.9E1,3.9E1,3.6E1,3E0],"tree_param":{"num_deleted":"0","num_feature":"1","num_nodes":"5","size_leaf_vector":"0"}},{"base_weights":[3.3027427E-3,-2.4379644E-4,5.8800788E-3,6.1472687E-3,1.9385517E-3],"default_left":[true,false,true,false,false],"id":22,"leaf_child_counts":[0,0,0,0,0],"left_children":[1,-1,3,-1,-1],"loss_changes":[6.3213654E-4,0E0,3.0208612E-5,0E0,0E0],"parents":[2147483647,0,0,2,2],"right_children":[2,-1,4,-1,-1],"split_conditions":[5.719852E2,-7.313894E-5,5.790058E2,1.8441806E-3,5.8156555E-4],"split_indices":[0,0,0,0,0],"sum_hessian":[6.8E1,2.9E1,3.9E1,3.6E1,3E0],"tree_param":{"num_deleted":"0","num_feature":"1","num_nodes":"5","size_leaf_vector":"0"}},{"base_weights":[2.3458956E-3,-1.7309564E-4,4.1764914E-3,4.352711E-3,1.5023351E-3],"default_left":[true,false,true,false,false],"id":23,"leaf_child_counts":[0,0,0,0,0],"left_children":[1,-1,3,-1,-1],"loss_changes":[3.1889952E-4,0E0,1.2310396E-5,0E0,0E0],"parents":[2147483647,0,0,2,2],"right_children":[2,-1,4,-1,-1],"split_conditions":[5.719852E2,-5.1928695E-5,5.790058E2,1.3058134E-3,4.5070055E-4],"split_indices":[0,0,0,0,0],"sum_hessian":[6.8E1,2.9E1,3.9E1,3.6E1,3E0],"tree_param":{"num_deleted":"0","num_feature":"1","num_nodes":"5","size_leaf_vector":"0"}},{"base_weights":[1.6669513E-3,-1.2289792E-4,2.9676645E-3,3.0824172E-3,1.1642873E-3],"default_left":[true,false,true,false,false],"id":24,"leaf_child_counts":[0,0,0,0,0],"left_children":[1,-1,3,-1,-1],"loss_changes":[1.6100227E-4,0E0,4.68886E-6,0E0,0E0],"parents":[2147483647,0,0,2,2],"right_children":[2,-1,4,-1,-1],"split_conditions":[5.719852E2,-3.686938E-5,5.790058E2,9.247252E-4,3.4928622E-4],"split_indices":[0,0,0,0,0],"sum_hessian":[6.8E1,2.9E1,3.9E1,3.6E1,3E0],"tree_param":{"num_deleted":"0","num_feature":"1","num_nodes":"5","size_leaf_vector":"0"}},{"base_weights":[1.1846188E-3,-8.725769E-5,2.1089106E-3,2.1823547E-3,9.023249E-4],"default_left":[true,false,true,false,false],"id":25,"leaf_child_counts":[0,0,0,0,0],"left_children":[1,-1,3,-1,-1],"loss_changes":[8.1299404E-5,0E0,1.5754631E-6,0E0,0E0],"parents":[2147483647,0,0,2,2],"right_children":[2,-1,4,-1,-1],"split_conditions":[5.719852E2,-2.617731E-5,5.790058E2,6.5470644E-4,2.706975E-4],"split_indices":[0,0,0,0,0],"sum_hessian":[6.8E1,2.9E1,3.9E1,3.6E1,3E0],"tree_param":{"num_deleted":"0","num_feature":"1","num_nodes":"5","size_leaf_vector":"0"}},{"base_weights":[8.420203E-4,-6.195266E-5,1.4989495E-3],"default_left":[true,false,false],"id":26,"leaf_child_counts":[0,0,0],"left_children":[1,-1,-1],"loss_changes":[4.1068255E-5,0E0,3.8911094E-7],"parents":[2147483647,0,0],"right_children":[2,-1,-1],"split_conditions":[5.719852E2,-1.8585799E-5,4.4968486E-4],"split_indices":[0,0,0],"sum_hessian":[6.8E1,2.9E1,3.9E1],"tree_param":{"num_deleted":"0","num_feature":"1","num_nodes":"3","size_leaf_vector":"0"}},{"base_weights":[5.9542863E-4,-4.3986707E-5,1.0601043E-3],"default_left":[true,false,false],"id":27,"leaf_child_counts":[0,0,0],"left_children":[1,-1,-1],"loss_changes":[2.0547966E-5,0E0,9.064497E-7],"parents":[2147483647,0,0],"right_children":[2,-1,-1],"split_conditions":[5.719852E2,-1.3196012E-5,3.1803132E-4],"split_indices":[0,0,0],"sum_hessian":[6.8E1,2.9E1,3.9E1],"tree_param":{"num_deleted":"0","num_feature":"1","num_nodes":"3","size_leaf_vector":"0"}},{"base_weights":[4.2145624E-4,-3.1229883E-5,7.504344E-4,7.97929E-4,1.2350082E-4],"default_left":[true,false,true,false,false],"id":28,"leaf_child_counts":[0,0,0,0,0],"left_children":[1,-1,3,-1,-1],"loss_changes":[1.0299182E-5,0E0,1.0924941E-6,0E0,0E0],"parents":[2147483647,0,0,2,2],"right_children":[2,-1,4,-1,-1],"split_conditions":[5.719852E2,-9.368965E-6,5.790058E2,2.3937871E-4,3.705025E-5],"split_indices":[0,0,0,0,0],"sum_hessian":[6.8E1,2.9E1,3.9E1,3.6E1,3E0],"tree_param":{"num_deleted":"0","num_feature":"1","num_nodes":"5","size_leaf_vector":"0"}},{"base_weights":[2.9889224E-4,-2.2172959E-5,5.3221884E-4],"default_left":[true,false,false],"id":29,"leaf_child_counts":[0,0,0],"left_children":[1,-1,-1],"loss_changes":[5.180801E-6,0E0,5.187776E-7],"parents":[2147483647,0,0],"right_children":[2,-1,-1],"split_conditions":[5.719852E2,-6.651888E-6,1.5966565E-4],"split_indices":[0,0,0],"sum_hessian":[6.8E1,2.9E1,3.9E1],"tree_param":{"num_deleted":"0","num_feature":"1","num_nodes":"3","size_leaf_vector":"0"}},{"base_weights":[2.1165368E-4,-1.574317E-5,3.7690997E-4],"default_left":[true,false,false],"id":30,"leaf_child_counts":[0,0,0],"left_children":[1,-1,-1],"loss_changes":[2.5988684E-6,0E0,5.4159773E-7],"parents":[2147483647,0,0],"right_children":[2,-1,-1],"split_conditions":[5.719852E2,-4.722951E-6,1.13072994E-4],"split_indices":[0,0,0],"sum_hessian":[6.8E1,2.9E1,3.9E1],"tree_param":{"num_deleted":"0","num_feature":"1","num_nodes":"3","size_leaf_vector":"0"}},{"base_weights":[1.4950958E-4,-1.1176958E-5,2.6628672E-4],"default_left":[true,false,false],"id":31,"leaf_child_counts":[0,0,0],"left_children":[1,-1,-1],"loss_changes":[1.297728E-6,0E0,5.332329E-7],"parents":[2147483647,0,0],"right_children":[2,-1,-1],"split_conditions":[5.719852E2,-3.3530875E-6,7.988602E-5],"split_indices":[0,0,0],"sum_hessian":[6.8E1,2.9E1,3.9E1],"tree_param":{"num_deleted":"0","num_feature":"1","num_nodes":"3","size_leaf_vector":"0"}},{"base_weights":[1.0565027E-4],"default_left":[false],"id":32,"leaf_child_counts":[0],"left_children":[-1],"loss_changes":[6.4846256E-7],"parents":[2147483647],"right_children":[-1],"split_conditions":[3.1695083E-5],"split_indices":[0],"sum_hessian":[6.8E1],"tree_param":{"num_deleted":"0","num_feature":"1","num_nodes":"1","size_leaf_vector":"0"}},{"base_weights":[7.453081E-5],"default_left":[false],"id":33,"leaf_child_counts":[0],"left_children":[-1],"loss_changes":[6.535588E-7],"parents":[2147483647],"right_children":[-1],"split_conditions":[2.2359245E-5],"split_indices":[0],"sum_hessian":[6.8E1],"tree_param":{"num_deleted":"0","num_feature":"1","num_nodes":"1","size_leaf_vector":"0"}},{"base_weights":[5.2714975E-5],"default_left":[false],"id":34,"leaf_child_counts":[0],"left_children":[-1],"loss_changes":[6.575863E-7],"parents":[2147483647],"right_children":[-1],"split_conditions":[1.5814494E-5],"split_indices":[0],"sum_hessian":[6.8E1],"tree_param":{"num_deleted":"0","num_feature":"1","num_nodes":"1","size_leaf_vector":"0"}},{"base_weights":[3.6920555E-5],"default_left":[false],"id":35,"leaf_child_counts":[0],"left_children":[-1],"loss_changes":[6.5566456E-7],"parents":[2147483647],"right_children":[-1],"split_conditions":[1.1076167E-5],"split_indices":[0],"sum_hessian":[6.8E1],"tree_param":{"num_deleted":"0","num_feature":"1","num_nodes":"1","size_leaf_vector":"0"}},{"base_weights":[2.5812875E-5],"default_left":[false],"id":36,"leaf_child_counts":[0],"left_children":[-1],"loss_changes":[6.535015E-7],"parents":[2147483647],"right_children":[-1],"split_conditions":[7.743863E-6],"split_indices":[0],"sum_hessian":[6.8E1],"tree_param":{"num_deleted":"0","num_feature":"1","num_nodes":"1","size_leaf_vector":"0"}},{"base_weights":[1.8241059E-5],"default_left":[false],"id":37,"leaf_child_counts":[0],"left_children":[-1],"loss_changes":[6.540811E-7],"parents":[2147483647],"right_children":[-1],"split_conditions":[5.4723178E-6],"split_indices":[0],"sum_hessian":[6.8E1],"tree_param":{"num_deleted":"0","num_feature":"1","num_nodes":"1","size_leaf_vector":"0"}},{"base_weights":[1.2717263E-5],"default_left":[false],"id":38,"leaf_child_counts":[0],"left_children":[-1],"loss_changes":[6.524342E-7],"parents":[2147483647],"right_children":[-1],"split_conditions":[3.8151793E-6],"split_indices":[0],"sum_hessian":[6.8E1],"tree_param":{"num_deleted":"0","num_feature":"1","num_nodes":"1","size_leaf_vector":"0"}},{"base_weights":[8.957852E-6],"default_left":[false],"id":39,"leaf_child_counts":[0],"left_children":[-1],"loss_changes":[6.523019E-7],"parents":[2147483647],"right_children":[-1],"split_conditions":[2.6873556E-6],"split_indices":[0],"sum_hessian":[6.8E1],"tree_param":{"num_deleted":"0","num_feature":"1","num_nodes":"1","size_leaf_vector":"0"}},{"base_weights":[6.2162812E-6],"default_left":[false],"id":40,"leaf_child_counts":[0],"left_children":[-1],"loss_changes":[6.511238E-7],"parents":[2147483647],"right_children":[-1],"split_conditions":[1.8648844E-6],"split_indices":[0],"sum_hessian":[6.8E1],"tree_param":{"num_deleted":"0","num_feature":"1","num_nodes":"1","size_leaf_vector":"0"}},{"base_weights":[4.354581E-6],"default_left":[false],"id":41,"leaf_child_counts":[0],"left_children":[-1],"loss_changes":[6.507603E-7],"parents":[2147483647],"right_children":[-1],"split_conditions":[1.3063743E-6],"split_indices":[0],"sum_hessian":[6.8E1],"tree_param":{"num_deleted":"0","num_feature":"1","num_nodes":"1","size_leaf_vector":"0"}},{"base_weights":[3.25122E-6],"default_left":[false],"id":42,"leaf_child_counts":[0],"left_children":[-1],"loss_changes":[6.5281125E-7],"parents":[2147483647],"right_children":[-1],"split_conditions":[9.753661E-7],"split_indices":[0],"sum_hessian":[6.8E1],"tree_param":{"num_deleted":"0","num_feature":"1","num_nodes":"1","size_leaf_vector":"0"}},{"base_weights":[2.301973E-6],"default_left":[false],"id":43,"leaf_child_counts":[0],"left_children":[-1],"loss_changes":[6.5290783E-7],"parents":[2147483647],"right_children":[-1],"split_conditions":[6.905919E-7],"split_indices":[0],"sum_hessian":[6.8E1],"tree_param":{"num_deleted":"0","num_feature":"1","num_nodes":"1","size_leaf_vector":"0"}},{"base_weights":[1.482868E-6],"default_left":[false],"id":44,"leaf_child_counts":[0],"left_children":[-1],"loss_changes":[6.5127966E-7],"parents":[2147483647],"right_children":[-1],"split_conditions":[4.4486043E-7],"split_indices":[0],"sum_hessian":[6.8E1],"tree_param":{"num_deleted":"0","num_feature":"1","num_nodes":"1","size_leaf_vector":"0"}},{"base_weights":[1.2750346E-6],"default_left":[false],"id":45,"leaf_child_counts":[0],"left_children":[-1],"loss_changes":[6.539197E-7],"parents":[2147483647],"right_children":[-1],"split_conditions":[3.825104E-7],"split_indices":[0],"sum_hessian":[6.8E1],"tree_param":{"num_deleted":"0","num_feature":"1","num_nodes":"1","size_leaf_vector":"0"}},{"base_weights":[1.0990011E-6],"default_left":[false],"id":46,"leaf_child_counts":[0],"left_children":[-1],"loss_changes":[6.562142E-7],"parents":[2147483647],"right_children":[-1],"split_conditions":[3.2970036E-7],"split_indices":[0],"sum_hessian":[6.8E1],"tree_param":{"num_deleted":"0","num_feature":"1","num_nodes":"1","size_leaf_vector":"0"}},{"base_weights":[9.448875E-7],"default_left":[false],"id":47,"leaf_child_counts":[0],"left_children":[-1],"loss_changes":[6.5817386E-7],"parents":[2147483647],"right_children":[-1],"split_conditions":[2.8346628E-7],"split_indices":[0],"sum_hessian":[6.8E1],"tree_param":{"num_deleted":"0","num_feature":"1","num_nodes":"1","size_leaf_vector":"0"}},{"base_weights":[8.1552815E-7],"default_left":[false],"id":48,"leaf_child_counts":[0],"left_children":[-1],"loss_changes":[6.598937E-7],"parents":[2147483647],"right_children":[-1],"split_conditions":[2.4465845E-7],"split_indices":[0],"sum_hessian":[6.8E1],"tree_param":{"num_deleted":"0","num_feature":"1","num_nodes":"1","size_leaf_vector":"0"}},{"base_weights":[7.0260865E-7],"default_left":[false],"id":49,"leaf_child_counts":[0],"left_children":[-1],"loss_changes":[6.6136107E-7],"parents":[2147483647],"right_children":[-1],"split_conditions":[2.107826E-7],"split_indices":[0],"sum_hessian":[6.8E1],"tree_param":{"num_deleted":"0","num_feature":"1","num_nodes":"1","size_leaf_vector":"0"}},{"base_weights":[6.0378045E-7],"default_left":[false],"id":50,"leaf_child_counts":[0],"left_children":[-1],"loss_changes":[6.626115E-7],"parents":[2147483647],"right_children":[-1],"split_conditions":[1.8113414E-7],"split_indices":[0],"sum_hessian":[6.8E1],"tree_param":{"num_deleted":"0","num_feature":"1","num_nodes":"1","size_leaf_vector":"0"}},{"base_weights":[5.174239E-7],"default_left":[false],"id":51,"leaf_child_counts":[0],"left_children":[-1],"loss_changes":[6.6366965E-7],"parents":[2147483647],"right_children":[-1],"split_conditions":[1.5522718E-7],"split_indices":[0],"sum_hessian":[6.8E1],"tree_param":{"num_deleted":"0","num_feature":"1","num_nodes":"1","size_leaf_vector":"0"}},{"base_weights":[4.4731829E-7],"default_left":[false],"id":52,"leaf_child_counts":[0],"left_children":[-1],"loss_changes":[6.6461706E-7],"parents":[2147483647],"right_children":[-1],"split_conditions":[1.3419549E-7],"split_indices":[0],"sum_hessian":[6.8E1],"tree_param":{"num_deleted":"0","num_feature":"1","num_nodes":"1","size_leaf_vector":"0"}},{"base_weights":[3.8577E-7],"default_left":[false],"id":53,"leaf_child_counts":[0],"left_children":[-1],"loss_changes":[6.654322E-7],"parents":[2147483647],"right_children":[-1],"split_conditions":[1.15731005E-7],"split_indices":[0],"sum_hessian":[6.8E1],"tree_param":{"num_deleted":"0","num_feature":"1","num_nodes":"1","size_leaf_vector":"0"}},{"base_weights":[3.3205023E-7],"default_left":[false],"id":54,"leaf_child_counts":[0],"left_children":[-1],"loss_changes":[6.661261E-7],"parents":[2147483647],"right_children":[-1],"split_conditions":[9.961507E-8],"split_indices":[0],"sum_hessian":[6.8E1],"tree_param":{"num_deleted":"0","num_feature":"1","num_nodes":"1","size_leaf_vector":"0"}},{"base_weights":[2.8537613E-7],"default_left":[false],"id":55,"leaf_child_counts":[0],"left_children":[-1],"loss_changes":[6.6671083E-7],"parents":[2147483647],"right_children":[-1],"split_conditions":[8.561284E-8],"split_indices":[0],"sum_hessian":[6.8E1],"tree_param":{"num_deleted":"0","num_feature":"1","num_nodes":"1","size_leaf_vector":"0"}},{"base_weights":[2.44128E-7],"default_left":[false],"id":56,"leaf_child_counts":[0],"left_children":[-1],"loss_changes":[6.6721134E-7],"parents":[2147483647],"right_children":[-1],"split_conditions":[7.32384E-8],"split_indices":[0],"sum_hessian":[6.8E1],"tree_param":{"num_deleted":"0","num_feature":"1","num_nodes":"1","size_leaf_vector":"0"}},{"base_weights":[2.0846778E-7],"default_left":[false],"id":57,"leaf_child_counts":[0],"left_children":[-1],"loss_changes":[6.676251E-7],"parents":[2147483647],"right_children":[-1],"split_conditions":[6.254034E-8],"split_indices":[0],"sum_hessian":[6.8E1],"tree_param":{"num_deleted":"0","num_feature":"1","num_nodes":"1","size_leaf_vector":"0"}},{"base_weights":[1.7666784E-7],"default_left":[false],"id":58,"leaf_child_counts":[0],"left_children":[-1],"loss_changes":[6.6797884E-7],"parents":[2147483647],"right_children":[-1],"split_conditions":[5.3000353E-8],"split_indices":[0],"sum_hessian":[6.8E1],"tree_param":{"num_deleted":"0","num_feature":"1","num_nodes":"1","size_leaf_vector":"0"}},{"base_weights":[1.5474802E-7],"default_left":[false],"id":59,"leaf_child_counts":[0],"left_children":[-1],"loss_changes":[6.683201E-7],"parents":[2147483647],"right_children":[-1],"split_conditions":[4.6424407E-8],"split_indices":[0],"sum_hessian":[6.8E1],"tree_param":{"num_deleted":"0","num_feature":"1","num_nodes":"1","size_leaf_vector":"0"}},{"base_weights":[1.3517675E-7],"default_left":[false],"id":60,"leaf_child_counts":[0],"left_children":[-1],"loss_changes":[6.686249E-7],"parents":[2147483647],"right_children":[-1],"split_conditions":[4.0553026E-8],"split_indices":[0],"sum_hessian":[6.8E1],"tree_param":{"num_deleted":"0","num_feature":"1","num_nodes":"1","size_leaf_vector":"0"}},{"base_weights":[1.17900036E-7],"default_left":[false],"id":61,"leaf_child_counts":[0],"left_children":[-1],"loss_changes":[6.6889396E-7],"parents":[2147483647],"right_children":[-1],"split_conditions":[3.537001E-8],"split_indices":[0],"sum_hessian":[6.8E1],"tree_param":{"num_deleted":"0","num_feature":"1","num_nodes":"1","size_leaf_vector":"0"}},{"base_weights":[1.0307986E-7],"default_left":[false],"id":62,"leaf_child_counts":[0],"left_children":[-1],"loss_changes":[6.6912486E-7],"parents":[2147483647],"right_children":[-1],"split_conditions":[3.092396E-8],"split_indices":[0],"sum_hessian":[6.8E1],"tree_param":{"num_deleted":"0","num_feature":"1","num_nodes":"1","size_leaf_vector":"0"}},{"base_weights":[8.971741E-8],"default_left":[false],"id":63,"leaf_child_counts":[0],"left_children":[-1],"loss_changes":[6.69333E-7],"parents":[2147483647],"right_children":[-1],"split_conditions":[2.6915224E-8],"split_indices":[0],"sum_hessian":[6.8E1],"tree_param":{"num_deleted":"0","num_feature":"1","num_nodes":"1","size_leaf_vector":"0"}},{"base_weights":[7.881149E-8],"default_left":[false],"id":64,"leaf_child_counts":[0],"left_children":[-1],"loss_changes":[6.695029E-7],"parents":[2147483647],"right_children":[-1],"split_conditions":[2.3643448E-8],"split_indices":[0],"sum_hessian":[6.8E1],"tree_param":{"num_deleted":"0","num_feature":"1","num_nodes":"1","size_leaf_vector":"0"}},{"base_weights":[6.863443E-8],"default_left":[false],"id":65,"leaf_child_counts":[0],"left_children":[-1],"loss_changes":[6.696616E-7],"parents":[2147483647],"right_children":[-1],"split_conditions":[2.059033E-8],"split_indices":[0],"sum_hessian":[6.8E1],"tree_param":{"num_deleted":"0","num_feature":"1","num_nodes":"1","size_leaf_vector":"0"}},{"base_weights":[6.002306E-8],"default_left":[false],"id":66,"leaf_child_counts":[0],"left_children":[-1],"loss_changes":[6.6979584E-7],"parents":[2147483647],"right_children":[-1],"split_conditions":[1.8006919E-8],"split_indices":[0],"sum_hessian":[6.8E1],"tree_param":{"num_deleted":"0","num_feature":"1","num_nodes":"1","size_leaf_vector":"0"}},{"base_weights":[5.2140567E-8],"default_left":[false],"id":67,"leaf_child_counts":[0],"left_children":[-1],"loss_changes":[6.6991873E-7],"parents":[2147483647],"right_children":[-1],"split_conditions":[1.564217E-8],"split_indices":[0],"sum_hessian":[6.8E1],"tree_param":{"num_deleted":"0","num_feature":"1","num_nodes":"1","size_leaf_vector":"0"}},{"base_weights":[4.587776E-8],"default_left":[false],"id":68,"leaf_child_counts":[0],"left_children":[-1],"loss_changes":[6.700163E-7],"parents":[2147483647],"right_children":[-1],"split_conditions":[1.3763328E-8],"split_indices":[0],"sum_hessian":[6.8E1],"tree_param":{"num_deleted":"0","num_feature":"1","num_nodes":"1","size_leaf_vector":"0"}},{"base_weights":[4.0451795E-8],"default_left":[false],"id":69,"leaf_child_counts":[0],"left_children":[-1],"loss_changes":[6.701009E-7],"parents":[2147483647],"right_children":[-1],"split_conditions":[1.2135539E-8],"split_indices":[0],"sum_hessian":[6.8E1],"tree_param":{"num_deleted":"0","num_feature":"1","num_nodes":"1","size_leaf_vector":"0"}},{"base_weights":[3.4971837E-8],"default_left":[false],"id":70,"leaf_child_counts":[0],"left_children":[-1],"loss_changes":[6.7018635E-7],"parents":[2147483647],"right_children":[-1],"split_conditions":[1.0491552E-8],"split_indices":[0],"sum_hessian":[6.8E1],"tree_param":{"num_deleted":"0","num_feature":"1","num_nodes":"1","size_leaf_vector":"0"}},{"base_weights":[3.0220743E-8],"default_left":[false],"id":71,"leaf_child_counts":[0],"left_children":[-1],"loss_changes":[6.702605E-7],"parents":[2147483647],"right_children":[-1],"split_conditions":[9.066223E-9],"split_indices":[0],"sum_hessian":[6.8E1],"tree_param":{"num_deleted":"0","num_feature":"1","num_nodes":"1","size_leaf_vector":"0"}},{"base_weights":[2.6360478E-8],"default_left":[false],"id":72,"leaf_child_counts":[0],"left_children":[-1],"loss_changes":[6.703206E-7],"parents":[2147483647],"right_children":[-1],"split_conditions":[7.9081435E-9],"split_indices":[0],"sum_hessian":[6.8E1],"tree_param":{"num_deleted":"0","num_feature":"1","num_nodes":"1","size_leaf_vector":"0"}},{"base_weights":[2.3229074E-8],"default_left":[false],"id":73,"leaf_child_counts":[0],"left_children":[-1],"loss_changes":[6.7036945E-7],"parents":[2147483647],"right_children":[-1],"split_conditions":[6.9687225E-9],"split_indices":[0],"sum_hessian":[6.8E1],"tree_param":{"num_deleted":"0","num_feature":"1","num_nodes":"1","size_leaf_vector":"0"}},{"base_weights":[2.0097671E-8],"default_left":[false],"id":74,"leaf_child_counts":[0],"left_children":[-1],"loss_changes":[6.7041833E-7],"parents":[2147483647],"right_children":[-1],"split_conditions":[6.0293015E-9],"split_indices":[0],"sum_hessian":[6.8E1],"tree_param":{"num_deleted":"0","num_feature":"1","num_nodes":"1","size_leaf_vector":"0"}},{"base_weights":[1.7695129E-8],"default_left":[false],"id":75,"leaf_child_counts":[0],"left_children":[-1],"loss_changes":[6.704558E-7],"parents":[2147483647],"right_children":[-1],"split_conditions":[5.308539E-9],"split_indices":[0],"sum_hessian":[6.8E1],"tree_param":{"num_deleted":"0","num_feature":"1","num_nodes":"1","size_leaf_vector":"0"}},{"base_weights":[1.5400566E-8],"default_left":[false],"id":76,"leaf_child_counts":[0],"left_children":[-1],"loss_changes":[6.7049154E-7],"parents":[2147483647],"right_children":[-1],"split_conditions":[4.62017E-9],"split_indices":[0],"sum_hessian":[6.8E1],"tree_param":{"num_deleted":"0","num_feature":"1","num_nodes":"1","size_leaf_vector":"0"}},{"base_weights":[1.3834864E-8],"default_left":[false],"id":77,"leaf_child_counts":[0],"left_children":[-1],"loss_changes":[6.70516E-7],"parents":[2147483647],"right_children":[-1],"split_conditions":[4.1504595E-9],"split_indices":[0],"sum_hessian":[6.8E1],"tree_param":{"num_deleted":"0","num_feature":"1","num_nodes":"1","size_leaf_vector":"0"}},{"base_weights":[1.2269163E-8],"default_left":[false],"id":78,"leaf_child_counts":[0],"left_children":[-1],"loss_changes":[6.7054043E-7],"parents":[2147483647],"right_children":[-1],"split_conditions":[3.6807488E-9],"split_indices":[0],"sum_hessian":[6.8E1],"tree_param":{"num_deleted":"0","num_feature":"1","num_nodes":"1","size_leaf_vector":"0"}},{"base_weights":[1.0703461E-8],"default_left":[false],"id":79,"leaf_child_counts":[0],"left_children":[-1],"loss_changes":[6.705648E-7],"parents":[2147483647],"right_children":[-1],"split_conditions":[3.2110385E-9],"split_indices":[0],"sum_hessian":[6.8E1],"tree_param":{"num_deleted":"0","num_feature":"1","num_nodes":"1","size_leaf_vector":"0"}},{"base_weights":[9.137759E-9],"default_left":[false],"id":80,"leaf_child_counts":[0],"left_children":[-1],"loss_changes":[6.705892E-7],"parents":[2147483647],"right_children":[-1],"split_conditions":[2.7413278E-9],"split_indices":[0],"sum_hessian":[6.8E1],"tree_param":{"num_deleted":"0","num_feature":"1","num_nodes":"1","size_leaf_vector":"0"}},{"base_weights":[8.300918E-9],"default_left":[false],"id":81,"leaf_child_counts":[0],"left_children":[-1],"loss_changes":[6.706023E-7],"parents":[2147483647],"right_children":[-1],"split_conditions":[2.4902755E-9],"split_indices":[0],"sum_hessian":[6.8E1],"tree_param":{"num_deleted":"0","num_feature":"1","num_nodes":"1","size_leaf_vector":"0"}},{"base_weights":[7.572058E-9],"default_left":[false],"id":82,"leaf_child_counts":[0],"left_children":[-1],"loss_changes":[6.7061364E-7],"parents":[2147483647],"right_children":[-1],"split_conditions":[2.2716173E-9],"split_indices":[0],"sum_hessian":[6.8E1],"tree_param":{"num_deleted":"0","num_feature":"1","num_nodes":"1","size_leaf_vector":"0"}},{"base_weights":[6.7892065E-9],"default_left":[false],"id":83,"leaf_child_counts":[0],"left_children":[-1],"loss_changes":[6.7062587E-7],"parents":[2147483647],"right_children":[-1],"split_conditions":[2.036762E-9],"split_indices":[0],"sum_hessian":[6.8E1],"tree_param":{"num_deleted":"0","num_feature":"1","num_nodes":"1","size_leaf_vector":"0"}},{"base_weights":[6.006356E-9],"default_left":[false],"id":84,"leaf_child_counts":[0],"left_children":[-1],"loss_changes":[6.706381E-7],"parents":[2147483647],"right_children":[-1],"split_conditions":[1.8019068E-9],"split_indices":[0],"sum_hessian":[6.8E1],"tree_param":{"num_deleted":"0","num_feature":"1","num_nodes":"1","size_leaf_vector":"0"}},{"base_weights":[5.169515E-9],"default_left":[false],"id":85,"leaf_child_counts":[0],"left_children":[-1],"loss_changes":[6.706511E-7],"parents":[2147483647],"right_children":[-1],"split_conditions":[1.5508546E-9],"split_indices":[0],"sum_hessian":[6.8E1],"tree_param":{"num_deleted":"0","num_feature":"1","num_nodes":"1","size_leaf_vector":"0"}},{"base_weights":[4.440654E-9],"default_left":[false],"id":86,"leaf_child_counts":[0],"left_children":[-1],"loss_changes":[6.706625E-7],"parents":[2147483647],"right_children":[-1],"split_conditions":[1.3321962E-9],"split_indices":[0],"sum_hessian":[6.8E1],"tree_param":{"num_deleted":"0","num_feature":"1","num_nodes":"1","size_leaf_vector":"0"}},{"base_weights":[3.6578032E-9],"default_left":[false],"id":87,"leaf_child_counts":[0],"left_children":[-1],"loss_changes":[6.706747E-7],"parents":[2147483647],"right_children":[-1],"split_conditions":[1.097341E-9],"split_indices":[0],"sum_hessian":[6.8E1],"tree_param":{"num_deleted":"0","num_feature":"1","num_nodes":"1","size_leaf_vector":"0"}},{"base_weights":[2.8749523E-9],"default_left":[false],"id":88,"leaf_child_counts":[0],"left_children":[-1],"loss_changes":[6.706869E-7],"parents":[2147483647],"right_children":[-1],"split_conditions":[8.624857E-10],"split_indices":[0],"sum_hessian":[6.8E1],"tree_param":{"num_deleted":"0","num_feature":"1","num_nodes":"1","size_leaf_vector":"0"}},{"base_weights":[2.8749523E-9],"default_left":[false],"id":89,"leaf_child_counts":[0],"left_children":[-1],"loss_changes":[6.706869E-7],"parents":[2147483647],"right_children":[-1],"split_conditions":[8.624857E-10],"split_indices":[0],"sum_hessian":[6.8E1],"tree_param":{"num_deleted":"0","num_feature":"1","num_nodes":"1","size_leaf_vector":"0"}},{"base_weights":[2.8749523E-9],"default_left":[false],"id":90,"leaf_child_counts":[0],"left_children":[-1],"loss_changes":[6.706869E-7],"parents":[2147483647],"right_children":[-1],"split_conditions":[8.624857E-10],"split_indices":[0],"sum_hessian":[6.8E1],"tree_param":{"num_deleted":"0","num_feature":"1","num_nodes":"1","size_leaf_vector":"0"}},{"base_weights":[2.8749523E-9],"default_left":[false],"id":91,"leaf_child_counts":[0],"left_children":[-1],"loss_changes":[6.706869E-7],"parents":[2147483647],"right_children":[-1],"split_conditions":[8.624857E-10],"split_indices":[0],"sum_hessian":[6.8E1],"tree_param":{"num_deleted":"0","num_feature":"1","num_nodes":"1","size_leaf_vector":"0"}},{"base_weights":[2.8749523E-9],"default_left":[false],"id":92,"leaf_child_counts":[0],"left_children":[-1],"loss_changes":[6.706869E-7],"parents":[2147483647],"right_children":[-1],"split_conditions":[8.624857E-10],"split_indices":[0],"sum_hessian":[6.8E1],"tree_param":{"num_deleted":"0","num_feature":"1","num_nodes":"1","size_leaf_vector":"0"}},{"base_weights":[2.8749523E-9],"default_left":[false],"id":93,"leaf_child_counts":[0],"left_children":[-1],"loss_changes":[6.706869E-7],"parents":[2147483647],"right_children":[-1],"split_conditions":[8.624857E-10],"split_indices":[0],"sum_hessian":[6.8E1],"tree_param":{"num_deleted":"0","num_feature":"1","num_nodes":"1","size_leaf_vector":"0"}},{"base_weights":[2.8749523E-9],"default_left":[false],"id":94,"leaf_child_counts":[0],"left_children":[-1],"loss_changes":[6.706869E-7],"parents":[2147483647],"right_children":[-1],"split_conditions":[8.624857E-10],"split_indices":[0],"sum_hessian":[6.8E1],"tree_param":{"num_deleted":"0","num_feature":"1","num_nodes":"1","size_leaf_vector":"0"}},{"base_weights":[2.8749523E-9],"default_left":[false],"id":95,"leaf_child_counts":[0],"left_children":[-1],"loss_changes":[6.706869E-7],"parents":[2147483647],"right_children":[-1],"split_conditions":[8.624857E-10],"split_indices":[0],"sum_hessian":[6.8E1],"tree_param":{"num_deleted":"0","num_feature":"1","num_nodes":"1","size_leaf_vector":"0"}},{"base_weights":[2.8749523E-9],"default_left":[false],"id":96,"leaf_child_counts":[0],"left_children":[-1],"loss_changes":[6.706869E-7],"parents":[2147483647],"right_children":[-1],"split_conditions":[8.624857E-10],"split_indices":[0],"sum_hessian":[6.8E1],"tree_param":{"num_deleted":"0","num_feature":"1","num_nodes":"1","size_leaf_vector":"0"}},{"base_weights":[2.8749523E-9],"default_left":[false],"id":97,"leaf_child_counts":[0],"left_children":[-1],"loss_changes":[6.706869E-7],"parents":[2147483647],"right_children":[-1],"split_conditions":[8.624857E-10],"split_indices":[0],"sum_hessian":[6.8E1],"tree_param":{"num_deleted":"0","num_feature":"1","num_nodes":"1","size_leaf_vector":"0"}},{"base_weights":[2.8749523E-9],"default_left":[false],"id":98,"leaf_child_counts":[0],"left_children":[-1],"loss_changes":[6.706869E-7],"parents":[2147483647],"right_children":[-1],"split_conditions":[8.624857E-10],"split_indices":[0],"sum_hessian":[6.8E1],"tree_param":{"num_deleted":"0","num_feature":"1","num_nodes":"1","size_leaf_vector":"0"}},{"base_weights":[2.8749523E-9],"default_left":[false],"id":99,"leaf_child_counts":[0],"left_children":[-1],"loss_changes":[6.706869E-7],"parents":[2147483647],"right_children":[-1],"split_conditions":[8.624857E-10],"split_indices":[0],"sum_hessian":[6.8E1],"tree_param":{"num_deleted":"0","num_feature":"1","num_nodes":"1","size_leaf_vector":"0"}}]},"name":"gbtree"},"learner_model_param":{"base_score":"5E-1","num_class":"0","num_feature":"1"},"objective":{"name":"reg:squarederror","reg_loss_param":{"scale_pos_weight":"1"}}},"version":[1,2,1]}