station_number,most_recent_year,years_of_data,mean,min,max,drainage_area_gross,latitude,longitude,gen_id,annual_precipitation,aspect,average_slope,drainage_area,glacial_area,glacial_coverage,hydrological_zone,median_elevation,potential_evapotranspiration,solar_exposure,watershed_area,7Q10,7Q2,30Q5,30Q10
08FB001,1929,1,27.432143687213948,28.0,430.0,5130.0,52.37749862670898,-126.75499725341795,generated.5304790,1352.320184721955,,24.08766461169806,5067.048408061071,324800348.8779117,0.0641005024465906,25.0,1315.125,731.6628839146277,0.6588000945133698,5067048408.061071,,,,
08FB006,2019,45,10.896089958818944,9.31999969482422,174.0,2550.0,52.36008071899414,-126.005859375,generated.6020350,770.4815097216928,,15.010171431011695,2565.6502042526417,12395945.115050493,0.004831502398301935,25.0,1415.5,756.178166838311,0.6840326814142841,2565650204.252642,4.565613,6.417471,5.628057,5.049718
08FB007,2009,39,24.6660266246445,13.899999618530273,429.0,3720.0,52.422218322753906,-126.1580581665039,generated.5301077,1071.6863636363637,,20.409556050968423,3650.406560265065,264982109.54108652,0.07258975272109021,25.0,1439.25,742.9066570188133,0.6679663083330925,3650406560.2650647,10.63574,13.6587,12.27784,11.41257
08GD005,1994,9,21.52012607461582,6.800000190734862,168.0,1960.0,51.37443923950195,-124.7619400024414,generated.7489430,930.1700715015323,,24.120172693710174,1935.6557475856375,168079710.9453384,0.08683347292254104,25.0,1715.25,753.4750138811771,0.6617866949421962,1935655747.5856376,5.392285,6.986414,6.46582,5.934642
08GD006,1994,9,31.723689645902247,18.600000381469727,543.0,4070.0,51.26610946655274,-124.8869400024414,generated.7487040,1105.2263562169946,,28.219728324712023,4125.9037126469875,560997762.9870423,0.13596966920663606,25.0,1710.375,742.7895625081137,0.6522242028078625,4125903712.6469865,16.47788,20.21414,19.56652,18.4888
08GD007,1994,13,31.322970511891743,6.75,210.0,1550.0,51.40861129760742,-124.93167114257812,generated.7479567,1110.3923566878982,,30.815151101797127,1561.8913571592234,188451139.4460451,0.12065572844247062,25.0,1747.0,738.5215753424658,0.6439671328018984,1561891357.159223,4.810297,6.330244,5.684507,5.113983999999999
08GD009,1994,7,16.203877644347507,4.699999809265137,90.4000015258789,1550.0,51.42110824584961,-124.50694274902344,generated.7468813,836.8922580645161,,21.034425104110397,1532.2611128651386,77814613.28675058,0.050784172901997694,25.0,1700.875,762.451172558628,0.66537130322699,1532261112.8651385,3.7799660000000004,4.798389,4.358412,3.9644019999999998
08GE001,1983,4,1.4237577947093192,0.1019999980926513,19.89999961853028,5720.0,51.14110946655274,-125.6119384765625,generated.6935753,1476.7673200405545,,25.942751968025608,5847.202521263579,1097435338.2267401,0.18768553581578087,25.0,1430.125,731.4563568229595,0.6568378446404959,5847202521.263579,0.08942063,0.1770587,0.19526110000000002,0.145226
08GE002,2019,41,51.18736275233078,38.5,996.0,5780.0,51.14477920532226,-125.5943603515625,generated.6938825,1478.3886646485032,,25.944576165674057,5879.881157627972,1097435338.2267401,0.18664243524769825,25.0,1420.25,731.6097117395652,0.6568586901463038,5879881157.6279745,32.66788,42.08625,40.321020000000004,36.26612
08LG008,2017,43,13.33422368834617,0.1959999948740004,66.90000152587889,775.0,50.13618087768555,-121.03002166748048,generated_dem_fwa.AQEAAAAt0MMQ5kFewAjU5CdqEUlA,1165.7975871313672,,16.469243465305563,765.4023809432347,0.0,0.0,25.0,1360.0,865.0409057706355,0.6828820331464736,765402380.9432348,0.36443190000000003,0.6851273,0.6144326,0.49964090000000005
08LG010,2020,48,8.86527626859285,0.3120000064373016,70.19999694824219,917.0,50.10979843139648,-120.8030014038086,generated_dem_fwa.AQEAAAAf2BcnYzNewPP6A00aDklA,1066.089670828604,,14.323675203087125,911.3976091374452,0.0,0.0,25.0,1259.375,892.3748473748474,0.6847542770272661,911397609.1374453,0.2199805,0.4614798,0.3812151,0.3027975
08LG048,2020,53,21.483286931881036,0.4309999942779541,62.4000015258789,316.0,49.85422134399414,-120.90846252441406,generated_dem_fwa.AQEAAAB4RvhqKTpewBJYv-1X7UhA,2023.9372937293729,,19.251397179571697,314.89155603194075,0.0,0.0,25.0,1437.25,840.8701067615657,0.6776836234341789,314891556.0319408,0.33708879999999997,0.5348368,0.48479700000000003,0.4152902
08LG068,2019,16,20.421959463122484,0.0700000002980232,26.10000038146973,178.0,49.95027160644531,-121.09644317626952,generated_dem_fwa.AQEAAAAkrRPpK0ZewLMh0nGd-UhA,1415.366459627329,,17.216306062094635,168.23189765612517,0.0,0.0,25.0,1408.125,843.7308970099667,0.6961356486913668,168231897.65612516,0.06266174,0.09057158,0.09355557,0.08285171
08MA002,2018,56,20.163219675292936,7.579999923706055,115.0,2130.0,51.62485885620117,-124.1433563232422,generated.4485632,1059.980778246601,,24.24907115227097,2139.592410892606,177009241.5911453,0.0827303558799312,25.0,1914.0,768.7618927762396,0.6627404658612568,2139592410.8926067,4.990049,7.309104,6.03941,5.336069
08ME004,1947,21,45.2895199057248,3.0,212.0,956.0,50.8375015258789,-122.8566665649414,generated_dem_fwa.AQEAAADnOnvR2LZewAMsEEIia0lA,1492.666666666667,,25.84789291794633,979.202674340623,207020203.447326,0.21141711401751387,25.0,1834.25,769.7028985507246,0.6666612500754873,979202674.340623,2.121963,3.168472,2.833379,2.485589
08ME005,1940,16,39.90017425430234,13.300000190734865,518.0,1650.0,50.85110855102539,-122.84583282470705,generated.5520019,1365.084541062802,,26.849894932117532,1674.6480664557268,239075472.9047092,0.14276162119883215,25.0,1762.375,774.648033799155,0.6620683276099701,1674648066.4557269,4.037583000000001,6.04422,5.219232,4.6032459999999995
08ME011,1933,7,41.58412662346075,0.906000018119812,85.0,368.0,50.76805877685547,-122.85694122314452,generated_dem_fwa.AQEAAACCgFR1DLdewNVGCqB1YklA,1373.5915492957747,,28.496565936234827,363.1193245798052,27339118.4696484,0.07528962690510814,25.0,1780.0,769.4042232277527,0.6583528256556858,363119324.57980525,0.9617382999999999,1.2687899999999999,1.118778,1.010133
08ME022,1967,2,23.597492936585628,1.440000057220459,53.79999923706055,326.0,50.54360961914063,-122.49166870117188,generated_dem_fwa.AQEAAADbxpJ-ap9ewHBPCeh7RUlA,1091.8013245033112,,32.40999053387707,308.93112168499005,191569.47195031508,0.0006201041543028936,25.0,1509.0,836.5255731922398,0.6277285990764728,308931121.68499005,,,,
08ME027,2020,25,43.051017659770366,1.2599999904632568,63.5,312.0,50.73088836669922,-122.9420166015625,generated_dem_fwa.AQEAAACDEuVZSbxewGy412iKXUlA,1461.6655737704916,,28.664183761370918,311.909002906535,26725552.301583074,0.08568381179299114,25.0,1805.5,763.6101398601397,0.6599074034467033,311909002.906535,1.104093,1.491863,1.3287879999999999,1.23564
08ME028,2020,25,52.18682845531072,2.8399999141693115,159.0,708.0,50.82093811035156,-123.2034912109375,generated_dem_fwa.AQEAAADJf4jaBM1ewNt6Sw4faUlA,1690.8181818181818,,22.839693777917887,704.3156539987558,198992377.943008,0.2825329478526109,25.0,1915.75,759.0116099071208,0.6733890564335328,704315653.9987558,2.122432,2.7818389999999997,2.553109,2.331429
08MF008,1920,4,41.743222833803614,13.300000190734865,227.0,1040.0,50.00667190551758,-121.61499786376952,generated.7186528,2109.878113879004,,34.27858185278265,1158.2718606555686,17227637.57755016,0.014873569981920756,25.0,1420.5,817.3726708074535,0.6517962363569952,1158271860.6555686,6.1349160000000005,10.36837,7.969656,6.4485339999999995
08MF062,2018,46,38.148802189853654,0.356000006198883,36.0,85.5,49.54188919067383,-121.1199722290039,generated_dem_fwa.AQEAAADqyub4qEdewNO4-FpexUhA,2848.301204819277,,25.24736926968132,89.3184350266288,0.0,0.0,25.0,1387.75,830.525641025641,0.6511604465134068,89318435.02662879,0.344803,0.5102014,0.44414440000000005,0.3820009
08MF065,2018,37,50.46030327780925,7.730000019073486,205.0,712.0,49.95386123657226,-121.86286926269531,generated_dem_fwa.AQEAAAAvGY-eN3dewE69ZqAP-khA,2245.035971223021,,35.45408005766183,714.6104390525372,16355199.943224145,0.022886875211211032,25.0,1490.625,807.0835913312692,0.648304019144939,714610439.0525372,4.826993,6.8586279999999995,6.237833999999999,5.519304
08MG005,2017,90,59.75658828880201,19.600000381469727,424.0,2100.0,50.336021423339844,-122.8002471923828,generated.6725695,2117.7056549057515,,30.58280199574793,2093.2884787562853,399797631.9321382,0.19099022231741106,25.0,1484.75,770.5252024027161,0.6585966733367254,2093288478.756286,14.15514,21.04401,18.15356,15.67809
08MG008,1970,17,37.07460501966119,4.2199997901916495,91.5,596.0,50.3388900756836,-122.727783203125,generated_dem_fwa.AQEAAACsKKz0fa5ewDLuKeAuK0lA,1302.4929356357927,,30.437420658281315,644.6461083064734,8539442.068818962,0.01324671313265603,25.0,1495.75,811.3079555175364,0.6681096750355228,644646108.3064734,3.397988,4.847314,4.141786,3.6445239999999997
08NL007,2019,77,13.238165993778694,2.359999895095825,80.69999694824219,1810.0,49.45970153808594,-120.50353240966795,generated.5196796,1218.740848343986,,13.819716767475873,1777.9270556233646,0.0,0.0,25.0,1330.125,870.3537158984008,0.6898282363897268,1777927055.623365,1.600033,2.4961330000000004,2.410602,2.120763
08NL008,1953,7,11.920576780904259,1.3899999856948853,160.0,1370.0,49.50833129882813,-120.6916732788086,generated.5196393,1275.2956411876185,,13.811354721358951,1637.0252875517242,0.0,0.0,25.0,1359.875,866.1952965235173,0.6886398814595239,1637025287.5517242,1.175824,1.424078,1.361675,1.2732219999999999
08NL023,1984,32,4.846662712433705,0.1030000001192092,11.800000190734865,673.0,49.54555892944336,-120.75332641601562,generated_dem_fwa.AQEAAACzHtXoSTBewALk-F-2xUhA,792.9817073170732,,10.154168204784556,672.2409205552559,0.0,0.0,25.0,1225.25,895.2767191383597,0.6965096946827959,672240920.5552559,0.1441693,0.26133449999999997,0.21467270000000002,0.1820967
08NL024,2018,66,12.24357419301417,1.3400000333786009,176.0,1780.0,49.45771026611328,-120.51856994628906,generated.5199890,1218.740848343986,,13.819716767475873,1777.9270556233646,0.0,0.0,25.0,1330.125,870.3537158984008,0.6898282363897268,1777927055.623365,1.103373,1.763259,1.535635,1.2964579999999999
08NL060,1982,8,2.318016307627997,0.0,8.710000038146973,409.0,49.76805877685547,-120.77082824707031,generated_dem_fwa.AQEAAAAZnHdSVTFewObvPsRP4khA,731.127819548872,,8.498810382986036,407.46046036261976,0.0,0.0,25.0,1208.75,899.8,0.7015620311205766,407460460.3626198,,,,
08NL067,1975,2,28.64225869554934,1.190000057220459,207.0,619.0,49.54056167602539,-120.8000030517578,generated_dem_fwa.AQEAAAB_XwA6PDNewO6dLBAYxUhA,1974.078767123288,,17.747284584457848,612.7310131956152,0.0,0.0,25.0,1478.125,835.5629562043796,0.6828995861383562,612731013.1956153,,,,
08NL070,2019,44,19.569514699344015,0.8849999904632568,37.599998474121094,408.0,49.09410095214844,-120.67254638671876,generated_dem.AQEAAAC4RwQdDCtewNHfn-APjEhA,1383.1732283464567,,19.75000997299582,397.37130586493197,0.0,0.0,25.0,1617.125,862.2910128388017,0.6927758666134466,397371305.8649319,0.5579732,0.9029083000000001,0.8368351999999999,0.7196937
08NL071,2019,45,25.172979796318543,0.2879999876022339,43.599998474121094,253.0,49.46567916870117,-120.97891235351562,generated_dem_fwa.AQEAAADHbLyApj5ewH4gYkubu0hA,2024.2375,,16.746150788096653,253.80829529926388,0.0,0.0,25.0,1544.0,826.8834080717488,0.6808790640478259,253808295.29926383,0.23813330000000002,0.393457,0.3668717,0.2994274
08FA002,2018,58,82.81488931834566,58.70000076293945,1020.0,3900.0,51.67916870117188,-127.17916870117188,generated.6814377,3677.6823947234907,,35.369514207422554,3912.548142566099,657700640.2753907,0.1681003316278758,26.0,1253.875,695.4885975693022,0.6391359868968285,3912548142.566099,47.725429999999996,59.829390000000004,60.51498,55.56188
08FB003,1949,3,80.14650933801195,0.3339999914169311,25.899999618530284,28.399999618530284,52.3650016784668,-126.75666809082031,generated_dem_fwa.AQEAAABF7SgVZ7BfwB7YLsO4LkpA,2764.6296296296296,,35.07253585706602,27.82404420969386,3205876.0160082537,0.11521962773806008,26.0,1184.0,672.469387755102,0.5443496594034407,27824044.20969387,0.28982090000000005,0.31610240000000006,0.41631270000000004,0.34787199999999996
08FB004,2018,45,56.51993323557264,1.5800000429153442,28.20000076293945,159.0,52.424560546875,-126.52108001708984,generated_dem_fwa.AQEAAAAcezh5WKFfwGojJd1ZNkpA,2368.987421383648,,34.363987539619544,156.13763782011628,5141617.830642247,0.03293003469519516,26.0,1159.5,695.3040540540541,0.6509537998678817,156137637.82011628,1.558226,2.0820950000000003,1.975036,1.8219299999999998
08FB005,1995,23,59.86524782060106,2.4100000858306885,47.29999923706055,269.0,52.38943862915039,-126.46028137207031,generated_dem_fwa.AQEAAADYzbq2f51fwMJdRHu_MUpA,2463.332116788321,,36.40344428472103,271.62452534202214,24354585.77079832,0.08966269058411311,26.0,1346.75,684.1627906976744,0.6161552050078102,271624525.34202206,1.9239810000000002,2.610423,2.346537,2.131268
08FB009,1995,16,67.93891677641503,1.5,24.10000038146973,92.5,52.36444091796875,-126.8080596923828,generated_dem_fwa.AQEAAAB4fZoeyrNfwNNRpoKeLkpA,3046.956989247312,,32.71862832716953,92.4911718580644,7340026.596196075,0.07935921287125622,26.0,1225.625,678.44,0.6035944971114278,92491171.8580644,1.421758,1.7241689999999998,1.6931310000000002,1.62673
08GA017,1967,44,56.25013476437696,5.349999904632568,190.0,813.0,49.96527862548828,-123.1508331298828,generated_dem_fwa.AQEAAADNUewNw8lewHSCsgCY-0hA,2334.556555269923,,25.407460247605645,796.8465741362244,77129261.25009145,0.09679311394881628,26.0,1425.75,777.4095966620306,0.6680614436232178,796846574.1362244,5.075883999999999,9.825865,7.589886999999999,6.122649
08GA022,2018,57,100.40241680078461,33.0,1040.0,2350.0,49.7950210571289,-123.20316314697266,generated.5440744,2841.326415910073,,31.811079874729923,2360.500947604161,526352017.6154167,0.22298318420488186,26.0,1318.125,753.8341896310136,0.6515875451039537,2360500947.604161,23.841279999999998,38.804759999999995,36.59503,30.524309999999996
08GA023,1933,9,71.31658951683337,4.449999809265137,10.300000190734863,74.0999984741211,49.96500015258789,-123.13194274902344,generated_dem_fwa.AQEAAADeQb4UdshewNDe2VFu-0hA,3134.409090909091,,22.098210371498553,69.09721641975271,9480487.572673583,0.13720505779974387,26.0,1704.25,759.9444444444445,0.6901978284523441,69097216.41975272,2.408445,3.0237540000000003,2.868234,2.648932
08GA024,1947,23,59.4236052656171,2.3199999332427983,76.19999694824219,287.0,50.08332824707031,-123.04833221435548,generated_dem_fwa.AQEAAADN-u0bGsNewD4vOCrHCklA,2309.034161490684,,29.949858492497896,331.07908810880787,50340243.80803715,0.15204899861115065,26.0,1608.25,772.9614093959732,0.6398359726134785,331079088.10880786,1.397181,2.6146830000000003,2.129787,1.8014299999999999
08GA043,2020,48,37.14854419459197,18.600000381469727,194.0,965.0,49.8160285949707,-123.15007781982422,generated_dem_fwa.AQEAAADo_C1koslewF-jSmx16EhA,2398.397231096912,,24.5259354976369,962.7452156116724,83028071.69753033,0.08624096007039526,26.0,1335.25,786.5978135788263,0.6694685679646749,962745215.6116724,7.511985000000001,11.0041,10.4468,9.227828
08GA054,1986,16,77.11100568439755,6.53000020980835,100.0,334.0,49.72888946533203,-123.10556030273438,generated_dem_fwa.AQEAAABU4c_wxsZewBvfK3tR3UhA,3880.971698113208,,25.298965129606962,330.9352501089178,10471889.882254357,0.03164331958837215,26.0,1168.0,790.1918505942275,0.6850248657745035,330935250.10891783,3.957989,6.649755,6.295475,5.459528
08GA057,1979,6,63.38775740665131,0.5889999866485596,17.799999237060547,38.900001525878906,49.74055862426758,-123.1050033569336,generated_dem_fwa.AQEAAABrAy7Kt8ZewIL6ZgDH3khA,3404.560975609756,,22.61273295236261,40.964796996306255,0.0,0.0,26.0,1118.875,843.2602739726027,0.6988263879469999,40964796.99630626,0.40455890000000005,0.6787583,0.619636,0.4944785
08GA071,2018,37,86.07143281463759,11.100000381469727,823.0,1200.0,50.11402893066406,-123.42839813232422,generated.5433626,2718.823480432973,,33.19401484132237,1221.078774622729,326288130.8692815,0.2672130067694389,26.0,1460.25,734.3762376237622,0.6466429085493954,1221078774.6227288,8.443982,11.5157,11.2036,10.04677
08GA072,2018,36,66.06136405376489,2.740000009536743,60.9000015258789,297.0,50.07991027832031,-123.0356216430664,generated_dem_fwa.AQEAAACZpPVhRMJewCyGj64wCklA,2380.5261324041808,,30.79703283469632,296.3574550801046,50191375.76915006,0.16936093527859278,26.0,1652.625,768.4925093632959,0.6366903722780715,296357455.08010465,2.291223,3.092167,2.820354,2.537959
08GA075,2018,23,87.6669951118277,3.920000076293945,140.0,284.0,49.72594833374024,-123.1020965576172,generated_dem_fwa.AQEAAADW5APkhsZewNFIdxzu3EhA,3951.656603773585,,26.148186184738265,275.5982385584535,7537462.125336731,0.02734945682077739,26.0,1182.0,783.7586206896551,0.6659075018579974,275598238.5584535,4.4172199999999995,5.432542,6.421081,5.808223
08GB009,1970,5,50.98057593403638,0.0820000022649765,8.579999923706055,22.5,49.73749923706055,-123.88082885742188,generated_dem_fwa.AQEAAADt8O4AY_hewKWfvARx3khA,4090.85,,26.727886823888092,22.836148837211656,0.0,0.0,26.0,1112.125,814.6046511627907,0.6810399249283056,22836148.837211654,0.06689980000000001,0.1448067,0.13810060000000002,0.10505679999999999
08GB013,2019,26,106.12957450389732,1.8799999952316284,160.0,147.0,49.78718948364258,-123.42041778564452,generated_dem_fwa.AQEAAAB0eQYc6NpewJcNtADC5EhA,4180.927536231884,,36.72704991273034,146.0478863609369,7343952.924831197,0.05028455466093938,26.0,1234.0,763.1274131274132,0.6487220783875668,146047886.3609369,1.80132,2.799444,3.0003319999999998,2.442816
08GC003,1930,4,114.67804702306022,1.7000000476837158,137.0,233.0,50.5099983215332,-124.42166900634766,generated_dem_fwa.AQEAAAC-SMe4FxtfwKKJFq7KQElA,3502.7136563876647,,41.694906562491326,233.479731418396,41670149.81563333,0.1784743778934728,26.0,1377.375,719.6658878504672,0.6264327057803427,233479731.418396,1.6423849999999998,3.5902519999999996,4.061986,3.2631419999999998
08GE003,2015,15,124.1775897062947,0.3459999859333038,13.699999809265135,23.0,51.22761154174805,-125.67146301269531,generated_dem_fwa.AQEAAABNbdQD-WpfwOWsutQpnUlA,2149.7727272727275,,36.4528777786855,23.181853071368483,9470190.828915637,0.40851742092232096,26.0,1477.375,678.609756097561,0.5377031694414021,23181853.07136848,0.1794151,0.2697312,0.2370641,0.1988037
08GF001,1928,3,94.387997999267,6.119999885559082,151.0,326.0,50.73500061035156,-125.47833251953124,generated_dem_fwa.AQEAAABz4hUCxV5fwNyMEnVYXklA,3762.5137614678893,,41.27265570645071,331.6099560993602,16630995.501328858,0.05015228039879995,26.0,1143.5,719.2822185970638,0.6409334197017095,331609956.0993602,6.314312,6.843002,8.279707,7.8876610000000005
08GF008,2009,3,113.1945503186721,11.199999809265137,918.0,1040.0,51.01499938964844,-126.12167358398438,generated.4972011,4107.418046357616,,39.096191073935756,1201.471268865194,201206935.12617815,0.16746712163680855,26.0,1150.0,699.0469102390617,0.6341978262754088,1201471268.8651938,6.9927660000000005,11.64286,13.94392,12.32076
08MF002,1920,7,61.00159482281632,0.2269999980926513,13.600000381469727,29.79999923706055,49.250831604003906,-121.60221862792969,generated_dem_fwa.AQEAAADjDXXHfmZewEuyGLnKn0hA,2715.3809523809523,,34.871821310383055,27.84470551124715,0.0,0.0,26.0,1312.75,803.1162790697673,0.6609230985966726,27844705.51124715,0.1908115,0.24615340000000002,0.2612236,0.244335
08MF003,1982,32,44.99583622339907,8.359999656677246,137.0,741.0,49.37527847290039,-121.41944122314452,generated_dem_fwa.AQEAAAAHoJAe2FpewJjQZMwLsEhA,2565.9011299435033,,32.459585428342585,733.3317492373441,0.0,0.0,26.0,1178.875,837.2248656945509,0.6388641198930943,733331749.237344,3.928901,5.540986,5.6834620000000005,5.021602
08MF009,1971,8,44.47615530923256,3.4000000953674316,51.5,350.0,49.363059997558594,-121.46916961669922,generated_dem_fwa.AQEAAACRtZ3uEF5ewOXjcGyRrkhA,2280.8585209003213,,35.625343026331095,323.7408864915749,0.0,0.0,26.0,1212.25,823.7833622183708,0.6263799961786386,323740886.4915748,2.2321,2.927622,2.893484,2.573458
08MF030,1935,2,84.39755800045344,0.3910000026226044,60.599998474121094,65.30000305175781,49.50917053222656,-121.42056274414062,generated_dem_fwa.AQEAAADt8Sbl7FpewCbzG2g2wUhA,2404.508196721312,,33.62957940809429,63.27197467679339,0.0,0.0,26.0,978.5,824.504761904762,0.6622145071187243,63271974.67679339,,,,
08MF031,1934,1,95.75835982315722,0.1299999952316284,97.4000015258789,37.29999923706055,49.564170837402344,-121.42472076416016,generated_dem_fwa.AQEAAABZxwBvMltewNW15FsZyEhA,2491.5675675675675,,30.572191090730342,37.38576903695362,0.0,0.0,26.0,1103.875,822.4262295081967,0.7003990353355417,37385769.03695362,,,,
08MF032,1935,2,96.97560691045902,0.1589999943971634,52.70000076293945,32.400001525878906,49.43111038208008,-121.43639373779295,generated_dem_fwa.AQEAAACUivYT9ltewFcBhDAzt0hA,2279.620689655173,,29.30665729987175,31.605886829359893,0.0,0.0,26.0,868.375,851.8571428571429,0.6724699428207642,31605886.829359896,,,,
08MF034,1969,16,29.0894530515439,0.0080000003799796,55.79999923706055,114.0,49.31306076049805,-121.62555694580078,generated_dem_fwa.AQEAAADuj7hGEmhewGmxefT9p0hA,2437.2181818181816,,32.98057127576025,114.51745091316269,1058894.5645505146,0.009246578194911644,26.0,1123.75,823.1527093596059,0.6080593901047092,114517450.91316268,0.07743246,0.20196760000000002,0.2397188,0.170722
08MF048,1974,8,29.335240748111808,0.0,2.4300000667572017,11.899999618530273,49.14611053466797,-121.83332824707031,generated_dem_fwa.AQEAAAA4qmjmaHVewNeRgw-ukkhA,2201.444444444445,,24.569211599154354,10.754982423295797,0.0,0.0,26.0,1087.625,874.1875,0.5698836749894217,10754982.423295794,,,,
08MF068,2019,28,41.40146351657395,4.2899999618530265,89.4000015258789,720.0,49.36846160888672,-121.38449096679688,generated_dem_fwa.AQEAAACCoPdUm1hewOk9ov0gr0hA,2577.16068866571,,32.39880120535912,721.9379033984156,0.0,0.0,26.0,1186.0,836.2285491419658,0.6419674137907727,721937903.3984157,3.6698,4.628322,4.517264,4.205884999999999
08MG003,1950,34,57.82067808305535,7.929999828338622,209.0,855.0,50.28194046020508,-122.85138702392578,generated_dem_fwa.AQEAAADsEWXNerZewGgM9AIMJElA,2123.979038224414,,28.15425137026404,829.9493682918614,85238394.73438248,0.10270312622782478,26.0,1467.625,782.0405854956754,0.6666354307644154,829949368.2918613,3.5041160000000002,5.749008,5.237685,4.346368
08MG004,1947,26,43.75085149081109,1.7000000476837158,28.60000038146973,195.0,50.17082977294922,-122.91667175292969,generated_dem_fwa.AQEAAACcbgSimrpewHZs9bbIFUlA,1946.9673913043482,,24.471588461957232,189.0952215598891,8095457.615304788,0.0428115398608359,26.0,1441.0,788.1569767441861,0.6630338884301014,189095221.55988908,0.8537733000000001,1.493012,1.305417,1.123056
08MG006,1947,23,64.13084157887545,1.25,58.29999923706055,179.0,50.26667022705078,-122.87222290039062,generated_dem_fwa.AQEAAAAsSwyz5LdewGUfxMucIklA,2174.017142857143,,30.36530415040173,180.33105999372668,21560438.648850914,0.11956031672858215,26.0,1542.0,774.92,0.6789403326508018,180331059.99372667,0.7707973000000001,1.7268119999999998,1.266494,0.9653082000000001
08MG007,1947,23,66.71013433586461,1.8700000047683718,79.30000305175781,283.0,50.224998474121094,-122.88333129882812,generated_dem_fwa.AQEAAABVxPOWbrhewA4nXtXBHElA,2178.3862815884477,,27.791798737133067,284.6839483703008,42256354.57696856,0.1484325154925977,26.0,1436.125,772.6964980544748,0.6798541384374859,284683948.3703008,1.6619110000000001,2.202925,2.1088970000000002,1.909588
08MG009,1957,4,54.58868424053479,0.2269999980926513,13.399999618530273,42.20000076293945,49.32110977172852,-121.88111114501952,generated_dem_fwa.AQEAAADH5mGjd3hewLdaq2YrqUhA,2229.972972972973,,19.250111115083357,40.94255092602497,0.0,0.0,26.0,563.375,882.7142857142858,0.7214839783087063,40942550.92602497,0.04558453,0.14568820000000002,0.09782994,0.07019091
08MG013,2018,64,55.709653720369175,216.0,902.0,7890.0,49.30041885375977,-121.82964324951172,generated.4648810,2085.7371259791958,,31.394198089879545,7955.589299201679,625057334.9302322,0.07856832616949631,26.0,1297.0,813.9038381309972,0.6571774441569493,7955589299.201679,87.27271999999999,130.2848,117.0353,100.5275
08MG025,2018,26,56.44196787868,0.0549999997019767,14.0,32.400001525878906,50.3155403137207,-122.80464935302734,generated_dem_fwa.AQEAAABAz4qbf7NewFQn7hhhKElA,2036.5925925925928,,26.77918324348805,29.615169726427542,4166763.8896686994,0.1406969444429834,26.0,1413.0,805.78,0.6393653350277327,29615169.72642754,0.0757697,0.1492761,0.1367509,0.1056373
08MG026,2016,17,42.125223515431294,0.9789999723434448,20.600000381469727,89.69999694824219,50.1202507019043,-122.94880676269531,generated_dem_fwa.AQEAAAAXXDTju7xewKQrHRtdD0lA,2198.785714285714,,28.097274707013053,90.45858888532987,7766089.118412618,0.08585242390036976,26.0,1695.0,769.638036809816,0.6326494195199978,90458588.88532989,0.6484468000000001,0.9577186,0.8347613000000002,0.7209525
08MH017,1964,9,106.92194771015463,9.850000381469727,326.0,515.0,49.66389083862305,-122.68611145019531,generated_dem_fwa.AQEAAAAenTdKKqxewP9kNbIG1UhA,3220.995926680245,,34.512836605788664,505.04130495624605,89996997.24671187,0.17819730062377512,26.0,1388.75,772.3054945054945,0.6624349241075551,505041304.956246,5.501423,7.362782000000001,6.690081,6.07397
08MH055,1961,5,56.41137571993761,13.300000190734865,191.0,860.0,49.08166885375977,-121.7205581665039,generated_dem.AQEAAABnPhczJW5ewBEutiElikhA,2155.604325699745,,35.72722528011929,833.5198192694639,0.0,0.0,26.0,1213.25,828.3459682977257,0.6560859870456321,833519819.269464,10.13413,13.044130000000001,13.68106,12.414810000000001
08MH103,2018,55,56.04724772219702,4.380000114440918,195.0,650.0,49.10171890258789,-121.66300201416016,generated_dem.AQEAAABnSGFTcWpewE96OrINjUhA,2163.4023372287147,,35.86715496226483,636.1515871392387,0.0,0.0,26.0,1258.5,829.4320875113948,0.6578614260344161,636151587.1392387,5.924174,8.659241,8.307288,7.262092
08MH147,2019,27,121.45918222678283,4.369999885559082,476.0,290.0,49.556190490722656,-122.32306671142578,generated_dem_fwa.AQEAAACh94T0rZRewKxF3k4vx0hA,3491.918518518519,,28.973650688709625,289.71781513656475,26751659.02180516,0.09233694865880164,26.0,1278.875,786.3747572815532,0.6619146354818426,289717815.13656473,3.101108,4.416631,5.099715,4.257483000000001
08PA001,1954,25,30.86392126530059,11.699999809265135,189.0,907.0,49.047218322753906,-121.09583282470705,generated_dem.AQEAAADESwCWJkZewNqtZTLchUhA,1577.7238636363636,,31.83559115797533,917.705814883044,663869.673140994,0.0007234014020338317,26.0,1358.0,839.8203703703704,0.6527787524792773,917705814.883044,2.9415869999999997,4.665967,3.846826,3.3413440000000003
08PA002,1921,6,38.05296425616744,1.7599999904632568,59.5,208.0,49.220558166503906,-121.09249877929688,generated_dem_fwa.AQEAAADl9JcL7EVewEgXt6s5nEhA,1527.7623762376238,,35.78037779010867,209.9705020546924,0.0,0.0,26.0,1404.5,821.1912568306012,0.6333267097319474,209970502.05469236,1.116786,1.596806,1.4203379999999999,1.231207
08FA001,1931,8,105.55045597337892,1.6399999856948853,51.29999923706055,130.0,51.56917190551758,-127.51000213623048,generated_dem_fwa.AQEAAAD0ghqBouBfwELB8gviyElA,3525.2578125,,32.32930217030579,128.13776929177178,0.0,0.0,27.0,622.875,703.0460251046027,0.6448756847223553,128137769.29177175,0.69844,1.226452,1.647632,1.40831
08FA004,1951,3,63.26123319541912,0.003000000026077,4.25,4.920000076293945,51.51250076293945,-127.5133285522461,generated_dem_fwa.AQEAAABtu1wG9OBfwLtv_iSTwUlA,3706.666666666666,,22.05408256895402,5.806610213062402,0.0,0.0,27.0,479.0,716.875,0.6273075855074003,5806610.213062403,,,,
08GA001,1920,7,190.9230606750611,0.5099999904632568,34.5,19.89999961853028,49.52777862548828,-122.83332824707031,generated_dem_fwa.AQEAAACrlSPQabVewNqW7-Vfw0hA,4802.631578947368,,32.991823866701964,20.25498037760742,16809.196526874108,0.0008298796747024872,27.0,1252.75,766.28125,0.7180641199238215,20254980.37760742,0.20448729999999998,0.36664220000000003,0.3040993,0.24266839999999998
08GA007,1919,6,130.37596316247652,0.0230000000447034,5.489999771118164,6.21999979019165,49.54999923706055,-122.86750030517578,generated_dem_fwa.AQEAAADCRbgYv7dewBqSrl6LxkhA,4047.666666666666,,25.548401138612203,5.073787920719346,0.0,0.0,27.0,990.875,801.1428571428571,0.7274687713482842,5073787.920719347,0.01251778,0.02808102,0.02225093,0.01777994
08GA009,1919,5,183.65611822079546,0.6800000071525574,24.899999618530284,16.799999237060547,49.54167175292969,-122.83332824707031,generated_dem_fwa.AQEAAADb5ddRe7VewFsF8hNXxUhA,4915.6875,,33.6318601447468,16.95560168000959,16809.196526874108,0.000991365381429779,27.0,1276.5,763.3571428571429,0.7186260105409393,16955601.68000959,0.15188120000000002,0.3943316,0.31715170000000004,0.2662756
08GA010,2020,100,115.84222250103458,1.4600000381469729,194.0,173.0,49.396240234375,-123.14584350585938,generated_dem_fwa.AQEAAAAg3VYaW8lewAWAEdG7skhA,3215.6848484848488,,30.717369082272665,174.31468048471712,0.0,0.0,27.0,868.5,809.4692556634303,0.6641433711180136,174314680.4847171,0.9992985000000001,1.787448,1.773438,1.434436
08GA012,1918,4,152.6111259333228,0.1700000017881393,84.4000015258789,36.29999923706055,49.36027908325195,-123.02555847167969,generated_dem_fwa.AQEAAACi2aphtcFewIII9x78rUhA,3000.5263157894733,,28.92325153447924,39.59409893688557,0.0,0.0,27.0,766.0,819.4927536231884,0.6856124050288193,39594098.93688557,0.01897997,0.1023505,0.10295639999999999,0.05900467
08GA013,1933,18,112.55785906522256,0.7080000042915344,105.0,153.0,49.3980598449707,-122.98444366455078,generated_dem_fwa.AQEAAABRb53MJr9ewBtVkQsKs0hA,3611.2370370370368,,31.49700763987677,146.24083823291173,0.0,0.0,27.0,846.375,812.0077519379845,0.6574909593511838,146240838.23291174,0.45565059999999996,1.1842409999999999,0.8499458000000001,0.5976189000000001
08GA020,1969,16,128.6788933822946,0.289000004529953,98.3000030517578,69.40000152587889,49.52444076538086,-123.48416900634766,generated_dem_fwa.AQEAAAAS5Ct3At9ewOqotA8Dw0hA,3361.5806451612902,,34.4401479219351,67.6635826432829,0.0,0.0,27.0,812.0,809.0578512396694,0.6673543123050852,67663582.64328289,0.0541141,0.3665242,0.3544122,0.2686875
08GA021,1926,5,91.63124320240742,1.0399999618530271,76.69999694824219,148.0,49.44028091430664,-122.96527862548828,generated_dem_fwa.AQEAAACKaFX60r1ewLyFbik5uEhA,3610.313043478261,,31.603658376673106,123.05846378161912,0.0,0.0,27.0,886.0,810.1658986175114,0.6591489579781799,123058463.78161912,0.7250308000000001,1.014714,0.9781893,0.9168857
08GA026,2003,8,120.63775235435679,0.3709999918937683,143.0,69.90000152587889,49.45389175415039,-123.10916900634766,generated_dem_fwa.AQEAAACr8-KjCcdewHXKV40bukhA,3257.066666666666,,32.161355496296956,82.31254108896114,0.0,0.0,27.0,947.625,802.4246575342465,0.6621510916250224,82312541.08896114,0.2982028,0.6116766,0.47981229999999997,0.37187070000000005
08GA027,2003,3,133.55290956297668,0.3199999928474426,66.30000305175781,41.400001525878906,49.450279235839844,-123.10333251953124,generated_dem_fwa.AQEAAAAp3Fh0nsZewKpEs5SnuUhA,3588.6923076923076,,29.729467049991012,40.83275606411722,0.0,0.0,27.0,897.75,815.7971014492754,0.6647099962630832,40832756.06411722,,,,
08GA028,1939,11,108.03438554237377,0.0,149.0,148.0,49.44028091430664,-122.96527862548828,generated_dem_fwa.AQEAAACKaFX60r1ewLyFbik5uEhA,3610.313043478261,,31.603658376673106,123.05846378161912,0.0,0.0,27.0,886.0,810.1658986175114,0.6591489579781799,123058463.78161912,,,,
08GA030,2018,85,89.90240606327454,1.8899999856948853,197.0,179.0,49.34197998046875,-123.00212097167969,generated_dem_fwa.AQEAAABDR4LbIMBewMEviw_Hq0hA,3524.2962962962956,,30.13992697636939,174.5291241385479,0.0,0.0,27.0,805.625,816.8971061093248,0.6616586664339004,174529124.13854793,0.6278315999999999,1.2154989999999999,1.10022,0.9096846
08GA031,1954,25,102.3340842358014,1.3600000143051147,167.0,197.0,49.357948303222656,-123.11094665527344,generated_dem_fwa.AQEAAAD2rp_QG8dewDtzfKXNrUhA,3144.3494623655915,,30.27691235223847,197.4317773064253,0.0,0.0,27.0,842.0,812.3028571428572,0.6664103634671702,197431777.30642527,0.5570189,1.231891,1.1902409999999999,0.919783
08GA046,1969,10,82.88804752368473,0.1500000059604644,56.099998474121094,71.5,49.44194030761719,-123.7205581665039,generated_dem_fwa.AQEAAACDclw_He5ewIeKJXChuEhA,3396.2580645161293,,19.28026929985686,65.79959575557278,0.0,0.0,27.0,963.25,809.6929824561405,0.7123335426062245,65799595.75557278,0.058467700000000004,0.22603360000000003,0.2619686,0.18763829999999998
08GA047,2019,56,34.76363232588882,0.0610000006854534,15.5,32.59999847412109,49.42082977294922,-123.64022064208984,generated_dem_fwa.AQEAAADIeZKD-OhewKrlWvbctUhA,2795.357142857143,,10.926648430618242,29.37439631426121,0.0,0.0,27.0,623.125,851.3454545454546,0.7485221136016584,29374396.31426121,0.04600118,0.06953458,0.06216401,0.05582006
08GA049,1968,1,134.8670358536414,0.1500000059604644,11.800000190734865,5.179999828338623,49.34416961669922,-123.086669921875,generated_dem_fwa.AQEAAACHeyp8ncVewIXGYocwrEhA,2643.333333333333,,19.019771337509155,4.953026353739844,0.0,0.0,27.0,870.75,832.0,0.763090196557153,4953026.353739844,,,,
08GA060,1987,16,70.0514087076663,0.1589999943971634,47.29999923706055,64.5,49.48221969604492,-123.71083068847656,generated_dem_fwa.AQEAAABwBVYGfO1ewFYce7TAvUhA,3456.5,,20.091435099108537,62.32922490631962,0.0,0.0,27.0,976.0,802.9074074074074,0.7110388552351917,62329224.90631962,0.1561787,0.3005377,0.30619450000000004,0.243885
08GA061,2017,42,77.60570592887424,0.0160000007599592,2.5199999809265137,3.630000114440918,49.35615921020508,-123.09986114501952,generated_dem_fwa.AQEAAABM7h8nZsZewJUyNJRWrUhA,2529.0,,26.18283359932177,3.0155489976199354,0.0,0.0,27.0,453.25,864.75,0.8044077205047083,3015548.997619935,0.005700022,0.01337315,0.01114599,0.008419113
08GA064,1988,9,85.16841392224978,0.3700000047683716,44.0,40.400001525878906,49.70111083984375,-123.09832763671876,generated_dem_fwa.AQEAAACTCRHTUsZewJM2S4WV2UhA,3610.9743589743593,,29.34816944599152,42.60838885338928,0.0,0.0,27.0,1088.75,784.9733333333335,0.6110613350678779,42608388.85338928,0.24815979999999999,0.45381640000000006,0.5369241,0.4674573
08GA076,2018,21,75.9235945584974,0.3490000069141388,52.9000015258789,52.79999923706055,49.6898193359375,-123.14647674560548,generated_dem_fwa.AQEAAABd_NrrXslewOi54x9G2EhA,3375.1020408163267,,28.17364730440981,51.80019663566541,0.0,0.0,27.0,990.25,803.8351648351648,0.6060533672576527,51800196.63566541,0.2209342,0.41574570000000005,0.3535417,0.29993059999999994
08GA077,2020,27,109.2083019938861,0.4050000011920929,68.5,63.0,49.520301818847656,-123.00404357910156,generated_dem_fwa.AQEAAAD5QiEyR8BewCnuH9uXwkhA,3640.7962962962956,,29.695088032419093,60.105998694928395,0.0,0.0,27.0,988.0,796.9423076923077,0.6731325813811959,60105998.69492839,0.3382642,0.6231988,0.7336085999999999,0.5755634
08GA078,2003,9,70.27201021009574,0.1589999943971634,48.29999923706055,65.80000305175781,49.48221969604492,-123.71083068847656,generated_dem_fwa.AQEAAABwBVYGfO1ewFYce7TAvUhA,3456.5,,20.091435099108537,62.32922490631962,0.0,0.0,27.0,976.0,802.9074074074074,0.7110388552351917,62329224.90631962,0.1032826,0.16156170000000003,0.1493014,0.12855070000000002
08GA079,2020,24,107.74730014773678,0.4889999926090241,102.0,82.9000015258789,49.4971694946289,-122.9691162109375,generated_dem_fwa.AQEAAAAvxmeCBr5ewNWE09Oev0hA,3622.7027027027034,,31.02671582575236,82.46533040011153,0.0,0.0,27.0,929.0,802.4335664335664,0.6596411190797167,82465330.40011153,0.315141,0.6182504,0.8106755,0.6260168
08GB003,1943,9,46.79760730202743,0.0,42.20000076293945,456.0,49.79499816894531,-124.31749725341795,generated_dem_fwa.AQEAAADrxovqTBRfwC5-dme95UhA,2188.75854214123,,23.911979306017024,455.86375781399147,0.0,0.0,27.0,683.25,849.3070283600492,0.6796486727676615,455863757.8139915,,,,
08GB007,1995,36,33.20367827526263,0.4040000140666961,29.60000038146973,128.0,49.797218322753906,-124.37999725341795,generated_dem_fwa.AQEAAACgspyvUhhfwN782ogU5khA,1656.895161290323,,12.76020910716079,127.27003541561298,0.0,0.0,27.0,440.5,880.7333333333332,0.7102971122987752,127270035.41561298,,,,
08GB014,2019,12,44.94460058174021,0.6069999933242798,26.899999618530284,135.0,49.8780288696289,-124.27835845947266,generated_dem_fwa.AQEAAAA7FPuH0RFfwDcJmbxl8EhA,1826.5396825396826,,17.332127548483975,133.42351854729188,0.0,0.0,27.0,478.5,877.6051502145923,0.6948645321129201,133423518.54729187,0.46017559999999996,0.8311295,0.6437478,0.5422709
08GC004,1980,2,14.953318015888584,0.0640000030398368,36.70000076293945,140.0,50.09278106689453,-124.6227798461914,generated_dem_fwa.AQEAAABjOCXAMyhfwGI019v5C0lA,2255.5984251968507,,31.064597218280678,127.73085436966072,0.0,0.0,27.0,737.375,823.1086956521739,0.6750812622833625,127730854.36966072,,,,
08GF006,2011,13,98.71805473298559,0.125,18.700000762939453,36.900001525878906,50.79689025878906,-126.0096435546875,generated_dem_fwa.AQEAAACQWkemmoBfwL3v_sn2ZUlA,3616.722222222222,,35.10678859685743,37.48827134721797,0.0,0.0,27.0,810.25,727.953125,0.6483078758100121,37488271.34721797,0.1836578,0.345508,0.5003867999999999,0.41048320000000005
08GF007,2018,9,113.10616221882927,12.399999618530273,335.0,698.0,51.10277938842773,-126.4749984741211,generated_dem_fwa.AQEAAADz1gUrap5fwBNW3Bg4jUlA,3763.6189111747854,,33.30964861625802,699.637680581434,41877952.05460256,0.059856627532982334,27.0,1010.875,690.3006939090207,0.646456092677671,699637680.581434,3.130964,8.156487,10.60094,8.459893
08MF018,1918,2,43.49637646469689,0.0989999994635582,3.4500000476837163,11.100000381469727,49.13861083984375,-121.83110809326172,generated_dem_fwa.AQEAAACJAYwTMXVewObHnL2skUhA,2265.5,,26.52056490110629,12.012495081486357,0.0,0.0,27.0,1025.5,864.3333333333335,0.5559979718060449,12012495.08148636,,,,
08MG001,2018,37,102.7825115509926,3.75,339.0,383.0,49.30002975463867,-121.9377670288086,generated_dem_fwa.AQEAAAAJdskmA3xewBAcg41spkhA,2875.832876712329,,30.273552470972056,383.07074388836156,263157.07648974605,0.0006869673048340072,27.0,846.5,849.0543318649045,0.6671124570299499,383070743.8883616,2.989071,4.42586,4.28567,3.7879620000000003
08MG023,1983,1,108.72770441157516,5.099999904632568,345.0,357.0,49.32971954345703,-121.97528076171876,generated_dem_fwa.AQEAAABCSU4Ua35ewIM7mX0zqkhA,2910.1925287356316,,30.55435917164171,366.9718011781287,263157.07648974605,0.0007171043541898992,27.0,862.75,847.2085235920853,0.6649419859157225,366971801.1781287,,,,
08MH002,2020,48,28.554512905422786,1.3300000429153442,104.0,238.0,49.26523971557617,-122.78150177001952,generated_dem_fwa.AQEAAADscT_dCbJewEkjcyD8oUhA,3882.432432432433,,27.65085113523948,233.456969034858,0.0,0.0,27.0,779.75,831.9354066985646,0.6710913290140869,233456969.03485796,0.4536023,1.046529,0.7907947,0.6006694
08MH004,1957,2,110.84490483760071,0.0710000023245811,13.800000190734865,19.200000762939453,49.35417175292969,-122.75694274902344,generated_dem_fwa.AQEAAADxeqrvbrBewH5_irBPrUhA,4063.2,,26.448083914067755,18.67474139903465,0.0,0.0,27.0,880.125,831.1923076923077,0.6821678045848014,18674741.399034657,,,,
08MH005,2016,47,21.95802047284156,2.390000104904175,50.599998474121094,233.0,49.23899841308594,-122.57975006103516,generated_dem_fwa.AQEAAABWtivOGqVewKF0_vqcnkhA,3209.6375545851533,,29.250822819148738,237.44534760875717,10721.072271049932,4.5151747039976674e-05,27.0,639.0,859.1377672209026,0.6671047414166511,237445347.6087572,0.47143329999999994,1.420434,0.8397336,0.5781843000000001
08MH006,2018,58,87.0680182006421,0.0719999969005584,31.10000038146973,37.29999923706055,49.24264907836914,-122.5801773071289,generated_dem_fwa.AQEAAADfepblIKVewOnAZVoKn0hA,2847.0344827586205,,14.693117365488034,32.653820476091106,0.0,0.0,27.0,536.75,871.3454545454546,0.722400418271264,32653820.476091105,0.07583108,0.1391302,0.12894529999999998,0.1027093
08MH010,1915,3,123.63863725979489,0.7080000042915344,32.799999237060554,50.79999923706055,49.38417053222656,-122.63443756103516,generated_dem_fwa.AQEAAADVJlMjwahewGWngEoFsUhA,3905.529411764706,,33.7548909612474,55.268591475776574,0.0,0.0,27.0,789.375,818.5204081632652,0.6692891690671753,55268591.47577658,0.6314806,0.8310892,0.8491968000000001,0.7378925999999999
08MH011,1911,4,133.01206682564938,21.200000762939453,360.0,1140.0,49.22943878173828,-122.3550033569336,generated.6046563,3176.194078947369,,31.757788060246988,955.364455237793,27967072.85595639,0.02927372135589376,27.0,966.125,839.3944738389183,0.6596158337770462,955364455.237793,34.60165,38.410959999999996,45.032920000000004,43.48144
08MH018,1985,19,30.78913432373877,0.0230000000447034,8.550000190734862,18.39999961853028,49.15610885620117,-122.8419418334961,generated_dem_fwa.AQEAAAAWlBbs7rVewHSILJDok0hA,1595.6470588235293,,1.4092112589340944,17.73523821220055,0.0,0.0,27.0,81.25,957.8125,0.7102206005729036,17735238.21220055,,,,
08MH020,1974,22,33.569645763752966,0.0680000036954879,16.399999618530273,34.400001525878906,49.14527893066406,-122.7994384765625,generated_dem_fwa.AQEAAACKb7FtNLNewH3fzKNzkkhA,1595.3870967741934,,1.954292663511657,34.848852644609075,0.0,0.0,27.0,73.75,956.1475409836064,0.7106954208453233,34848852.64460907,,,0.056466199999999994,0.04300292
08MH050,1962,10,31.70883232103446,0.2119999974966049,33.09999847412109,99.5,49.09582901000977,-122.6897201538086,generated_dem_fwa.AQEAAABsoSRXI6xewOeOlrQ2jEhA,1511.22,,1.5191547492970243,109.30708433195294,0.0,0.0,27.0,65.125,943.7329842931937,0.7052459894646309,109307084.33195291,0.1658802,0.2651595,0.2276962,0.1880592
08MH058,2006,36,98.6399511278974,0.5260000228881836,157.0,117.0,49.19028091430664,-122.15917205810548,generated_dem_fwa.AQEAAACDOk-2LYpewJQx9_ZSmEhA,3032.774774774775,,25.515880801200126,115.72953271083715,0.0,0.0,27.0,793.0,858.8229665071772,0.6753267849615828,115729532.71083716,0.6586876,1.175684,1.046602,0.8869207
08MH060,1962,1,32.69272918965336,0.06199999898672099,2.9200000762939453,13.0,49.17306137084961,-122.75556182861328,generated_dem_fwa.AQEAAACdeoGyWbBewLviYHEjlkhA,1660.166666666667,,1.6300228264062635,13.978642918207244,0.0,0.0,27.0,76.75,950.217391304348,0.7090793499931177,13978642.918207245,,,,
08MH076,2018,53,58.62127619142807,0.0860000029206276,24.10000038146973,47.70000076293945,49.20708847045898,-122.53661346435548,generated_dem_fwa.AQEAAACL_EtpVaJewBYzx5R9mkhA,2383.6976744186045,,8.487249302171929,46.86301616923071,0.0,0.0,27.0,270.75,902.25,0.7423875622733863,46863016.16923072,0.06746354,0.1197826,0.110385,0.09379737
08MH090,2018,49,31.313104702023775,0.1599999964237213,19.100000381469727,48.9000015258789,49.13354110717773,-122.59642791748048,generated_dem_fwa.AQEAAAAHxVTPKaZewNG7XaEikUhA,1620.2926829268292,,1.1326018846997126,46.36058570515365,0.0,0.0,27.0,90.125,939.4756097560976,0.7038060177153033,46360585.70515366,0.09936154,0.1803483,0.14533900000000002,0.11974760000000001
08MH097,1977,13,24.179417537322742,0.0149999996647238,2.2100000381469727,5.960000038146973,49.17721939086914,-122.6513900756836,generated_dem_fwa.AQEAAABB5KGtsqlewE3LkZOelkhA,1592.0,,1.8621810036711397,6.035012079536813,0.0,0.0,27.0,62.875,940.8,0.692715613269448,6035012.079536811,0.01210563,0.01620973,0.01562867,0.01480641
08MH098,2018,44,35.51100181660417,0.0140000004321336,4.869999885559082,11.399999618530273,49.14767074584961,-122.53186798095705,generated_dem_fwa.AQEAAABICdZFBaJewMb_uibmkkhA,1666.9,,1.049542049109936,11.522037361990176,0.0,0.0,27.0,83.125,939.529411764706,0.7015842561343644,11522037.361990178,0.01034048,0.01633121,0.01508821,0.01326127
08MH104,1986,21,26.05467937134147,0.1580000072717666,13.199999809265135,27.20000076293945,49.09278106689453,-122.68277740478516,generated_dem_fwa.AQEAAADCFsXvyatewAjxB1fOi0hA,1482.0,,1.2510484198794225,26.656394642174703,0.0,0.0,27.0,80.5,936.04,0.7056408976750281,26656394.642174706,0.1224799,0.1486675,0.1393583,0.1329356
08MH105,1983,18,27.981059042279615,0.0780000016093254,21.200000762939453,64.5,49.10055923461914,-122.64556121826172,generated_dem_fwa.AQEAAAA-VLBMU6lewBIIqxnojEhA,1522.6949152542375,,1.5582161023457357,65.42123901800599,0.0,0.0,27.0,65.125,944.8035714285713,0.7047880486196053,65421239.01800599,0.08672174,0.1211104,0.108727,0.09615008
08MH108,1978,11,80.72154651125042,0.0370000004768371,9.0600004196167,12.199999809265135,49.31888961791992,-122.54694366455078,generated_dem_fwa.AQEAAAALXT2yL6NewO-7evmDqEhA,2915.125,,13.31462229246443,11.926521628384664,0.0,0.0,27.0,533.375,872.3888888888888,0.711226919006617,11926521.628384665,0.02255361,0.03752598,0.0423005,0.03402064
08MH141,2018,36,136.48115562407614,0.3129999935626984,70.5999984741211,52.5,49.48794174194336,-122.79251098632812,generated_dem_fwa.AQEAAADNr-u5urJewE8rxKRxvkhA,4625.022727272727,,31.681869339123768,49.34543653944931,0.0,0.0,27.0,1034.75,788.7126436781608,0.6587621245944201,49345436.53944931,0.2981667,0.567274,0.5619174,0.4420295
08MH150,2006,19,100.44246418035398,0.9629999995231628,63.099998474121094,78.19999694824219,49.23971939086914,-122.1272201538086,generated_dem_fwa.AQEAAAAB-TM4IYhewNO3_9qXnkhA,3103.184210526316,,24.905672531220784,78.62579358873082,0.0,0.0,27.0,847.5,848.3687943262413,0.6705671261202653,78625793.58873081,0.7253701,1.163909,1.0996780000000002,0.9384624
08MH152,2012,5,24.279840486038047,0.0240000002086162,10.600000381469727,46.599998474121094,49.00239181518555,-122.52339935302734,generated_dem.AQEAAAD3s7NDl6FewEOVNxMVgEhA,1576.5609756097558,,1.3259822031346156,45.025006687650134,0.0,0.0,27.0,97.5,939.6582278481012,0.7119564323851917,45025006.687650144,0.01003019,0.01749603,0.01908586,0.01480309
08MH155,2017,32,28.592465704796776,0.2090000063180923,26.60000038146973,70.0,49.09569931030274,-122.66008758544922,generated_dem_fwa.AQEAAAAkYwZBP6pewF8SHbg5jEhA,1519.8461538461538,,1.5463496973358823,71.06330122443303,0.0,0.0,27.0,63.5,944.99173553719,0.7041668141727958,71063301.22443303,0.1317067,0.18547650000000002,0.17982379999999998,0.1616948
