station_number,year,mean,min_month,min,max_month,max,drainage_area_gross,average_slope,temperature_data,glacial_coverage,glacial_area,watershed_area,potential_evapotranspiration_thornthwaite,potential_evapotranspiration_hamon,hydrological_zone,annual_precipitation,median_elevation,aspect,solar_exposure,latitude,longitude,drainage_area
08DA006,1968,7.110000133514403,2.0,0.15000000596046448,5.0,131.0,,,"[[-12.535284930000001, -5.778590874, -9.156937902000001], [-10.430048804, -3.055364438, -6.742706621], [-8.78919552, -0.8611173619999999, -4.825156441], [-5.173825048, 2.663207624, -1.2553087120000002], [-0.774649582, 8.105082789999999, 3.6652166039999994], [3.129116368, 12.976779242, 8.052947804999999], [5.147884714000001, 14.507767582, 9.827826148], [5.338622464, 14.340935629999999, 9.839779047], [1.893135748, 9.437195235999999, 5.665165492], [-2.34225957, 3.4200550160000005, 0.5388977230000003], [-8.135092196, -2.35497542, -5.2450338080000005], [-11.262682662000001, -5.029881626, -8.146282144]]",0.4503993056290443,16625096.141442692,11401266.70805142,411.296989620203,295.42003165510425,1.0,2759.1341610863105,,,,56.25556182861328,-130.06527709960938,11.401266708051422
08DA006,1969,6.550000190734862,2.0,0.125,6.0,38.20000076293945,,,"[[-12.535284930000001, -5.778590874, -9.156937902000001], [-10.430048804, -3.055364438, -6.742706621], [-8.78919552, -0.8611173619999999, -4.825156441], [-5.173825048, 2.663207624, -1.2553087120000002], [-0.774649582, 8.105082789999999, 3.6652166039999994], [3.129116368, 12.976779242, 8.052947804999999], [5.147884714000001, 14.507767582, 9.827826148], [5.338622464, 14.340935629999999, 9.839779047], [1.893135748, 9.437195235999999, 5.665165492], [-2.34225957, 3.4200550160000005, 0.5388977230000003], [-8.135092196, -2.35497542, -5.2450338080000005], [-11.262682662000001, -5.029881626, -8.146282144]]",0.4503993056290443,16625096.141442692,11401266.70805142,411.296989620203,295.42003165510425,1.0,2759.1341610863105,,,,56.25556182861328,-130.06527709960938,11.401266708051422
08DA006,1970,5.150000095367432,3.0,0.2660000026226044,8.0,28.29999923706055,,,"[[-12.535284930000001, -5.778590874, -9.156937902000001], [-10.430048804, -3.055364438, -6.742706621], [-8.78919552, -0.8611173619999999, -4.825156441], [-5.173825048, 2.663207624, -1.2553087120000002], [-0.774649582, 8.105082789999999, 3.6652166039999994], [3.129116368, 12.976779242, 8.052947804999999], [5.147884714000001, 14.507767582, 9.827826148], [5.338622464, 14.340935629999999, 9.839779047], [1.893135748, 9.437195235999999, 5.665165492], [-2.34225957, 3.4200550160000005, 0.5388977230000003], [-8.135092196, -2.35497542, -5.2450338080000005], [-11.262682662000001, -5.029881626, -8.146282144]]",0.4503993056290443,16625096.141442692,11401266.70805142,411.296989620203,295.42003165510425,1.0,2759.1341610863105,,,,56.25556182861328,-130.06527709960938,11.401266708051422
08DA006,1971,6.1500000953674325,4.0,0.2380000054836273,8.0,48.4000015258789,,,"[[-12.535284930000001, -5.778590874, -9.156937902000001], [-10.430048804, -3.055364438, -6.742706621], [-8.78919552, -0.8611173619999999, -4.825156441], [-5.173825048, 2.663207624, -1.2553087120000002], [-0.774649582, 8.105082789999999, 3.6652166039999994], [3.129116368, 12.976779242, 8.052947804999999], [5.147884714000001, 14.507767582, 9.827826148], [5.338622464, 14.340935629999999, 9.839779047], [1.893135748, 9.437195235999999, 5.665165492], [-2.34225957, 3.4200550160000005, 0.5388977230000003], [-8.135092196, -2.35497542, -5.2450338080000005], [-11.262682662000001, -5.029881626, -8.146282144]]",0.4503993056290443,16625096.141442692,11401266.70805142,411.296989620203,295.42003165510425,1.0,2759.1341610863105,,,,56.25556182861328,-130.06527709960938,11.401266708051422
08DA006,1972,5.369999885559082,3.0,0.2440000027418137,8.0,30.0,,,"[[-12.535284930000001, -5.778590874, -9.156937902000001], [-10.430048804, -3.055364438, -6.742706621], [-8.78919552, -0.8611173619999999, -4.825156441], [-5.173825048, 2.663207624, -1.2553087120000002], [-0.774649582, 8.105082789999999, 3.6652166039999994], [3.129116368, 12.976779242, 8.052947804999999], [5.147884714000001, 14.507767582, 9.827826148], [5.338622464, 14.340935629999999, 9.839779047], [1.893135748, 9.437195235999999, 5.665165492], [-2.34225957, 3.4200550160000005, 0.5388977230000003], [-8.135092196, -2.35497542, -5.2450338080000005], [-11.262682662000001, -5.029881626, -8.146282144]]",0.4503993056290443,16625096.141442692,11401266.70805142,411.296989620203,295.42003165510425,1.0,2759.1341610863105,,,,56.25556182861328,-130.06527709960938,11.401266708051422
08DA011,1997,0.3100000023841858,1.0,0.0070000002160668364,6.0,1.9700000286102293,,14.481806655967025,"[[-12.019530054, -5.384908158, -8.702219106000001], [-9.327838926, -1.47249543, -5.400167178], [-6.486609402, 2.619973734, -1.933317834], [-2.442969102, 7.39299519, 2.4750130439999998], [1.765468614, 13.316546753999999, 7.541007683999999], [5.848782366, 17.985806874, 11.91729462], [7.48454931, 19.215683886, 13.350116598], [7.45403127, 18.82200117, 13.13801622], [3.968871102, 13.411152677999999, 8.69001189], [-0.172426926, 6.633095994, 3.230334534], [-5.9922171539999995, -0.340276146, -3.1662466499999997], [-10.148774202, -4.319828562, -7.234301382]]",0.0,0.0,491680.6792056503,491.9071243175344,353.7373921633194,1.0,1068.58203125,558.7297297297297,0.30124532977907137,0.736411309356415,56.29444122314453,-129.24166870117188,0.4916806792056503
08DA011,1998,0.28200000524520874,1.0,0.017000000923871994,5.0,2.7300000190734863,,14.481806655967025,"[[-12.019530054, -5.384908158, -8.702219106000001], [-9.327838926, -1.47249543, -5.400167178], [-6.486609402, 2.619973734, -1.933317834], [-2.442969102, 7.39299519, 2.4750130439999998], [1.765468614, 13.316546753999999, 7.541007683999999], [5.848782366, 17.985806874, 11.91729462], [7.48454931, 19.215683886, 13.350116598], [7.45403127, 18.82200117, 13.13801622], [3.968871102, 13.411152677999999, 8.69001189], [-0.172426926, 6.633095994, 3.230334534], [-5.9922171539999995, -0.340276146, -3.1662466499999997], [-10.148774202, -4.319828562, -7.234301382]]",0.0,0.0,491680.6792056503,491.9071243175344,353.7373921633194,1.0,1068.58203125,558.7297297297297,0.30124532977907137,0.736411309356415,56.29444122314453,-129.24166870117188,0.4916806792056503
08DA012,1997,0.1850000023841858,1.0,0.0,6.0,1.2200000286102295,8.640000343322754,25.55350767594325,"[[-12.38269473, -5.627526576, -9.005110653000001], [-9.752039682, -1.882963068, -5.817501375], [-7.132065948, 1.8692299500000003, -2.631417999], [-3.10521057, 6.396581184, 1.6456853070000002], [1.1505301079999999, 12.266726177999999, 6.708628142999999], [5.229266153999999, 17.007703692, 11.118484923], [6.938276394000001, 18.309298098, 12.623787246], [6.947431806, 17.949185226, 12.448308516], [3.422598186, 12.607002324, 8.014800255], [-0.744640176, 5.926603368, 2.590981596], [-6.578163522, -0.851453316, -3.7148084189999997], [-10.58975988, -4.61585355, -7.602806715]]",0.0,0.0,6213982.211401967,474.86007643930606,339.0452371104293,1.0,1263.7879356971198,900.0913043478259,23.572220161963205,0.9342210841918296,56.292518615722656,-129.22950744628906,6.213982211401968
08DA012,1998,0.1899999976158142,1.0,0.001000000047497451,5.0,1.5299999713897705,8.640000343322754,25.55350767594325,"[[-12.38269473, -5.627526576, -9.005110653000001], [-9.752039682, -1.882963068, -5.817501375], [-7.132065948, 1.8692299500000003, -2.631417999], [-3.10521057, 6.396581184, 1.6456853070000002], [1.1505301079999999, 12.266726177999999, 6.708628142999999], [5.229266153999999, 17.007703692, 11.118484923], [6.938276394000001, 18.309298098, 12.623787246], [6.947431806, 17.949185226, 12.448308516], [3.422598186, 12.607002324, 8.014800255], [-0.744640176, 5.926603368, 2.590981596], [-6.578163522, -0.851453316, -3.7148084189999997], [-10.58975988, -4.61585355, -7.602806715]]",0.0,0.0,6213982.211401967,474.86007643930606,339.0452371104293,1.0,1263.7879356971198,900.0913043478259,23.572220161963205,0.9342210841918296,56.292518615722656,-129.22950744628906,6.213982211401968
08DB012,1988,0.2280000001192093,2.0,0.020999999716877937,10.0,2.549999952316284,4.679999828338623,11.449715665519076,"[[-9.23933661, -3.2852670059999998, -6.262301808], [-7.131302997000001, -0.43030436400000005, -3.7808036805000005], [-5.2620730469999994, 2.350652031, -1.4557105079999997], [-2.121766731, 6.150148011, 2.01419064], [1.904325696, 11.670861447, 6.7875935715], [5.651941008, 15.925076223, 10.7885086155], [7.485312261, 17.344165083, 12.414738672], [7.730982482999999, 17.174789961, 12.452886221999998], [4.345768896, 12.510870498, 8.428319697], [0.29907679200000004, 6.305027064, 3.302051928], [-4.625771913, 0.523384386, -2.0511937635], [-7.887387437999999, -2.546730438, -5.217058937999999]]",0.0,0.0,2380404.229696879,476.1246253850163,360.78849330419536,1.0,2376.75947265625,677.2364016736402,282.7902941869985,0.6499933072878951,55.41889190673828,-129.41583251953122,2.3804042296968797
08DB012,1989,0.22499999403953552,8.0,0.017000000923871994,11.0,1.4199999570846558,4.679999828338623,11.449715665519076,"[[-9.23933661, -3.2852670059999998, -6.262301808], [-7.131302997000001, -0.43030436400000005, -3.7808036805000005], [-5.2620730469999994, 2.350652031, -1.4557105079999997], [-2.121766731, 6.150148011, 2.01419064], [1.904325696, 11.670861447, 6.7875935715], [5.651941008, 15.925076223, 10.7885086155], [7.485312261, 17.344165083, 12.414738672], [7.730982482999999, 17.174789961, 12.452886221999998], [4.345768896, 12.510870498, 8.428319697], [0.29907679200000004, 6.305027064, 3.302051928], [-4.625771913, 0.523384386, -2.0511937635], [-7.887387437999999, -2.546730438, -5.217058937999999]]",0.0,0.0,2380404.229696879,476.1246253850163,360.78849330419536,1.0,2376.75947265625,677.2364016736402,282.7902941869985,0.6499933072878951,55.41889190673828,-129.41583251953122,2.3804042296968797
08DB012,1990,0.2169999927282333,8.0,0.010999999940395357,10.0,1.5299999713897705,4.679999828338623,11.449715665519076,"[[-9.23933661, -3.2852670059999998, -6.262301808], [-7.131302997000001, -0.43030436400000005, -3.7808036805000005], [-5.2620730469999994, 2.350652031, -1.4557105079999997], [-2.121766731, 6.150148011, 2.01419064], [1.904325696, 11.670861447, 6.7875935715], [5.651941008, 15.925076223, 10.7885086155], [7.485312261, 17.344165083, 12.414738672], [7.730982482999999, 17.174789961, 12.452886221999998], [4.345768896, 12.510870498, 8.428319697], [0.29907679200000004, 6.305027064, 3.302051928], [-4.625771913, 0.523384386, -2.0511937635], [-7.887387437999999, -2.546730438, -5.217058937999999]]",0.0,0.0,2380404.229696879,476.1246253850163,360.78849330419536,1.0,2376.75947265625,677.2364016736402,282.7902941869985,0.6499933072878951,55.41889190673828,-129.41583251953122,2.3804042296968797
08DB012,1991,0.3179999887943268,8.0,0.019999999552965164,10.0,8.84000015258789,4.679999828338623,11.449715665519076,"[[-9.23933661, -3.2852670059999998, -6.262301808], [-7.131302997000001, -0.43030436400000005, -3.7808036805000005], [-5.2620730469999994, 2.350652031, -1.4557105079999997], [-2.121766731, 6.150148011, 2.01419064], [1.904325696, 11.670861447, 6.7875935715], [5.651941008, 15.925076223, 10.7885086155], [7.485312261, 17.344165083, 12.414738672], [7.730982482999999, 17.174789961, 12.452886221999998], [4.345768896, 12.510870498, 8.428319697], [0.29907679200000004, 6.305027064, 3.302051928], [-4.625771913, 0.523384386, -2.0511937635], [-7.887387437999999, -2.546730438, -5.217058937999999]]",0.0,0.0,2380404.229696879,476.1246253850163,360.78849330419536,1.0,2376.75947265625,677.2364016736402,282.7902941869985,0.6499933072878951,55.41889190673828,-129.41583251953122,2.3804042296968797
08DB012,1992,0.24699999392032626,8.0,0.004000000189989804,9.0,2.3499999046325684,4.679999828338623,11.449715665519076,"[[-9.23933661, -3.2852670059999998, -6.262301808], [-7.131302997000001, -0.43030436400000005, -3.7808036805000005], [-5.2620730469999994, 2.350652031, -1.4557105079999997], [-2.121766731, 6.150148011, 2.01419064], [1.904325696, 11.670861447, 6.7875935715], [5.651941008, 15.925076223, 10.7885086155], [7.485312261, 17.344165083, 12.414738672], [7.730982482999999, 17.174789961, 12.452886221999998], [4.345768896, 12.510870498, 8.428319697], [0.29907679200000004, 6.305027064, 3.302051928], [-4.625771913, 0.523384386, -2.0511937635], [-7.887387437999999, -2.546730438, -5.217058937999999]]",0.0,0.0,2380404.229696879,476.1246253850163,360.78849330419536,1.0,2376.75947265625,677.2364016736402,282.7902941869985,0.6499933072878951,55.41889190673828,-129.41583251953122,2.3804042296968797
08DB012,1993,0.20900000631809235,1.0,0.003000000026077032,11.0,2.630000114440918,4.679999828338623,11.449715665519076,"[[-9.23933661, -3.2852670059999998, -6.262301808], [-7.131302997000001, -0.43030436400000005, -3.7808036805000005], [-5.2620730469999994, 2.350652031, -1.4557105079999997], [-2.121766731, 6.150148011, 2.01419064], [1.904325696, 11.670861447, 6.7875935715], [5.651941008, 15.925076223, 10.7885086155], [7.485312261, 17.344165083, 12.414738672], [7.730982482999999, 17.174789961, 12.452886221999998], [4.345768896, 12.510870498, 8.428319697], [0.29907679200000004, 6.305027064, 3.302051928], [-4.625771913, 0.523384386, -2.0511937635], [-7.887387437999999, -2.546730438, -5.217058937999999]]",0.0,0.0,2380404.229696879,476.1246253850163,360.78849330419536,1.0,2376.75947265625,677.2364016736402,282.7902941869985,0.6499933072878951,55.41889190673828,-129.41583251953122,2.3804042296968797
08DB012,1994,0.19499999284744265,8.0,0.024000000208616257,10.0,1.4500000476837158,4.679999828338623,11.449715665519076,"[[-9.23933661, -3.2852670059999998, -6.262301808], [-7.131302997000001, -0.43030436400000005, -3.7808036805000005], [-5.2620730469999994, 2.350652031, -1.4557105079999997], [-2.121766731, 6.150148011, 2.01419064], [1.904325696, 11.670861447, 6.7875935715], [5.651941008, 15.925076223, 10.7885086155], [7.485312261, 17.344165083, 12.414738672], [7.730982482999999, 17.174789961, 12.452886221999998], [4.345768896, 12.510870498, 8.428319697], [0.29907679200000004, 6.305027064, 3.302051928], [-4.625771913, 0.523384386, -2.0511937635], [-7.887387437999999, -2.546730438, -5.217058937999999]]",0.0,0.0,2380404.229696879,476.1246253850163,360.78849330419536,1.0,2376.75947265625,677.2364016736402,282.7902941869985,0.6499933072878951,55.41889190673828,-129.41583251953122,2.3804042296968797
08DB012,1995,0.1589999943971634,2.0,0.019999999552965164,5.0,1.0700000524520874,4.679999828338623,11.449715665519076,"[[-9.23933661, -3.2852670059999998, -6.262301808], [-7.131302997000001, -0.43030436400000005, -3.7808036805000005], [-5.2620730469999994, 2.350652031, -1.4557105079999997], [-2.121766731, 6.150148011, 2.01419064], [1.904325696, 11.670861447, 6.7875935715], [5.651941008, 15.925076223, 10.7885086155], [7.485312261, 17.344165083, 12.414738672], [7.730982482999999, 17.174789961, 12.452886221999998], [4.345768896, 12.510870498, 8.428319697], [0.29907679200000004, 6.305027064, 3.302051928], [-4.625771913, 0.523384386, -2.0511937635], [-7.887387437999999, -2.546730438, -5.217058937999999]]",0.0,0.0,2380404.229696879,476.1246253850163,360.78849330419536,1.0,2376.75947265625,677.2364016736402,282.7902941869985,0.6499933072878951,55.41889190673828,-129.41583251953122,2.3804042296968797
08DB013,2011,4.427000045776367,1.0,4.269000053405762,1.0,4.857999801635742,26.0,16.54070388984375,"[[-7.838558574, -2.22527375, -5.031916162], [-5.632104282, 0.7990640140000002, -2.416520134], [-3.563998438, 3.965819298, 0.20091042999999997], [-0.579334126, 7.999286918, 3.709976396], [3.287301542, 13.482361437999998, 8.38483149], [6.9657426299999985, 17.426309474, 12.196026051999999], [8.744944361999998, 18.818949366000002, 13.781946864], [9.015537649999999, 18.721291638, 13.868414644], [5.662622322, 14.123240277999999, 9.892931299999999], [1.699346194, 7.817195945999999, 4.758271069999999], [-2.9973801620000002, 1.910937938, -0.5432211120000001], [-6.398107086, -1.3992521340000001, -3.8986796100000003]]",0.00017155315088668616,6756.053270967002,22263121.841539226,509.0727823181537,397.70212281338416,1.0,2119.97078857422,1043.9897879025923,285.39576781024687,0.2995401748616389,55.129859924316406,-129.35493469238278,22.263121841539224
08DB013,2012,4.418000221252441,3.0,4.290999889373778,6.0,4.763999938964844,26.0,16.54070388984375,"[[-7.838558574, -2.22527375, -5.031916162], [-5.632104282, 0.7990640140000002, -2.416520134], [-3.563998438, 3.965819298, 0.20091042999999997], [-0.579334126, 7.999286918, 3.709976396], [3.287301542, 13.482361437999998, 8.38483149], [6.9657426299999985, 17.426309474, 12.196026051999999], [8.744944361999998, 18.818949366000002, 13.781946864], [9.015537649999999, 18.721291638, 13.868414644], [5.662622322, 14.123240277999999, 9.892931299999999], [1.699346194, 7.817195945999999, 4.758271069999999], [-2.9973801620000002, 1.910937938, -0.5432211120000001], [-6.398107086, -1.3992521340000001, -3.8986796100000003]]",0.00017155315088668616,6756.053270967002,22263121.841539226,509.0727823181537,397.70212281338416,1.0,2119.97078857422,1043.9897879025923,285.39576781024687,0.2995401748616389,55.129859924316406,-129.35493469238278,22.263121841539224
08DB013,2013,4.420000076293945,3.0,4.2880001068115225,12.0,4.872000217437744,26.0,16.54070388984375,"[[-7.838558574, -2.22527375, -5.031916162], [-5.632104282, 0.7990640140000002, -2.416520134], [-3.563998438, 3.965819298, 0.20091042999999997], [-0.579334126, 7.999286918, 3.709976396], [3.287301542, 13.482361437999998, 8.38483149], [6.9657426299999985, 17.426309474, 12.196026051999999], [8.744944361999998, 18.818949366000002, 13.781946864], [9.015537649999999, 18.721291638, 13.868414644], [5.662622322, 14.123240277999999, 9.892931299999999], [1.699346194, 7.817195945999999, 4.758271069999999], [-2.9973801620000002, 1.910937938, -0.5432211120000001], [-6.398107086, -1.3992521340000001, -3.8986796100000003]]",0.00017155315088668616,6756.053270967002,22263121.841539226,509.0727823181537,397.70212281338416,1.0,2119.97078857422,1043.9897879025923,285.39576781024687,0.2995401748616389,55.129859924316406,-129.35493469238278,22.263121841539224
08DB013,2014,4.440000057220459,2.0,4.2729997634887695,2.0,4.807000160217285,26.0,16.54070388984375,"[[-7.838558574, -2.22527375, -5.031916162], [-5.632104282, 0.7990640140000002, -2.416520134], [-3.563998438, 3.965819298, 0.20091042999999997], [-0.579334126, 7.999286918, 3.709976396], [3.287301542, 13.482361437999998, 8.38483149], [6.9657426299999985, 17.426309474, 12.196026051999999], [8.744944361999998, 18.818949366000002, 13.781946864], [9.015537649999999, 18.721291638, 13.868414644], [5.662622322, 14.123240277999999, 9.892931299999999], [1.699346194, 7.817195945999999, 4.758271069999999], [-2.9973801620000002, 1.910937938, -0.5432211120000001], [-6.398107086, -1.3992521340000001, -3.8986796100000003]]",0.00017155315088668616,6756.053270967002,22263121.841539226,509.0727823181537,397.70212281338416,1.0,2119.97078857422,1043.9897879025923,285.39576781024687,0.2995401748616389,55.129859924316406,-129.35493469238278,22.263121841539224
08DB013,2015,4.480999946594238,3.0,4.328999996185304,12.0,4.836999893188477,26.0,16.54070388984375,"[[-7.838558574, -2.22527375, -5.031916162], [-5.632104282, 0.7990640140000002, -2.416520134], [-3.563998438, 3.965819298, 0.20091042999999997], [-0.579334126, 7.999286918, 3.709976396], [3.287301542, 13.482361437999998, 8.38483149], [6.9657426299999985, 17.426309474, 12.196026051999999], [8.744944361999998, 18.818949366000002, 13.781946864], [9.015537649999999, 18.721291638, 13.868414644], [5.662622322, 14.123240277999999, 9.892931299999999], [1.699346194, 7.817195945999999, 4.758271069999999], [-2.9973801620000002, 1.910937938, -0.5432211120000001], [-6.398107086, -1.3992521340000001, -3.8986796100000003]]",0.00017155315088668616,6756.053270967002,22263121.841539226,509.0727823181537,397.70212281338416,1.0,2119.97078857422,1043.9897879025923,285.39576781024687,0.2995401748616389,55.129859924316406,-129.35493469238278,22.263121841539224
08DB013,2016,4.499000072479248,12.0,4.39300012588501,12.0,4.827000141143799,26.0,16.54070388984375,"[[-7.838558574, -2.22527375, -5.031916162], [-5.632104282, 0.7990640140000002, -2.416520134], [-3.563998438, 3.965819298, 0.20091042999999997], [-0.579334126, 7.999286918, 3.709976396], [3.287301542, 13.482361437999998, 8.38483149], [6.9657426299999985, 17.426309474, 12.196026051999999], [8.744944361999998, 18.818949366000002, 13.781946864], [9.015537649999999, 18.721291638, 13.868414644], [5.662622322, 14.123240277999999, 9.892931299999999], [1.699346194, 7.817195945999999, 4.758271069999999], [-2.9973801620000002, 1.910937938, -0.5432211120000001], [-6.398107086, -1.3992521340000001, -3.8986796100000003]]",0.00017155315088668616,6756.053270967002,22263121.841539226,509.0727823181537,397.70212281338416,1.0,2119.97078857422,1043.9897879025923,285.39576781024687,0.2995401748616389,55.129859924316406,-129.35493469238278,22.263121841539224
08DB013,2018,4.480999946594238,3.0,4.361999988555908,12.0,4.7230000495910645,26.0,16.54070388984375,"[[-7.838558574, -2.22527375, -5.031916162], [-5.632104282, 0.7990640140000002, -2.416520134], [-3.563998438, 3.965819298, 0.20091042999999997], [-0.579334126, 7.999286918, 3.709976396], [3.287301542, 13.482361437999998, 8.38483149], [6.9657426299999985, 17.426309474, 12.196026051999999], [8.744944361999998, 18.818949366000002, 13.781946864], [9.015537649999999, 18.721291638, 13.868414644], [5.662622322, 14.123240277999999, 9.892931299999999], [1.699346194, 7.817195945999999, 4.758271069999999], [-2.9973801620000002, 1.910937938, -0.5432211120000001], [-6.398107086, -1.3992521340000001, -3.8986796100000003]]",0.00017155315088668616,6756.053270967002,22263121.841539226,509.0727823181537,397.70212281338416,1.0,2119.97078857422,1043.9897879025923,285.39576781024687,0.2995401748616389,55.129859924316406,-129.35493469238278,22.263121841539224
08DB013,1997,1.0,1.0,0.1449999958276749,6.0,5.9000000953674325,26.0,16.54070388984375,"[[-7.838558574, -2.22527375, -5.031916162], [-5.632104282, 0.7990640140000002, -2.416520134], [-3.563998438, 3.965819298, 0.20091042999999997], [-0.579334126, 7.999286918, 3.709976396], [3.287301542, 13.482361437999998, 8.38483149], [6.9657426299999985, 17.426309474, 12.196026051999999], [8.744944361999998, 18.818949366000002, 13.781946864], [9.015537649999999, 18.721291638, 13.868414644], [5.662622322, 14.123240277999999, 9.892931299999999], [1.699346194, 7.817195945999999, 4.758271069999999], [-2.9973801620000002, 1.910937938, -0.5432211120000001], [-6.398107086, -1.3992521340000001, -3.8986796100000003]]",0.00017155315088668616,6756.053270967002,22263121.841539226,509.0727823181537,397.70212281338416,1.0,2119.97078857422,1043.9897879025923,285.39576781024687,0.2995401748616389,55.129859924316406,-129.35493469238278,22.263121841539224
08DB013,1998,0.6349999904632568,4.0,0.15399999916553495,5.0,6.46999979019165,26.0,16.54070388984375,"[[-7.838558574, -2.22527375, -5.031916162], [-5.632104282, 0.7990640140000002, -2.416520134], [-3.563998438, 3.965819298, 0.20091042999999997], [-0.579334126, 7.999286918, 3.709976396], [3.287301542, 13.482361437999998, 8.38483149], [6.9657426299999985, 17.426309474, 12.196026051999999], [8.744944361999998, 18.818949366000002, 13.781946864], [9.015537649999999, 18.721291638, 13.868414644], [5.662622322, 14.123240277999999, 9.892931299999999], [1.699346194, 7.817195945999999, 4.758271069999999], [-2.9973801620000002, 1.910937938, -0.5432211120000001], [-6.398107086, -1.3992521340000001, -3.8986796100000003]]",0.00017155315088668616,6756.053270967002,22263121.841539226,509.0727823181537,397.70212281338416,1.0,2119.97078857422,1043.9897879025923,285.39576781024687,0.2995401748616389,55.129859924316406,-129.35493469238278,22.263121841539224
08DB013,1999,1.2000000476837158,2.0,0.11800000071525575,10.0,10.600000381469727,26.0,16.54070388984375,"[[-7.838558574, -2.22527375, -5.031916162], [-5.632104282, 0.7990640140000002, -2.416520134], [-3.563998438, 3.965819298, 0.20091042999999997], [-0.579334126, 7.999286918, 3.709976396], [3.287301542, 13.482361437999998, 8.38483149], [6.9657426299999985, 17.426309474, 12.196026051999999], [8.744944361999998, 18.818949366000002, 13.781946864], [9.015537649999999, 18.721291638, 13.868414644], [5.662622322, 14.123240277999999, 9.892931299999999], [1.699346194, 7.817195945999999, 4.758271069999999], [-2.9973801620000002, 1.910937938, -0.5432211120000001], [-6.398107086, -1.3992521340000001, -3.8986796100000003]]",0.00017155315088668616,6756.053270967002,22263121.841539226,509.0727823181537,397.70212281338416,1.0,2119.97078857422,1043.9897879025923,285.39576781024687,0.2995401748616389,55.129859924316406,-129.35493469238278,22.263121841539224
08DB013,2000,1.0399999618530271,3.0,0.2300000041723252,9.0,7.619999885559082,26.0,16.54070388984375,"[[-7.838558574, -2.22527375, -5.031916162], [-5.632104282, 0.7990640140000002, -2.416520134], [-3.563998438, 3.965819298, 0.20091042999999997], [-0.579334126, 7.999286918, 3.709976396], [3.287301542, 13.482361437999998, 8.38483149], [6.9657426299999985, 17.426309474, 12.196026051999999], [8.744944361999998, 18.818949366000002, 13.781946864], [9.015537649999999, 18.721291638, 13.868414644], [5.662622322, 14.123240277999999, 9.892931299999999], [1.699346194, 7.817195945999999, 4.758271069999999], [-2.9973801620000002, 1.910937938, -0.5432211120000001], [-6.398107086, -1.3992521340000001, -3.8986796100000003]]",0.00017155315088668616,6756.053270967002,22263121.841539226,509.0727823181537,397.70212281338416,1.0,2119.97078857422,1043.9897879025923,285.39576781024687,0.2995401748616389,55.129859924316406,-129.35493469238278,22.263121841539224
08DB013,2001,0.9470000267028807,3.0,0.16599999368190765,6.0,5.400000095367432,26.0,16.54070388984375,"[[-7.838558574, -2.22527375, -5.031916162], [-5.632104282, 0.7990640140000002, -2.416520134], [-3.563998438, 3.965819298, 0.20091042999999997], [-0.579334126, 7.999286918, 3.709976396], [3.287301542, 13.482361437999998, 8.38483149], [6.9657426299999985, 17.426309474, 12.196026051999999], [8.744944361999998, 18.818949366000002, 13.781946864], [9.015537649999999, 18.721291638, 13.868414644], [5.662622322, 14.123240277999999, 9.892931299999999], [1.699346194, 7.817195945999999, 4.758271069999999], [-2.9973801620000002, 1.910937938, -0.5432211120000001], [-6.398107086, -1.3992521340000001, -3.8986796100000003]]",0.00017155315088668616,6756.053270967002,22263121.841539226,509.0727823181537,397.70212281338416,1.0,2119.97078857422,1043.9897879025923,285.39576781024687,0.2995401748616389,55.129859924316406,-129.35493469238278,22.263121841539224
08DB013,2002,1.4800000190734863,3.0,0.1169999986886978,10.0,21.0,26.0,16.54070388984375,"[[-7.838558574, -2.22527375, -5.031916162], [-5.632104282, 0.7990640140000002, -2.416520134], [-3.563998438, 3.965819298, 0.20091042999999997], [-0.579334126, 7.999286918, 3.709976396], [3.287301542, 13.482361437999998, 8.38483149], [6.9657426299999985, 17.426309474, 12.196026051999999], [8.744944361999998, 18.818949366000002, 13.781946864], [9.015537649999999, 18.721291638, 13.868414644], [5.662622322, 14.123240277999999, 9.892931299999999], [1.699346194, 7.817195945999999, 4.758271069999999], [-2.9973801620000002, 1.910937938, -0.5432211120000001], [-6.398107086, -1.3992521340000001, -3.8986796100000003]]",0.00017155315088668616,6756.053270967002,22263121.841539226,509.0727823181537,397.70212281338416,1.0,2119.97078857422,1043.9897879025923,285.39576781024687,0.2995401748616389,55.129859924316406,-129.35493469238278,22.263121841539224
08DB013,2003,0.9760000109672546,3.0,0.1679999977350235,10.0,28.10000038146973,26.0,16.54070388984375,"[[-7.838558574, -2.22527375, -5.031916162], [-5.632104282, 0.7990640140000002, -2.416520134], [-3.563998438, 3.965819298, 0.20091042999999997], [-0.579334126, 7.999286918, 3.709976396], [3.287301542, 13.482361437999998, 8.38483149], [6.9657426299999985, 17.426309474, 12.196026051999999], [8.744944361999998, 18.818949366000002, 13.781946864], [9.015537649999999, 18.721291638, 13.868414644], [5.662622322, 14.123240277999999, 9.892931299999999], [1.699346194, 7.817195945999999, 4.758271069999999], [-2.9973801620000002, 1.910937938, -0.5432211120000001], [-6.398107086, -1.3992521340000001, -3.8986796100000003]]",0.00017155315088668616,6756.053270967002,22263121.841539226,509.0727823181537,397.70212281338416,1.0,2119.97078857422,1043.9897879025923,285.39576781024687,0.2995401748616389,55.129859924316406,-129.35493469238278,22.263121841539224
08DB013,2004,1.1299999952316284,2.0,0.13600000739097595,11.0,10.600000381469727,26.0,16.54070388984375,"[[-7.838558574, -2.22527375, -5.031916162], [-5.632104282, 0.7990640140000002, -2.416520134], [-3.563998438, 3.965819298, 0.20091042999999997], [-0.579334126, 7.999286918, 3.709976396], [3.287301542, 13.482361437999998, 8.38483149], [6.9657426299999985, 17.426309474, 12.196026051999999], [8.744944361999998, 18.818949366000002, 13.781946864], [9.015537649999999, 18.721291638, 13.868414644], [5.662622322, 14.123240277999999, 9.892931299999999], [1.699346194, 7.817195945999999, 4.758271069999999], [-2.9973801620000002, 1.910937938, -0.5432211120000001], [-6.398107086, -1.3992521340000001, -3.8986796100000003]]",0.00017155315088668616,6756.053270967002,22263121.841539226,509.0727823181537,397.70212281338416,1.0,2119.97078857422,1043.9897879025923,285.39576781024687,0.2995401748616389,55.129859924316406,-129.35493469238278,22.263121841539224
08DB013,2005,0.9819999933242798,2.0,0.26100000739097595,5.0,4.559999942779541,26.0,16.54070388984375,"[[-7.838558574, -2.22527375, -5.031916162], [-5.632104282, 0.7990640140000002, -2.416520134], [-3.563998438, 3.965819298, 0.20091042999999997], [-0.579334126, 7.999286918, 3.709976396], [3.287301542, 13.482361437999998, 8.38483149], [6.9657426299999985, 17.426309474, 12.196026051999999], [8.744944361999998, 18.818949366000002, 13.781946864], [9.015537649999999, 18.721291638, 13.868414644], [5.662622322, 14.123240277999999, 9.892931299999999], [1.699346194, 7.817195945999999, 4.758271069999999], [-2.9973801620000002, 1.910937938, -0.5432211120000001], [-6.398107086, -1.3992521340000001, -3.8986796100000003]]",0.00017155315088668616,6756.053270967002,22263121.841539226,509.0727823181537,397.70212281338416,1.0,2119.97078857422,1043.9897879025923,285.39576781024687,0.2995401748616389,55.129859924316406,-129.35493469238278,22.263121841539224
08DB013,2006,0.7289999723434448,3.0,0.10300000011920928,6.0,4.730000019073486,26.0,16.54070388984375,"[[-7.838558574, -2.22527375, -5.031916162], [-5.632104282, 0.7990640140000002, -2.416520134], [-3.563998438, 3.965819298, 0.20091042999999997], [-0.579334126, 7.999286918, 3.709976396], [3.287301542, 13.482361437999998, 8.38483149], [6.9657426299999985, 17.426309474, 12.196026051999999], [8.744944361999998, 18.818949366000002, 13.781946864], [9.015537649999999, 18.721291638, 13.868414644], [5.662622322, 14.123240277999999, 9.892931299999999], [1.699346194, 7.817195945999999, 4.758271069999999], [-2.9973801620000002, 1.910937938, -0.5432211120000001], [-6.398107086, -1.3992521340000001, -3.8986796100000003]]",0.00017155315088668616,6756.053270967002,22263121.841539226,509.0727823181537,397.70212281338416,1.0,2119.97078857422,1043.9897879025923,285.39576781024687,0.2995401748616389,55.129859924316406,-129.35493469238278,22.263121841539224
08DB013,2007,1.2400000095367432,2.0,0.23499999940395355,6.0,7.380000114440918,26.0,16.54070388984375,"[[-7.838558574, -2.22527375, -5.031916162], [-5.632104282, 0.7990640140000002, -2.416520134], [-3.563998438, 3.965819298, 0.20091042999999997], [-0.579334126, 7.999286918, 3.709976396], [3.287301542, 13.482361437999998, 8.38483149], [6.9657426299999985, 17.426309474, 12.196026051999999], [8.744944361999998, 18.818949366000002, 13.781946864], [9.015537649999999, 18.721291638, 13.868414644], [5.662622322, 14.123240277999999, 9.892931299999999], [1.699346194, 7.817195945999999, 4.758271069999999], [-2.9973801620000002, 1.910937938, -0.5432211120000001], [-6.398107086, -1.3992521340000001, -3.8986796100000003]]",0.00017155315088668616,6756.053270967002,22263121.841539226,509.0727823181537,397.70212281338416,1.0,2119.97078857422,1043.9897879025923,285.39576781024687,0.2995401748616389,55.129859924316406,-129.35493469238278,22.263121841539224
08DB013,2008,1.0800000429153442,1.0,0.1550000011920929,5.0,6.9000000953674325,26.0,16.54070388984375,"[[-7.838558574, -2.22527375, -5.031916162], [-5.632104282, 0.7990640140000002, -2.416520134], [-3.563998438, 3.965819298, 0.20091042999999997], [-0.579334126, 7.999286918, 3.709976396], [3.287301542, 13.482361437999998, 8.38483149], [6.9657426299999985, 17.426309474, 12.196026051999999], [8.744944361999998, 18.818949366000002, 13.781946864], [9.015537649999999, 18.721291638, 13.868414644], [5.662622322, 14.123240277999999, 9.892931299999999], [1.699346194, 7.817195945999999, 4.758271069999999], [-2.9973801620000002, 1.910937938, -0.5432211120000001], [-6.398107086, -1.3992521340000001, -3.8986796100000003]]",0.00017155315088668616,6756.053270967002,22263121.841539226,509.0727823181537,397.70212281338416,1.0,2119.97078857422,1043.9897879025923,285.39576781024687,0.2995401748616389,55.129859924316406,-129.35493469238278,22.263121841539224
08DB013,2009,0.977999985218048,12.0,0.1120000034570694,6.0,6.96999979019165,26.0,16.54070388984375,"[[-7.838558574, -2.22527375, -5.031916162], [-5.632104282, 0.7990640140000002, -2.416520134], [-3.563998438, 3.965819298, 0.20091042999999997], [-0.579334126, 7.999286918, 3.709976396], [3.287301542, 13.482361437999998, 8.38483149], [6.9657426299999985, 17.426309474, 12.196026051999999], [8.744944361999998, 18.818949366000002, 13.781946864], [9.015537649999999, 18.721291638, 13.868414644], [5.662622322, 14.123240277999999, 9.892931299999999], [1.699346194, 7.817195945999999, 4.758271069999999], [-2.9973801620000002, 1.910937938, -0.5432211120000001], [-6.398107086, -1.3992521340000001, -3.8986796100000003]]",0.00017155315088668616,6756.053270967002,22263121.841539226,509.0727823181537,397.70212281338416,1.0,2119.97078857422,1043.9897879025923,285.39576781024687,0.2995401748616389,55.129859924316406,-129.35493469238278,22.263121841539224
08DB013,2010,0.7609999775886536,1.0,0.1080000028014183,10.0,3.869999885559082,26.0,16.54070388984375,"[[-7.838558574, -2.22527375, -5.031916162], [-5.632104282, 0.7990640140000002, -2.416520134], [-3.563998438, 3.965819298, 0.20091042999999997], [-0.579334126, 7.999286918, 3.709976396], [3.287301542, 13.482361437999998, 8.38483149], [6.9657426299999985, 17.426309474, 12.196026051999999], [8.744944361999998, 18.818949366000002, 13.781946864], [9.015537649999999, 18.721291638, 13.868414644], [5.662622322, 14.123240277999999, 9.892931299999999], [1.699346194, 7.817195945999999, 4.758271069999999], [-2.9973801620000002, 1.910937938, -0.5432211120000001], [-6.398107086, -1.3992521340000001, -3.8986796100000003]]",0.00017155315088668616,6756.053270967002,22263121.841539226,509.0727823181537,397.70212281338416,1.0,2119.97078857422,1043.9897879025923,285.39576781024687,0.2995401748616389,55.129859924316406,-129.35493469238278,22.263121841539224
08DB013,2011,1.1299999952316284,3.0,0.0860000029206276,9.0,9.460000038146973,26.0,16.54070388984375,"[[-7.838558574, -2.22527375, -5.031916162], [-5.632104282, 0.7990640140000002, -2.416520134], [-3.563998438, 3.965819298, 0.20091042999999997], [-0.579334126, 7.999286918, 3.709976396], [3.287301542, 13.482361437999998, 8.38483149], [6.9657426299999985, 17.426309474, 12.196026051999999], [8.744944361999998, 18.818949366000002, 13.781946864], [9.015537649999999, 18.721291638, 13.868414644], [5.662622322, 14.123240277999999, 9.892931299999999], [1.699346194, 7.817195945999999, 4.758271069999999], [-2.9973801620000002, 1.910937938, -0.5432211120000001], [-6.398107086, -1.3992521340000001, -3.8986796100000003]]",0.00017155315088668616,6756.053270967002,22263121.841539226,509.0727823181537,397.70212281338416,1.0,2119.97078857422,1043.9897879025923,285.39576781024687,0.2995401748616389,55.129859924316406,-129.35493469238278,22.263121841539224
08DB013,2012,1.0499999523162842,3.0,0.1469999998807907,6.0,8.569999694824219,26.0,16.54070388984375,"[[-7.838558574, -2.22527375, -5.031916162], [-5.632104282, 0.7990640140000002, -2.416520134], [-3.563998438, 3.965819298, 0.20091042999999997], [-0.579334126, 7.999286918, 3.709976396], [3.287301542, 13.482361437999998, 8.38483149], [6.9657426299999985, 17.426309474, 12.196026051999999], [8.744944361999998, 18.818949366000002, 13.781946864], [9.015537649999999, 18.721291638, 13.868414644], [5.662622322, 14.123240277999999, 9.892931299999999], [1.699346194, 7.817195945999999, 4.758271069999999], [-2.9973801620000002, 1.910937938, -0.5432211120000001], [-6.398107086, -1.3992521340000001, -3.8986796100000003]]",0.00017155315088668616,6756.053270967002,22263121.841539226,509.0727823181537,397.70212281338416,1.0,2119.97078857422,1043.9897879025923,285.39576781024687,0.2995401748616389,55.129859924316406,-129.35493469238278,22.263121841539224
08DB013,2013,0.9700000286102296,3.0,0.1379999965429306,5.0,5.0,26.0,16.54070388984375,"[[-7.838558574, -2.22527375, -5.031916162], [-5.632104282, 0.7990640140000002, -2.416520134], [-3.563998438, 3.965819298, 0.20091042999999997], [-0.579334126, 7.999286918, 3.709976396], [3.287301542, 13.482361437999998, 8.38483149], [6.9657426299999985, 17.426309474, 12.196026051999999], [8.744944361999998, 18.818949366000002, 13.781946864], [9.015537649999999, 18.721291638, 13.868414644], [5.662622322, 14.123240277999999, 9.892931299999999], [1.699346194, 7.817195945999999, 4.758271069999999], [-2.9973801620000002, 1.910937938, -0.5432211120000001], [-6.398107086, -1.3992521340000001, -3.8986796100000003]]",0.00017155315088668616,6756.053270967002,22263121.841539226,509.0727823181537,397.70212281338416,1.0,2119.97078857422,1043.9897879025923,285.39576781024687,0.2995401748616389,55.129859924316406,-129.35493469238278,22.263121841539224
08DB013,2015,0.9860000014305116,12.0,0.08900000154972076,9.0,7.1599998474121085,26.0,16.54070388984375,"[[-7.838558574, -2.22527375, -5.031916162], [-5.632104282, 0.7990640140000002, -2.416520134], [-3.563998438, 3.965819298, 0.20091042999999997], [-0.579334126, 7.999286918, 3.709976396], [3.287301542, 13.482361437999998, 8.38483149], [6.9657426299999985, 17.426309474, 12.196026051999999], [8.744944361999998, 18.818949366000002, 13.781946864], [9.015537649999999, 18.721291638, 13.868414644], [5.662622322, 14.123240277999999, 9.892931299999999], [1.699346194, 7.817195945999999, 4.758271069999999], [-2.9973801620000002, 1.910937938, -0.5432211120000001], [-6.398107086, -1.3992521340000001, -3.8986796100000003]]",0.00017155315088668616,6756.053270967002,22263121.841539226,509.0727823181537,397.70212281338416,1.0,2119.97078857422,1043.9897879025923,285.39576781024687,0.2995401748616389,55.129859924316406,-129.35493469238278,22.263121841539224
08DB013,2016,0.7160000205039978,1.0,0.08100000023841858,9.0,4.880000114440918,26.0,16.54070388984375,"[[-7.838558574, -2.22527375, -5.031916162], [-5.632104282, 0.7990640140000002, -2.416520134], [-3.563998438, 3.965819298, 0.20091042999999997], [-0.579334126, 7.999286918, 3.709976396], [3.287301542, 13.482361437999998, 8.38483149], [6.9657426299999985, 17.426309474, 12.196026051999999], [8.744944361999998, 18.818949366000002, 13.781946864], [9.015537649999999, 18.721291638, 13.868414644], [5.662622322, 14.123240277999999, 9.892931299999999], [1.699346194, 7.817195945999999, 4.758271069999999], [-2.9973801620000002, 1.910937938, -0.5432211120000001], [-6.398107086, -1.3992521340000001, -3.8986796100000003]]",0.00017155315088668616,6756.053270967002,22263121.841539226,509.0727823181537,397.70212281338416,1.0,2119.97078857422,1043.9897879025923,285.39576781024687,0.2995401748616389,55.129859924316406,-129.35493469238278,22.263121841539224
08DB013,2017,0.859000027179718,1.0,0.09399999678134917,10.0,8.970000267028809,26.0,16.54070388984375,"[[-7.838558574, -2.22527375, -5.031916162], [-5.632104282, 0.7990640140000002, -2.416520134], [-3.563998438, 3.965819298, 0.20091042999999997], [-0.579334126, 7.999286918, 3.709976396], [3.287301542, 13.482361437999998, 8.38483149], [6.9657426299999985, 17.426309474, 12.196026051999999], [8.744944361999998, 18.818949366000002, 13.781946864], [9.015537649999999, 18.721291638, 13.868414644], [5.662622322, 14.123240277999999, 9.892931299999999], [1.699346194, 7.817195945999999, 4.758271069999999], [-2.9973801620000002, 1.910937938, -0.5432211120000001], [-6.398107086, -1.3992521340000001, -3.8986796100000003]]",0.00017155315088668616,6756.053270967002,22263121.841539226,509.0727823181537,397.70212281338416,1.0,2119.97078857422,1043.9897879025923,285.39576781024687,0.2995401748616389,55.129859924316406,-129.35493469238278,22.263121841539224
08DB013,2018,0.6589999794960022,3.0,0.04399999976158142,5.0,4.699999809265137,26.0,16.54070388984375,"[[-7.838558574, -2.22527375, -5.031916162], [-5.632104282, 0.7990640140000002, -2.416520134], [-3.563998438, 3.965819298, 0.20091042999999997], [-0.579334126, 7.999286918, 3.709976396], [3.287301542, 13.482361437999998, 8.38483149], [6.9657426299999985, 17.426309474, 12.196026051999999], [8.744944361999998, 18.818949366000002, 13.781946864], [9.015537649999999, 18.721291638, 13.868414644], [5.662622322, 14.123240277999999, 9.892931299999999], [1.699346194, 7.817195945999999, 4.758271069999999], [-2.9973801620000002, 1.910937938, -0.5432211120000001], [-6.398107086, -1.3992521340000001, -3.8986796100000003]]",0.00017155315088668616,6756.053270967002,22263121.841539226,509.0727823181537,397.70212281338416,1.0,2119.97078857422,1043.9897879025923,285.39576781024687,0.2995401748616389,55.129859924316406,-129.35493469238278,22.263121841539224
08DB014,2012,4.688000202178955,12.0,4.559000015258789,6.0,5.010000228881836,18.0,46.4451614932911,"[[-7.959104832, -2.317845138, -5.138474985], [-5.856411875999999, 0.474555522, -2.6909281769999995], [-4.017699966, 3.302051928, -0.35782401900000016], [-1.080338616, 7.071029868, 2.995345626], [2.775615738, 12.48187836, 7.628747048999999], [6.422521518, 16.452275364000002, 11.437398441000001], [8.276492447999999, 17.929348500000003, 13.102920474000001], [8.595405966, 17.877467832, 13.236436899000001], [5.230792056, 13.40504907, 9.317920563000001], [1.26649866, 7.217516459999999, 4.242007559999999], [-3.40276146, 1.524376098, -0.9391926809999999], [-6.6269923859999995, -1.560997746, -4.093995066]]",0.0,0.0,811817.8229766977,492.29784629223195,384.33033645548863,1.0,1870.9805297851601,669.2162162162163,219.4587164429913,0.2031511807740416,55.01816940307617,-129.34446716308594,0.8118178229766977
08DB014,2013,4.656000137329102,3.0,4.539000034332275,5.0,4.958000183105469,18.0,46.4451614932911,"[[-7.959104832, -2.317845138, -5.138474985], [-5.856411875999999, 0.474555522, -2.6909281769999995], [-4.017699966, 3.302051928, -0.35782401900000016], [-1.080338616, 7.071029868, 2.995345626], [2.775615738, 12.48187836, 7.628747048999999], [6.422521518, 16.452275364000002, 11.437398441000001], [8.276492447999999, 17.929348500000003, 13.102920474000001], [8.595405966, 17.877467832, 13.236436899000001], [5.230792056, 13.40504907, 9.317920563000001], [1.26649866, 7.217516459999999, 4.242007559999999], [-3.40276146, 1.524376098, -0.9391926809999999], [-6.6269923859999995, -1.560997746, -4.093995066]]",0.0,0.0,811817.8229766977,492.29784629223195,384.33033645548863,1.0,1870.9805297851601,669.2162162162163,219.4587164429913,0.2031511807740416,55.01816940307617,-129.34446716308594,0.8118178229766977
08DB014,2015,4.695000171661377,12.0,4.579999923706055,9.0,4.8979997634887695,18.0,46.4451614932911,"[[-7.959104832, -2.317845138, -5.138474985], [-5.856411875999999, 0.474555522, -2.6909281769999995], [-4.017699966, 3.302051928, -0.35782401900000016], [-1.080338616, 7.071029868, 2.995345626], [2.775615738, 12.48187836, 7.628747048999999], [6.422521518, 16.452275364000002, 11.437398441000001], [8.276492447999999, 17.929348500000003, 13.102920474000001], [8.595405966, 17.877467832, 13.236436899000001], [5.230792056, 13.40504907, 9.317920563000001], [1.26649866, 7.217516459999999, 4.242007559999999], [-3.40276146, 1.524376098, -0.9391926809999999], [-6.6269923859999995, -1.560997746, -4.093995066]]",0.0,0.0,811817.8229766977,492.29784629223195,384.33033645548863,1.0,1870.9805297851601,669.2162162162163,219.4587164429913,0.2031511807740416,55.01816940307617,-129.34446716308594,0.8118178229766977
08DB014,2016,4.672999858856201,12.0,4.564000129699707,9.0,4.929999828338623,18.0,46.4451614932911,"[[-7.959104832, -2.317845138, -5.138474985], [-5.856411875999999, 0.474555522, -2.6909281769999995], [-4.017699966, 3.302051928, -0.35782401900000016], [-1.080338616, 7.071029868, 2.995345626], [2.775615738, 12.48187836, 7.628747048999999], [6.422521518, 16.452275364000002, 11.437398441000001], [8.276492447999999, 17.929348500000003, 13.102920474000001], [8.595405966, 17.877467832, 13.236436899000001], [5.230792056, 13.40504907, 9.317920563000001], [1.26649866, 7.217516459999999, 4.242007559999999], [-3.40276146, 1.524376098, -0.9391926809999999], [-6.6269923859999995, -1.560997746, -4.093995066]]",0.0,0.0,811817.8229766977,492.29784629223195,384.33033645548863,1.0,1870.9805297851601,669.2162162162163,219.4587164429913,0.2031511807740416,55.01816940307617,-129.34446716308594,0.8118178229766977
08DB014,1997,0.6029999852180481,9.0,0.06599999964237213,6.0,3.690000057220459,18.0,46.4451614932911,"[[-7.959104832, -2.317845138, -5.138474985], [-5.856411875999999, 0.474555522, -2.6909281769999995], [-4.017699966, 3.302051928, -0.35782401900000016], [-1.080338616, 7.071029868, 2.995345626], [2.775615738, 12.48187836, 7.628747048999999], [6.422521518, 16.452275364000002, 11.437398441000001], [8.276492447999999, 17.929348500000003, 13.102920474000001], [8.595405966, 17.877467832, 13.236436899000001], [5.230792056, 13.40504907, 9.317920563000001], [1.26649866, 7.217516459999999, 4.242007559999999], [-3.40276146, 1.524376098, -0.9391926809999999], [-6.6269923859999995, -1.560997746, -4.093995066]]",0.0,0.0,811817.8229766977,492.29784629223195,384.33033645548863,1.0,1870.9805297851601,669.2162162162163,219.4587164429913,0.2031511807740416,55.01816940307617,-129.34446716308594,0.8118178229766977
08DB014,1998,0.3650000095367432,8.0,0.032000001519918435,5.0,2.9000000953674316,18.0,46.4451614932911,"[[-7.959104832, -2.317845138, -5.138474985], [-5.856411875999999, 0.474555522, -2.6909281769999995], [-4.017699966, 3.302051928, -0.35782401900000016], [-1.080338616, 7.071029868, 2.995345626], [2.775615738, 12.48187836, 7.628747048999999], [6.422521518, 16.452275364000002, 11.437398441000001], [8.276492447999999, 17.929348500000003, 13.102920474000001], [8.595405966, 17.877467832, 13.236436899000001], [5.230792056, 13.40504907, 9.317920563000001], [1.26649866, 7.217516459999999, 4.242007559999999], [-3.40276146, 1.524376098, -0.9391926809999999], [-6.6269923859999995, -1.560997746, -4.093995066]]",0.0,0.0,811817.8229766977,492.29784629223195,384.33033645548863,1.0,1870.9805297851601,669.2162162162163,219.4587164429913,0.2031511807740416,55.01816940307617,-129.34446716308594,0.8118178229766977
08DB014,1999,0.6499999761581421,2.0,0.06499999761581421,10.0,7.760000228881836,18.0,46.4451614932911,"[[-7.959104832, -2.317845138, -5.138474985], [-5.856411875999999, 0.474555522, -2.6909281769999995], [-4.017699966, 3.302051928, -0.35782401900000016], [-1.080338616, 7.071029868, 2.995345626], [2.775615738, 12.48187836, 7.628747048999999], [6.422521518, 16.452275364000002, 11.437398441000001], [8.276492447999999, 17.929348500000003, 13.102920474000001], [8.595405966, 17.877467832, 13.236436899000001], [5.230792056, 13.40504907, 9.317920563000001], [1.26649866, 7.217516459999999, 4.242007559999999], [-3.40276146, 1.524376098, -0.9391926809999999], [-6.6269923859999995, -1.560997746, -4.093995066]]",0.0,0.0,811817.8229766977,492.29784629223195,384.33033645548863,1.0,1870.9805297851601,669.2162162162163,219.4587164429913,0.2031511807740416,55.01816940307617,-129.34446716308594,0.8118178229766977
08DB014,2000,0.6320000290870667,2.0,0.08799999952316284,10.0,4.110000133514403,18.0,46.4451614932911,"[[-7.959104832, -2.317845138, -5.138474985], [-5.856411875999999, 0.474555522, -2.6909281769999995], [-4.017699966, 3.302051928, -0.35782401900000016], [-1.080338616, 7.071029868, 2.995345626], [2.775615738, 12.48187836, 7.628747048999999], [6.422521518, 16.452275364000002, 11.437398441000001], [8.276492447999999, 17.929348500000003, 13.102920474000001], [8.595405966, 17.877467832, 13.236436899000001], [5.230792056, 13.40504907, 9.317920563000001], [1.26649866, 7.217516459999999, 4.242007559999999], [-3.40276146, 1.524376098, -0.9391926809999999], [-6.6269923859999995, -1.560997746, -4.093995066]]",0.0,0.0,811817.8229766977,492.29784629223195,384.33033645548863,1.0,1870.9805297851601,669.2162162162163,219.4587164429913,0.2031511807740416,55.01816940307617,-129.34446716308594,0.8118178229766977
08DB014,2001,0.5640000104904175,3.0,0.05299999937415123,6.0,4.2199997901916495,18.0,46.4451614932911,"[[-7.959104832, -2.317845138, -5.138474985], [-5.856411875999999, 0.474555522, -2.6909281769999995], [-4.017699966, 3.302051928, -0.35782401900000016], [-1.080338616, 7.071029868, 2.995345626], [2.775615738, 12.48187836, 7.628747048999999], [6.422521518, 16.452275364000002, 11.437398441000001], [8.276492447999999, 17.929348500000003, 13.102920474000001], [8.595405966, 17.877467832, 13.236436899000001], [5.230792056, 13.40504907, 9.317920563000001], [1.26649866, 7.217516459999999, 4.242007559999999], [-3.40276146, 1.524376098, -0.9391926809999999], [-6.6269923859999995, -1.560997746, -4.093995066]]",0.0,0.0,811817.8229766977,492.29784629223195,384.33033645548863,1.0,1870.9805297851601,669.2162162162163,219.4587164429913,0.2031511807740416,55.01816940307617,-129.34446716308594,0.8118178229766977
08DB014,2002,0.6759999990463257,3.0,0.0560000017285347,6.0,4.320000171661377,18.0,46.4451614932911,"[[-7.959104832, -2.317845138, -5.138474985], [-5.856411875999999, 0.474555522, -2.6909281769999995], [-4.017699966, 3.302051928, -0.35782401900000016], [-1.080338616, 7.071029868, 2.995345626], [2.775615738, 12.48187836, 7.628747048999999], [6.422521518, 16.452275364000002, 11.437398441000001], [8.276492447999999, 17.929348500000003, 13.102920474000001], [8.595405966, 17.877467832, 13.236436899000001], [5.230792056, 13.40504907, 9.317920563000001], [1.26649866, 7.217516459999999, 4.242007559999999], [-3.40276146, 1.524376098, -0.9391926809999999], [-6.6269923859999995, -1.560997746, -4.093995066]]",0.0,0.0,811817.8229766977,492.29784629223195,384.33033645548863,1.0,1870.9805297851601,669.2162162162163,219.4587164429913,0.2031511807740416,55.01816940307617,-129.34446716308594,0.8118178229766977
08DB014,2003,0.4970000088214874,12.0,0.04899999871850014,10.0,13.0,18.0,46.4451614932911,"[[-7.959104832, -2.317845138, -5.138474985], [-5.856411875999999, 0.474555522, -2.6909281769999995], [-4.017699966, 3.302051928, -0.35782401900000016], [-1.080338616, 7.071029868, 2.995345626], [2.775615738, 12.48187836, 7.628747048999999], [6.422521518, 16.452275364000002, 11.437398441000001], [8.276492447999999, 17.929348500000003, 13.102920474000001], [8.595405966, 17.877467832, 13.236436899000001], [5.230792056, 13.40504907, 9.317920563000001], [1.26649866, 7.217516459999999, 4.242007559999999], [-3.40276146, 1.524376098, -0.9391926809999999], [-6.6269923859999995, -1.560997746, -4.093995066]]",0.0,0.0,811817.8229766977,492.29784629223195,384.33033645548863,1.0,1870.9805297851601,669.2162162162163,219.4587164429913,0.2031511807740416,55.01816940307617,-129.34446716308594,0.8118178229766977
08DB014,2004,0.6470000147819519,1.0,0.04399999976158142,11.0,5.6599998474121085,18.0,46.4451614932911,"[[-7.959104832, -2.317845138, -5.138474985], [-5.856411875999999, 0.474555522, -2.6909281769999995], [-4.017699966, 3.302051928, -0.35782401900000016], [-1.080338616, 7.071029868, 2.995345626], [2.775615738, 12.48187836, 7.628747048999999], [6.422521518, 16.452275364000002, 11.437398441000001], [8.276492447999999, 17.929348500000003, 13.102920474000001], [8.595405966, 17.877467832, 13.236436899000001], [5.230792056, 13.40504907, 9.317920563000001], [1.26649866, 7.217516459999999, 4.242007559999999], [-3.40276146, 1.524376098, -0.9391926809999999], [-6.6269923859999995, -1.560997746, -4.093995066]]",0.0,0.0,811817.8229766977,492.29784629223195,384.33033645548863,1.0,1870.9805297851601,669.2162162162163,219.4587164429913,0.2031511807740416,55.01816940307617,-129.34446716308594,0.8118178229766977
08DB014,2005,0.6919999718666077,1.0,0.13699999451637268,4.0,3.0999999046325684,18.0,46.4451614932911,"[[-7.959104832, -2.317845138, -5.138474985], [-5.856411875999999, 0.474555522, -2.6909281769999995], [-4.017699966, 3.302051928, -0.35782401900000016], [-1.080338616, 7.071029868, 2.995345626], [2.775615738, 12.48187836, 7.628747048999999], [6.422521518, 16.452275364000002, 11.437398441000001], [8.276492447999999, 17.929348500000003, 13.102920474000001], [8.595405966, 17.877467832, 13.236436899000001], [5.230792056, 13.40504907, 9.317920563000001], [1.26649866, 7.217516459999999, 4.242007559999999], [-3.40276146, 1.524376098, -0.9391926809999999], [-6.6269923859999995, -1.560997746, -4.093995066]]",0.0,0.0,811817.8229766977,492.29784629223195,384.33033645548863,1.0,1870.9805297851601,669.2162162162163,219.4587164429913,0.2031511807740416,55.01816940307617,-129.34446716308594,0.8118178229766977
08DB014,2006,0.4239999949932098,3.0,0.05799999833106995,6.0,2.4100000858306885,18.0,46.4451614932911,"[[-7.959104832, -2.317845138, -5.138474985], [-5.856411875999999, 0.474555522, -2.6909281769999995], [-4.017699966, 3.302051928, -0.35782401900000016], [-1.080338616, 7.071029868, 2.995345626], [2.775615738, 12.48187836, 7.628747048999999], [6.422521518, 16.452275364000002, 11.437398441000001], [8.276492447999999, 17.929348500000003, 13.102920474000001], [8.595405966, 17.877467832, 13.236436899000001], [5.230792056, 13.40504907, 9.317920563000001], [1.26649866, 7.217516459999999, 4.242007559999999], [-3.40276146, 1.524376098, -0.9391926809999999], [-6.6269923859999995, -1.560997746, -4.093995066]]",0.0,0.0,811817.8229766977,492.29784629223195,384.33033645548863,1.0,1870.9805297851601,669.2162162162163,219.4587164429913,0.2031511807740416,55.01816940307617,-129.34446716308594,0.8118178229766977
08DB014,2007,0.7059999704360962,12.0,0.07999999821186066,6.0,4.440000057220459,18.0,46.4451614932911,"[[-7.959104832, -2.317845138, -5.138474985], [-5.856411875999999, 0.474555522, -2.6909281769999995], [-4.017699966, 3.302051928, -0.35782401900000016], [-1.080338616, 7.071029868, 2.995345626], [2.775615738, 12.48187836, 7.628747048999999], [6.422521518, 16.452275364000002, 11.437398441000001], [8.276492447999999, 17.929348500000003, 13.102920474000001], [8.595405966, 17.877467832, 13.236436899000001], [5.230792056, 13.40504907, 9.317920563000001], [1.26649866, 7.217516459999999, 4.242007559999999], [-3.40276146, 1.524376098, -0.9391926809999999], [-6.6269923859999995, -1.560997746, -4.093995066]]",0.0,0.0,811817.8229766977,492.29784629223195,384.33033645548863,1.0,1870.9805297851601,669.2162162162163,219.4587164429913,0.2031511807740416,55.01816940307617,-129.34446716308594,0.8118178229766977
08DB014,2008,0.6499999761581421,2.0,0.04899999871850014,5.0,5.829999923706055,18.0,46.4451614932911,"[[-7.959104832, -2.317845138, -5.138474985], [-5.856411875999999, 0.474555522, -2.6909281769999995], [-4.017699966, 3.302051928, -0.35782401900000016], [-1.080338616, 7.071029868, 2.995345626], [2.775615738, 12.48187836, 7.628747048999999], [6.422521518, 16.452275364000002, 11.437398441000001], [8.276492447999999, 17.929348500000003, 13.102920474000001], [8.595405966, 17.877467832, 13.236436899000001], [5.230792056, 13.40504907, 9.317920563000001], [1.26649866, 7.217516459999999, 4.242007559999999], [-3.40276146, 1.524376098, -0.9391926809999999], [-6.6269923859999995, -1.560997746, -4.093995066]]",0.0,0.0,811817.8229766977,492.29784629223195,384.33033645548863,1.0,1870.9805297851601,669.2162162162163,219.4587164429913,0.2031511807740416,55.01816940307617,-129.34446716308594,0.8118178229766977
08DB014,2009,0.6169999837875366,1.0,0.07699999958276749,6.0,4.730000019073486,18.0,46.4451614932911,"[[-7.959104832, -2.317845138, -5.138474985], [-5.856411875999999, 0.474555522, -2.6909281769999995], [-4.017699966, 3.302051928, -0.35782401900000016], [-1.080338616, 7.071029868, 2.995345626], [2.775615738, 12.48187836, 7.628747048999999], [6.422521518, 16.452275364000002, 11.437398441000001], [8.276492447999999, 17.929348500000003, 13.102920474000001], [8.595405966, 17.877467832, 13.236436899000001], [5.230792056, 13.40504907, 9.317920563000001], [1.26649866, 7.217516459999999, 4.242007559999999], [-3.40276146, 1.524376098, -0.9391926809999999], [-6.6269923859999995, -1.560997746, -4.093995066]]",0.0,0.0,811817.8229766977,492.29784629223195,384.33033645548863,1.0,1870.9805297851601,669.2162162162163,219.4587164429913,0.2031511807740416,55.01816940307617,-129.34446716308594,0.8118178229766977
08DB014,2010,0.4410000145435333,1.0,0.0729999989271164,10.0,3.740000009536743,18.0,46.4451614932911,"[[-7.959104832, -2.317845138, -5.138474985], [-5.856411875999999, 0.474555522, -2.6909281769999995], [-4.017699966, 3.302051928, -0.35782401900000016], [-1.080338616, 7.071029868, 2.995345626], [2.775615738, 12.48187836, 7.628747048999999], [6.422521518, 16.452275364000002, 11.437398441000001], [8.276492447999999, 17.929348500000003, 13.102920474000001], [8.595405966, 17.877467832, 13.236436899000001], [5.230792056, 13.40504907, 9.317920563000001], [1.26649866, 7.217516459999999, 4.242007559999999], [-3.40276146, 1.524376098, -0.9391926809999999], [-6.6269923859999995, -1.560997746, -4.093995066]]",0.0,0.0,811817.8229766977,492.29784629223195,384.33033645548863,1.0,1870.9805297851601,669.2162162162163,219.4587164429913,0.2031511807740416,55.01816940307617,-129.34446716308594,0.8118178229766977
08DB014,2011,0.6060000061988831,3.0,0.029999999329447743,9.0,5.150000095367432,18.0,46.4451614932911,"[[-7.959104832, -2.317845138, -5.138474985], [-5.856411875999999, 0.474555522, -2.6909281769999995], [-4.017699966, 3.302051928, -0.35782401900000016], [-1.080338616, 7.071029868, 2.995345626], [2.775615738, 12.48187836, 7.628747048999999], [6.422521518, 16.452275364000002, 11.437398441000001], [8.276492447999999, 17.929348500000003, 13.102920474000001], [8.595405966, 17.877467832, 13.236436899000001], [5.230792056, 13.40504907, 9.317920563000001], [1.26649866, 7.217516459999999, 4.242007559999999], [-3.40276146, 1.524376098, -0.9391926809999999], [-6.6269923859999995, -1.560997746, -4.093995066]]",0.0,0.0,811817.8229766977,492.29784629223195,384.33033645548863,1.0,1870.9805297851601,669.2162162162163,219.4587164429913,0.2031511807740416,55.01816940307617,-129.34446716308594,0.8118178229766977
08DB014,2012,0.7129999995231628,12.0,0.024000000208616257,6.0,5.210000038146973,18.0,46.4451614932911,"[[-7.959104832, -2.317845138, -5.138474985], [-5.856411875999999, 0.474555522, -2.6909281769999995], [-4.017699966, 3.302051928, -0.35782401900000016], [-1.080338616, 7.071029868, 2.995345626], [2.775615738, 12.48187836, 7.628747048999999], [6.422521518, 16.452275364000002, 11.437398441000001], [8.276492447999999, 17.929348500000003, 13.102920474000001], [8.595405966, 17.877467832, 13.236436899000001], [5.230792056, 13.40504907, 9.317920563000001], [1.26649866, 7.217516459999999, 4.242007559999999], [-3.40276146, 1.524376098, -0.9391926809999999], [-6.6269923859999995, -1.560997746, -4.093995066]]",0.0,0.0,811817.8229766977,492.29784629223195,384.33033645548863,1.0,1870.9805297851601,669.2162162162163,219.4587164429913,0.2031511807740416,55.01816940307617,-129.34446716308594,0.8118178229766977
08DB014,2013,0.5270000100135803,1.0,0.027000000700354576,5.0,4.130000114440918,18.0,46.4451614932911,"[[-7.959104832, -2.317845138, -5.138474985], [-5.856411875999999, 0.474555522, -2.6909281769999995], [-4.017699966, 3.302051928, -0.35782401900000016], [-1.080338616, 7.071029868, 2.995345626], [2.775615738, 12.48187836, 7.628747048999999], [6.422521518, 16.452275364000002, 11.437398441000001], [8.276492447999999, 17.929348500000003, 13.102920474000001], [8.595405966, 17.877467832, 13.236436899000001], [5.230792056, 13.40504907, 9.317920563000001], [1.26649866, 7.217516459999999, 4.242007559999999], [-3.40276146, 1.524376098, -0.9391926809999999], [-6.6269923859999995, -1.560997746, -4.093995066]]",0.0,0.0,811817.8229766977,492.29784629223195,384.33033645548863,1.0,1870.9805297851601,669.2162162162163,219.4587164429913,0.2031511807740416,55.01816940307617,-129.34446716308594,0.8118178229766977
08DB014,2014,0.531000018119812,3.0,0.059999998658895486,5.0,3.670000076293945,18.0,46.4451614932911,"[[-7.959104832, -2.317845138, -5.138474985], [-5.856411875999999, 0.474555522, -2.6909281769999995], [-4.017699966, 3.302051928, -0.35782401900000016], [-1.080338616, 7.071029868, 2.995345626], [2.775615738, 12.48187836, 7.628747048999999], [6.422521518, 16.452275364000002, 11.437398441000001], [8.276492447999999, 17.929348500000003, 13.102920474000001], [8.595405966, 17.877467832, 13.236436899000001], [5.230792056, 13.40504907, 9.317920563000001], [1.26649866, 7.217516459999999, 4.242007559999999], [-3.40276146, 1.524376098, -0.9391926809999999], [-6.6269923859999995, -1.560997746, -4.093995066]]",0.0,0.0,811817.8229766977,492.29784629223195,384.33033645548863,1.0,1870.9805297851601,669.2162162162163,219.4587164429913,0.2031511807740416,55.01816940307617,-129.34446716308594,0.8118178229766977
08DB014,2015,0.5759999752044678,12.0,0.09700000286102296,9.0,2.8499999046325684,18.0,46.4451614932911,"[[-7.959104832, -2.317845138, -5.138474985], [-5.856411875999999, 0.474555522, -2.6909281769999995], [-4.017699966, 3.302051928, -0.35782401900000016], [-1.080338616, 7.071029868, 2.995345626], [2.775615738, 12.48187836, 7.628747048999999], [6.422521518, 16.452275364000002, 11.437398441000001], [8.276492447999999, 17.929348500000003, 13.102920474000001], [8.595405966, 17.877467832, 13.236436899000001], [5.230792056, 13.40504907, 9.317920563000001], [1.26649866, 7.217516459999999, 4.242007559999999], [-3.40276146, 1.524376098, -0.9391926809999999], [-6.6269923859999995, -1.560997746, -4.093995066]]",0.0,0.0,811817.8229766977,492.29784629223195,384.33033645548863,1.0,1870.9805297851601,669.2162162162163,219.4587164429913,0.2031511807740416,55.01816940307617,-129.34446716308594,0.8118178229766977
08DB014,2016,0.4629999995231629,12.0,0.054999999701976776,9.0,3.5,18.0,46.4451614932911,"[[-7.959104832, -2.317845138, -5.138474985], [-5.856411875999999, 0.474555522, -2.6909281769999995], [-4.017699966, 3.302051928, -0.35782401900000016], [-1.080338616, 7.071029868, 2.995345626], [2.775615738, 12.48187836, 7.628747048999999], [6.422521518, 16.452275364000002, 11.437398441000001], [8.276492447999999, 17.929348500000003, 13.102920474000001], [8.595405966, 17.877467832, 13.236436899000001], [5.230792056, 13.40504907, 9.317920563000001], [1.26649866, 7.217516459999999, 4.242007559999999], [-3.40276146, 1.524376098, -0.9391926809999999], [-6.6269923859999995, -1.560997746, -4.093995066]]",0.0,0.0,811817.8229766977,492.29784629223195,384.33033645548863,1.0,1870.9805297851601,669.2162162162163,219.4587164429913,0.2031511807740416,55.01816940307617,-129.34446716308594,0.8118178229766977
08EG017,1992,0.6209999918937683,8.0,0.059000000357627876,9.0,11.699999809265135,12.5,22.2395064824735,"[[-7.5992971404, -2.4081785364, -5.0037378384], [-5.1065836332000005, 0.9988554492, -2.0538640920000004], [-2.8744941876, 4.76844375, 0.9469747812000002], [0.2676432108000001, 9.1184851716, 4.6930641911999995], [4.0103756364, 14.831462259599999, 9.420918947999999], [7.8104819771999985, 18.798807459600003, 13.3046447184], [9.665368448399999, 20.5426082652, 15.103988356799999], [9.9955736412, 20.466923526000002, 15.231248583600001], [6.3920034779999995, 15.553519086, 10.972761282], [2.3251694676, 8.683908281999999, 5.5045388748], [-2.2574194188, 2.2738991604, 0.008239870799999993], [-6.001372566000001, -1.3943692476, -3.6978709068000004]]",0.0,0.0,14303062.0528932,534.3564934586477,419.1744622610563,1.0,1724.87253679548,539.7005042016807,226.2442800354532,0.13982715618645572,54.5886116027832,-128.57083129882812,14.303062052893202
08EG017,1993,0.4970000088214874,9.0,0.04199999943375588,11.0,12.0,12.5,22.2395064824735,"[[-7.5992971404, -2.4081785364, -5.0037378384], [-5.1065836332000005, 0.9988554492, -2.0538640920000004], [-2.8744941876, 4.76844375, 0.9469747812000002], [0.2676432108000001, 9.1184851716, 4.6930641911999995], [4.0103756364, 14.831462259599999, 9.420918947999999], [7.8104819771999985, 18.798807459600003, 13.3046447184], [9.665368448399999, 20.5426082652, 15.103988356799999], [9.9955736412, 20.466923526000002, 15.231248583600001], [6.3920034779999995, 15.553519086, 10.972761282], [2.3251694676, 8.683908281999999, 5.5045388748], [-2.2574194188, 2.2738991604, 0.008239870799999993], [-6.001372566000001, -1.3943692476, -3.6978709068000004]]",0.0,0.0,14303062.0528932,534.3564934586477,419.1744622610563,1.0,1724.87253679548,539.7005042016807,226.2442800354532,0.13982715618645572,54.5886116027832,-128.57083129882812,14.303062052893202
08EG017,1994,0.5350000262260437,8.0,0.05000000074505806,10.0,3.2799999713897705,12.5,22.2395064824735,"[[-7.5992971404, -2.4081785364, -5.0037378384], [-5.1065836332000005, 0.9988554492, -2.0538640920000004], [-2.8744941876, 4.76844375, 0.9469747812000002], [0.2676432108000001, 9.1184851716, 4.6930641911999995], [4.0103756364, 14.831462259599999, 9.420918947999999], [7.8104819771999985, 18.798807459600003, 13.3046447184], [9.665368448399999, 20.5426082652, 15.103988356799999], [9.9955736412, 20.466923526000002, 15.231248583600001], [6.3920034779999995, 15.553519086, 10.972761282], [2.3251694676, 8.683908281999999, 5.5045388748], [-2.2574194188, 2.2738991604, 0.008239870799999993], [-6.001372566000001, -1.3943692476, -3.6978709068000004]]",0.0,0.0,14303062.0528932,534.3564934586477,419.1744622610563,1.0,1724.87253679548,539.7005042016807,226.2442800354532,0.13982715618645572,54.5886116027832,-128.57083129882812,14.303062052893202
08EG017,1995,0.550000011920929,9.0,0.052000001072883606,5.0,3.7999999523162837,12.5,22.2395064824735,"[[-7.5992971404, -2.4081785364, -5.0037378384], [-5.1065836332000005, 0.9988554492, -2.0538640920000004], [-2.8744941876, 4.76844375, 0.9469747812000002], [0.2676432108000001, 9.1184851716, 4.6930641911999995], [4.0103756364, 14.831462259599999, 9.420918947999999], [7.8104819771999985, 18.798807459600003, 13.3046447184], [9.665368448399999, 20.5426082652, 15.103988356799999], [9.9955736412, 20.466923526000002, 15.231248583600001], [6.3920034779999995, 15.553519086, 10.972761282], [2.3251694676, 8.683908281999999, 5.5045388748], [-2.2574194188, 2.2738991604, 0.008239870799999993], [-6.001372566000001, -1.3943692476, -3.6978709068000004]]",0.0,0.0,14303062.0528932,534.3564934586477,419.1744622610563,1.0,1724.87253679548,539.7005042016807,226.2442800354532,0.13982715618645572,54.5886116027832,-128.57083129882812,14.303062052893202
08EG017,1996,0.5030000209808351,12.0,0.09300000220537186,1.0,11.800000190734865,12.5,22.2395064824735,"[[-7.5992971404, -2.4081785364, -5.0037378384], [-5.1065836332000005, 0.9988554492, -2.0538640920000004], [-2.8744941876, 4.76844375, 0.9469747812000002], [0.2676432108000001, 9.1184851716, 4.6930641911999995], [4.0103756364, 14.831462259599999, 9.420918947999999], [7.8104819771999985, 18.798807459600003, 13.3046447184], [9.665368448399999, 20.5426082652, 15.103988356799999], [9.9955736412, 20.466923526000002, 15.231248583600001], [6.3920034779999995, 15.553519086, 10.972761282], [2.3251694676, 8.683908281999999, 5.5045388748], [-2.2574194188, 2.2738991604, 0.008239870799999993], [-6.001372566000001, -1.3943692476, -3.6978709068000004]]",0.0,0.0,14303062.0528932,534.3564934586477,419.1744622610563,1.0,1724.87253679548,539.7005042016807,226.2442800354532,0.13982715618645572,54.5886116027832,-128.57083129882812,14.303062052893202
08EG017,1997,0.5040000081062317,9.0,0.0560000017285347,12.0,3.640000104904175,12.5,22.2395064824735,"[[-7.5992971404, -2.4081785364, -5.0037378384], [-5.1065836332000005, 0.9988554492, -2.0538640920000004], [-2.8744941876, 4.76844375, 0.9469747812000002], [0.2676432108000001, 9.1184851716, 4.6930641911999995], [4.0103756364, 14.831462259599999, 9.420918947999999], [7.8104819771999985, 18.798807459600003, 13.3046447184], [9.665368448399999, 20.5426082652, 15.103988356799999], [9.9955736412, 20.466923526000002, 15.231248583600001], [6.3920034779999995, 15.553519086, 10.972761282], [2.3251694676, 8.683908281999999, 5.5045388748], [-2.2574194188, 2.2738991604, 0.008239870799999993], [-6.001372566000001, -1.3943692476, -3.6978709068000004]]",0.0,0.0,14303062.0528932,534.3564934586477,419.1744622610563,1.0,1724.87253679548,539.7005042016807,226.2442800354532,0.13982715618645572,54.5886116027832,-128.57083129882812,14.303062052893202
08EG017,1998,0.40299999713897705,8.0,0.06199999898672104,10.0,7.03000020980835,12.5,22.2395064824735,"[[-7.5992971404, -2.4081785364, -5.0037378384], [-5.1065836332000005, 0.9988554492, -2.0538640920000004], [-2.8744941876, 4.76844375, 0.9469747812000002], [0.2676432108000001, 9.1184851716, 4.6930641911999995], [4.0103756364, 14.831462259599999, 9.420918947999999], [7.8104819771999985, 18.798807459600003, 13.3046447184], [9.665368448399999, 20.5426082652, 15.103988356799999], [9.9955736412, 20.466923526000002, 15.231248583600001], [6.3920034779999995, 15.553519086, 10.972761282], [2.3251694676, 8.683908281999999, 5.5045388748], [-2.2574194188, 2.2738991604, 0.008239870799999993], [-6.001372566000001, -1.3943692476, -3.6978709068000004]]",0.0,0.0,14303062.0528932,534.3564934586477,419.1744622610563,1.0,1724.87253679548,539.7005042016807,226.2442800354532,0.13982715618645572,54.5886116027832,-128.57083129882812,14.303062052893202
08EG017,1999,0.7080000042915344,2.0,0.1040000021457672,10.0,5.480000019073486,12.5,22.2395064824735,"[[-7.5992971404, -2.4081785364, -5.0037378384], [-5.1065836332000005, 0.9988554492, -2.0538640920000004], [-2.8744941876, 4.76844375, 0.9469747812000002], [0.2676432108000001, 9.1184851716, 4.6930641911999995], [4.0103756364, 14.831462259599999, 9.420918947999999], [7.8104819771999985, 18.798807459600003, 13.3046447184], [9.665368448399999, 20.5426082652, 15.103988356799999], [9.9955736412, 20.466923526000002, 15.231248583600001], [6.3920034779999995, 15.553519086, 10.972761282], [2.3251694676, 8.683908281999999, 5.5045388748], [-2.2574194188, 2.2738991604, 0.008239870799999993], [-6.001372566000001, -1.3943692476, -3.6978709068000004]]",0.0,0.0,14303062.0528932,534.3564934586477,419.1744622610563,1.0,1724.87253679548,539.7005042016807,226.2442800354532,0.13982715618645572,54.5886116027832,-128.57083129882812,14.303062052893202
08EG017,2000,0.5799999833106995,,,10.0,3.9800000190734863,12.5,22.2395064824735,"[[-7.5992971404, -2.4081785364, -5.0037378384], [-5.1065836332000005, 0.9988554492, -2.0538640920000004], [-2.8744941876, 4.76844375, 0.9469747812000002], [0.2676432108000001, 9.1184851716, 4.6930641911999995], [4.0103756364, 14.831462259599999, 9.420918947999999], [7.8104819771999985, 18.798807459600003, 13.3046447184], [9.665368448399999, 20.5426082652, 15.103988356799999], [9.9955736412, 20.466923526000002, 15.231248583600001], [6.3920034779999995, 15.553519086, 10.972761282], [2.3251694676, 8.683908281999999, 5.5045388748], [-2.2574194188, 2.2738991604, 0.008239870799999993], [-6.001372566000001, -1.3943692476, -3.6978709068000004]]",0.0,0.0,14303062.0528932,534.3564934586477,419.1744622610563,1.0,1724.87253679548,539.7005042016807,226.2442800354532,0.13982715618645572,54.5886116027832,-128.57083129882812,14.303062052893202
08EG017,2001,0.6420000195503235,12.0,0.10999999940395357,9.0,4.369999885559082,12.5,22.2395064824735,"[[-7.5992971404, -2.4081785364, -5.0037378384], [-5.1065836332000005, 0.9988554492, -2.0538640920000004], [-2.8744941876, 4.76844375, 0.9469747812000002], [0.2676432108000001, 9.1184851716, 4.6930641911999995], [4.0103756364, 14.831462259599999, 9.420918947999999], [7.8104819771999985, 18.798807459600003, 13.3046447184], [9.665368448399999, 20.5426082652, 15.103988356799999], [9.9955736412, 20.466923526000002, 15.231248583600001], [6.3920034779999995, 15.553519086, 10.972761282], [2.3251694676, 8.683908281999999, 5.5045388748], [-2.2574194188, 2.2738991604, 0.008239870799999993], [-6.001372566000001, -1.3943692476, -3.6978709068000004]]",0.0,0.0,14303062.0528932,534.3564934586477,419.1744622610563,1.0,1724.87253679548,539.7005042016807,226.2442800354532,0.13982715618645572,54.5886116027832,-128.57083129882812,14.303062052893202
08EG017,2002,0.5789999961853027,3.0,0.054999999701976776,11.0,4.940000057220459,12.5,22.2395064824735,"[[-7.5992971404, -2.4081785364, -5.0037378384], [-5.1065836332000005, 0.9988554492, -2.0538640920000004], [-2.8744941876, 4.76844375, 0.9469747812000002], [0.2676432108000001, 9.1184851716, 4.6930641911999995], [4.0103756364, 14.831462259599999, 9.420918947999999], [7.8104819771999985, 18.798807459600003, 13.3046447184], [9.665368448399999, 20.5426082652, 15.103988356799999], [9.9955736412, 20.466923526000002, 15.231248583600001], [6.3920034779999995, 15.553519086, 10.972761282], [2.3251694676, 8.683908281999999, 5.5045388748], [-2.2574194188, 2.2738991604, 0.008239870799999993], [-6.001372566000001, -1.3943692476, -3.6978709068000004]]",0.0,0.0,14303062.0528932,534.3564934586477,419.1744622610563,1.0,1724.87253679548,539.7005042016807,226.2442800354532,0.13982715618645572,54.5886116027832,-128.57083129882812,14.303062052893202
08EG017,2003,0.4749999940395355,8.0,0.08100000023841858,10.0,8.510000228881836,12.5,22.2395064824735,"[[-7.5992971404, -2.4081785364, -5.0037378384], [-5.1065836332000005, 0.9988554492, -2.0538640920000004], [-2.8744941876, 4.76844375, 0.9469747812000002], [0.2676432108000001, 9.1184851716, 4.6930641911999995], [4.0103756364, 14.831462259599999, 9.420918947999999], [7.8104819771999985, 18.798807459600003, 13.3046447184], [9.665368448399999, 20.5426082652, 15.103988356799999], [9.9955736412, 20.466923526000002, 15.231248583600001], [6.3920034779999995, 15.553519086, 10.972761282], [2.3251694676, 8.683908281999999, 5.5045388748], [-2.2574194188, 2.2738991604, 0.008239870799999993], [-6.001372566000001, -1.3943692476, -3.6978709068000004]]",0.0,0.0,14303062.0528932,534.3564934586477,419.1744622610563,1.0,1724.87253679548,539.7005042016807,226.2442800354532,0.13982715618645572,54.5886116027832,-128.57083129882812,14.303062052893202
08EG017,2004,0.5960000157356262,8.0,0.032999999821186066,11.0,12.600000381469727,12.5,22.2395064824735,"[[-7.5992971404, -2.4081785364, -5.0037378384], [-5.1065836332000005, 0.9988554492, -2.0538640920000004], [-2.8744941876, 4.76844375, 0.9469747812000002], [0.2676432108000001, 9.1184851716, 4.6930641911999995], [4.0103756364, 14.831462259599999, 9.420918947999999], [7.8104819771999985, 18.798807459600003, 13.3046447184], [9.665368448399999, 20.5426082652, 15.103988356799999], [9.9955736412, 20.466923526000002, 15.231248583600001], [6.3920034779999995, 15.553519086, 10.972761282], [2.3251694676, 8.683908281999999, 5.5045388748], [-2.2574194188, 2.2738991604, 0.008239870799999993], [-6.001372566000001, -1.3943692476, -3.6978709068000004]]",0.0,0.0,14303062.0528932,534.3564934586477,419.1744622610563,1.0,1724.87253679548,539.7005042016807,226.2442800354532,0.13982715618645572,54.5886116027832,-128.57083129882812,14.303062052893202
08EG017,2005,0.6039999723434448,8.0,0.06700000166893005,10.0,8.989999771118164,12.5,22.2395064824735,"[[-7.5992971404, -2.4081785364, -5.0037378384], [-5.1065836332000005, 0.9988554492, -2.0538640920000004], [-2.8744941876, 4.76844375, 0.9469747812000002], [0.2676432108000001, 9.1184851716, 4.6930641911999995], [4.0103756364, 14.831462259599999, 9.420918947999999], [7.8104819771999985, 18.798807459600003, 13.3046447184], [9.665368448399999, 20.5426082652, 15.103988356799999], [9.9955736412, 20.466923526000002, 15.231248583600001], [6.3920034779999995, 15.553519086, 10.972761282], [2.3251694676, 8.683908281999999, 5.5045388748], [-2.2574194188, 2.2738991604, 0.008239870799999993], [-6.001372566000001, -1.3943692476, -3.6978709068000004]]",0.0,0.0,14303062.0528932,534.3564934586477,419.1744622610563,1.0,1724.87253679548,539.7005042016807,226.2442800354532,0.13982715618645572,54.5886116027832,-128.57083129882812,14.303062052893202
08EG017,2006,0.39800000190734863,8.0,0.035999998450279236,11.0,6.579999923706055,12.5,22.2395064824735,"[[-7.5992971404, -2.4081785364, -5.0037378384], [-5.1065836332000005, 0.9988554492, -2.0538640920000004], [-2.8744941876, 4.76844375, 0.9469747812000002], [0.2676432108000001, 9.1184851716, 4.6930641911999995], [4.0103756364, 14.831462259599999, 9.420918947999999], [7.8104819771999985, 18.798807459600003, 13.3046447184], [9.665368448399999, 20.5426082652, 15.103988356799999], [9.9955736412, 20.466923526000002, 15.231248583600001], [6.3920034779999995, 15.553519086, 10.972761282], [2.3251694676, 8.683908281999999, 5.5045388748], [-2.2574194188, 2.2738991604, 0.008239870799999993], [-6.001372566000001, -1.3943692476, -3.6978709068000004]]",0.0,0.0,14303062.0528932,534.3564934586477,419.1744622610563,1.0,1724.87253679548,539.7005042016807,226.2442800354532,0.13982715618645572,54.5886116027832,-128.57083129882812,14.303062052893202
08EG017,2007,0.8769999742507935,12.0,0.07800000160932541,1.0,13.5,12.5,22.2395064824735,"[[-7.5992971404, -2.4081785364, -5.0037378384], [-5.1065836332000005, 0.9988554492, -2.0538640920000004], [-2.8744941876, 4.76844375, 0.9469747812000002], [0.2676432108000001, 9.1184851716, 4.6930641911999995], [4.0103756364, 14.831462259599999, 9.420918947999999], [7.8104819771999985, 18.798807459600003, 13.3046447184], [9.665368448399999, 20.5426082652, 15.103988356799999], [9.9955736412, 20.466923526000002, 15.231248583600001], [6.3920034779999995, 15.553519086, 10.972761282], [2.3251694676, 8.683908281999999, 5.5045388748], [-2.2574194188, 2.2738991604, 0.008239870799999993], [-6.001372566000001, -1.3943692476, -3.6978709068000004]]",0.0,0.0,14303062.0528932,534.3564934586477,419.1744622610563,1.0,1724.87253679548,539.7005042016807,226.2442800354532,0.13982715618645572,54.5886116027832,-128.57083129882812,14.303062052893202
08EG017,2008,0.6240000128746033,2.0,0.11599999666213988,10.0,5.0,12.5,22.2395064824735,"[[-7.5992971404, -2.4081785364, -5.0037378384], [-5.1065836332000005, 0.9988554492, -2.0538640920000004], [-2.8744941876, 4.76844375, 0.9469747812000002], [0.2676432108000001, 9.1184851716, 4.6930641911999995], [4.0103756364, 14.831462259599999, 9.420918947999999], [7.8104819771999985, 18.798807459600003, 13.3046447184], [9.665368448399999, 20.5426082652, 15.103988356799999], [9.9955736412, 20.466923526000002, 15.231248583600001], [6.3920034779999995, 15.553519086, 10.972761282], [2.3251694676, 8.683908281999999, 5.5045388748], [-2.2574194188, 2.2738991604, 0.008239870799999993], [-6.001372566000001, -1.3943692476, -3.6978709068000004]]",0.0,0.0,14303062.0528932,534.3564934586477,419.1744622610563,1.0,1724.87253679548,539.7005042016807,226.2442800354532,0.13982715618645572,54.5886116027832,-128.57083129882812,14.303062052893202
08EG018,1997,0.33799999952316284,1.0,0.02800000086426735,5.0,2.880000114440918,7.1599998474121085,28.175648449553968,"[[-10.025684774, -3.861040694, -6.943362734], [-7.710382805999999, -0.7624423659999998, -4.236412585999999], [-5.764349122, 2.1896693700000003, -1.7873398759999997], [-2.44907271, 5.985096278, 1.7680117840000003], [1.575239498, 11.601432906, 6.588336202], [5.343200169999999, 15.851578609999999, 10.59738939], [7.298389266, 17.518880862, 12.408635064], [7.554740801999999, 17.415119526, 12.484930164], [3.962767494, 12.686857861999998, 8.324812677999999], [-0.11647718600000005, 6.24348235, 3.063502582], [-5.0034326579999995, 0.20294496600000003, -2.4002438459999995], [-8.532335350000002, -3.0248463979999998, -5.778590874000001]]",0.0,0.0,9875487.932467146,470.54255327338035,354.1036700197361,1.0,1550.38003540039,1065.0288372093023,311.6168728106013,0.32718732307166115,54.99250030517578,-128.80671691894528,9.875487932467145
08EG018,1998,0.2150000035762787,12.0,0.03400000184774399,10.0,2.190000057220459,7.1599998474121085,28.175648449553968,"[[-10.025684774, -3.861040694, -6.943362734], [-7.710382805999999, -0.7624423659999998, -4.236412585999999], [-5.764349122, 2.1896693700000003, -1.7873398759999997], [-2.44907271, 5.985096278, 1.7680117840000003], [1.575239498, 11.601432906, 6.588336202], [5.343200169999999, 15.851578609999999, 10.59738939], [7.298389266, 17.518880862, 12.408635064], [7.554740801999999, 17.415119526, 12.484930164], [3.962767494, 12.686857861999998, 8.324812677999999], [-0.11647718600000005, 6.24348235, 3.063502582], [-5.0034326579999995, 0.20294496600000003, -2.4002438459999995], [-8.532335350000002, -3.0248463979999998, -5.778590874000001]]",0.0,0.0,9875487.932467146,470.54255327338035,354.1036700197361,1.0,1550.38003540039,1065.0288372093023,311.6168728106013,0.32718732307166115,54.99250030517578,-128.80671691894528,9.875487932467145
