{"learner":{"attributes":{"scikit_learn":"{\"n_estimators\": 100, \"objective\": \"reg:squarederror\", \"max_depth\": null, \"learning_rate\": null, \"verbosity\": null, \"booster\": null, \"tree_method\": null, \"gamma\": null, \"min_child_weight\": null, \"max_delta_step\": null, \"subsample\": null, \"colsample_bytree\": null, \"colsample_bylevel\": null, \"colsample_bynode\": null, \"reg_alpha\": null, \"reg_lambda\": null, \"scale_pos_weight\": null, \"base_score\": null, \"missing\": NaN, \"num_parallel_tree\": null, \"kwargs\": {}, \"random_state\": 1, \"n_jobs\": null, \"monotone_constraints\": null, \"interaction_constraints\": null, \"importance_type\": \"gain\", \"gpu_id\": null, \"validate_parameters\": null, \"n_features_in_\": 4, \"type\": \"XGBRegressor\"}"},"gradient_booster":{"model":{"gbtree_model_param":{"num_trees":"100","size_leaf_vector":"0"},"tree_info":[0,0,0,0,0,0,0,0,0,0,0,0,0,0,0,0,0,0,0,0,0,0,0,0,0,0,0,0,0,0,0,0,0,0,0,0,0,0,0,0,0,0,0,0,0,0,0,0,0,0,0,0,0,0,0,0,0,0,0,0,0,0,0,0,0,0,0,0,0,0,0,0,0,0,0,0,0,0,0,0,0,0,0,0,0,0,0,0,0,0,0,0,0,0,0,0,0,0,0,0],"trees":[{"base_weights":[3.9665556E0],"default_left":[false],"id":0,"leaf_child_counts":[0],"left_children":[-1],"loss_changes":[0E0],"parents":[2147483647],"right_children":[-1],"split_conditions":[1.1899667E0],"split_indices":[0],"sum_hessian":[2.6E1],"tree_param":{"num_deleted":"0","num_feature":"4","num_nodes":"1","size_leaf_vector":"0"}},{"base_weights":[2.8206618E0],"default_left":[false],"id":1,"leaf_child_counts":[0],"left_children":[-1],"loss_changes":[0E0],"parents":[2147483647],"right_children":[-1],"split_conditions":[8.4619856E-1],"split_indices":[0],"sum_hessian":[2.6E1],"tree_param":{"num_deleted":"0","num_feature":"4","num_nodes":"1","size_leaf_vector":"0"}},{"base_weights":[2.0058038E0],"default_left":[false],"id":2,"leaf_child_counts":[0],"left_children":[-1],"loss_changes":[0E0],"parents":[2147483647],"right_children":[-1],"split_conditions":[6.017412E-1],"split_indices":[0],"sum_hessian":[2.6E1],"tree_param":{"num_deleted":"0","num_feature":"4","num_nodes":"1","size_leaf_vector":"0"}},{"base_weights":[1.4263493E0],"default_left":[false],"id":3,"leaf_child_counts":[0],"left_children":[-1],"loss_changes":[0E0],"parents":[2147483647],"right_children":[-1],"split_conditions":[4.279048E-1],"split_indices":[0],"sum_hessian":[2.6E1],"tree_param":{"num_deleted":"0","num_feature":"4","num_nodes":"1","size_leaf_vector":"0"}},{"base_weights":[1.0142927E0],"default_left":[false],"id":4,"leaf_child_counts":[0],"left_children":[-1],"loss_changes":[0E0],"parents":[2147483647],"right_children":[-1],"split_conditions":[3.0428782E-1],"split_indices":[0],"sum_hessian":[2.6E1],"tree_param":{"num_deleted":"0","num_feature":"4","num_nodes":"1","size_leaf_vector":"0"}},{"base_weights":[7.2127473E-1],"default_left":[false],"id":5,"leaf_child_counts":[0],"left_children":[-1],"loss_changes":[0E0],"parents":[2147483647],"right_children":[-1],"split_conditions":[2.1638243E-1],"split_indices":[0],"sum_hessian":[2.6E1],"tree_param":{"num_deleted":"0","num_feature":"4","num_nodes":"1","size_leaf_vector":"0"}},{"base_weights":[5.129066E-1],"default_left":[false],"id":6,"leaf_child_counts":[0],"left_children":[-1],"loss_changes":[0E0],"parents":[2147483647],"right_children":[-1],"split_conditions":[1.5387198E-1],"split_indices":[0],"sum_hessian":[2.6E1],"tree_param":{"num_deleted":"0","num_feature":"4","num_nodes":"1","size_leaf_vector":"0"}},{"base_weights":[3.6473358E-1],"default_left":[false],"id":7,"leaf_child_counts":[0],"left_children":[-1],"loss_changes":[0E0],"parents":[2147483647],"right_children":[-1],"split_conditions":[1.09420076E-1],"split_indices":[0],"sum_hessian":[2.6E1],"tree_param":{"num_deleted":"0","num_feature":"4","num_nodes":"1","size_leaf_vector":"0"}},{"base_weights":[2.593659E-1],"default_left":[false],"id":8,"leaf_child_counts":[0],"left_children":[-1],"loss_changes":[0E0],"parents":[2147483647],"right_children":[-1],"split_conditions":[7.7809766E-2],"split_indices":[0],"sum_hessian":[2.6E1],"tree_param":{"num_deleted":"0","num_feature":"4","num_nodes":"1","size_leaf_vector":"0"}},{"base_weights":[1.8443793E-1],"default_left":[false],"id":9,"leaf_child_counts":[0],"left_children":[-1],"loss_changes":[0E0],"parents":[2147483647],"right_children":[-1],"split_conditions":[5.5331383E-2],"split_indices":[0],"sum_hessian":[2.6E1],"tree_param":{"num_deleted":"0","num_feature":"4","num_nodes":"1","size_leaf_vector":"0"}},{"base_weights":[1.31156E-1],"default_left":[false],"id":10,"leaf_child_counts":[0],"left_children":[-1],"loss_changes":[0E0],"parents":[2147483647],"right_children":[-1],"split_conditions":[3.93468E-2],"split_indices":[0],"sum_hessian":[2.6E1],"tree_param":{"num_deleted":"0","num_feature":"4","num_nodes":"1","size_leaf_vector":"0"}},{"base_weights":[9.326659E-2],"default_left":[false],"id":11,"leaf_child_counts":[0],"left_children":[-1],"loss_changes":[0E0],"parents":[2147483647],"right_children":[-1],"split_conditions":[2.797998E-2],"split_indices":[0],"sum_hessian":[2.6E1],"tree_param":{"num_deleted":"0","num_feature":"4","num_nodes":"1","size_leaf_vector":"0"}},{"base_weights":[6.6323034E-2],"default_left":[false],"id":12,"leaf_child_counts":[0],"left_children":[-1],"loss_changes":[0E0],"parents":[2147483647],"right_children":[-1],"split_conditions":[1.9896911E-2],"split_indices":[0],"sum_hessian":[2.6E1],"tree_param":{"num_deleted":"0","num_feature":"4","num_nodes":"1","size_leaf_vector":"0"}},{"base_weights":[4.7162976E-2],"default_left":[false],"id":13,"leaf_child_counts":[0],"left_children":[-1],"loss_changes":[0E0],"parents":[2147483647],"right_children":[-1],"split_conditions":[1.4148894E-2],"split_indices":[0],"sum_hessian":[2.6E1],"tree_param":{"num_deleted":"0","num_feature":"4","num_nodes":"1","size_leaf_vector":"0"}},{"base_weights":[3.353829E-2],"default_left":[false],"id":14,"leaf_child_counts":[0],"left_children":[-1],"loss_changes":[0E0],"parents":[2147483647],"right_children":[-1],"split_conditions":[1.0061488E-2],"split_indices":[0],"sum_hessian":[2.6E1],"tree_param":{"num_deleted":"0","num_feature":"4","num_nodes":"1","size_leaf_vector":"0"}},{"base_weights":[2.3849664E-2],"default_left":[false],"id":15,"leaf_child_counts":[0],"left_children":[-1],"loss_changes":[0E0],"parents":[2147483647],"right_children":[-1],"split_conditions":[7.1548996E-3],"split_indices":[0],"sum_hessian":[2.6E1],"tree_param":{"num_deleted":"0","num_feature":"4","num_nodes":"1","size_leaf_vector":"0"}},{"base_weights":[1.695972E-2],"default_left":[false],"id":16,"leaf_child_counts":[0],"left_children":[-1],"loss_changes":[0E0],"parents":[2147483647],"right_children":[-1],"split_conditions":[5.087916E-3],"split_indices":[0],"sum_hessian":[2.6E1],"tree_param":{"num_deleted":"0","num_feature":"4","num_nodes":"1","size_leaf_vector":"0"}},{"base_weights":[1.2060307E-2],"default_left":[false],"id":17,"leaf_child_counts":[0],"left_children":[-1],"loss_changes":[0E0],"parents":[2147483647],"right_children":[-1],"split_conditions":[3.6180923E-3],"split_indices":[0],"sum_hessian":[2.6E1],"tree_param":{"num_deleted":"0","num_feature":"4","num_nodes":"1","size_leaf_vector":"0"}},{"base_weights":[8.576076E-3],"default_left":[false],"id":18,"leaf_child_counts":[0],"left_children":[-1],"loss_changes":[0E0],"parents":[2147483647],"right_children":[-1],"split_conditions":[2.5728229E-3],"split_indices":[0],"sum_hessian":[2.6E1],"tree_param":{"num_deleted":"0","num_feature":"4","num_nodes":"1","size_leaf_vector":"0"}},{"base_weights":[6.098359E-3],"default_left":[false],"id":19,"leaf_child_counts":[0],"left_children":[-1],"loss_changes":[0E0],"parents":[2147483647],"right_children":[-1],"split_conditions":[1.8295078E-3],"split_indices":[0],"sum_hessian":[2.6E1],"tree_param":{"num_deleted":"0","num_feature":"4","num_nodes":"1","size_leaf_vector":"0"}},{"base_weights":[4.336498E-3],"default_left":[false],"id":20,"leaf_child_counts":[0],"left_children":[-1],"loss_changes":[0E0],"parents":[2147483647],"right_children":[-1],"split_conditions":[1.3009495E-3],"split_indices":[0],"sum_hessian":[2.6E1],"tree_param":{"num_deleted":"0","num_feature":"4","num_nodes":"1","size_leaf_vector":"0"}},{"base_weights":[3.083865E-3],"default_left":[false],"id":21,"leaf_child_counts":[0],"left_children":[-1],"loss_changes":[0E0],"parents":[2147483647],"right_children":[-1],"split_conditions":[9.251595E-4],"split_indices":[0],"sum_hessian":[2.6E1],"tree_param":{"num_deleted":"0","num_feature":"4","num_nodes":"1","size_leaf_vector":"0"}},{"base_weights":[2.1930623E-3],"default_left":[false],"id":22,"leaf_child_counts":[0],"left_children":[-1],"loss_changes":[0E0],"parents":[2147483647],"right_children":[-1],"split_conditions":[6.5791875E-4],"split_indices":[0],"sum_hessian":[2.6E1],"tree_param":{"num_deleted":"0","num_feature":"4","num_nodes":"1","size_leaf_vector":"0"}},{"base_weights":[1.5593988E-3],"default_left":[false],"id":23,"leaf_child_counts":[0],"left_children":[-1],"loss_changes":[0E0],"parents":[2147483647],"right_children":[-1],"split_conditions":[4.6781966E-4],"split_indices":[0],"sum_hessian":[2.6E1],"tree_param":{"num_deleted":"0","num_feature":"4","num_nodes":"1","size_leaf_vector":"0"}},{"base_weights":[1.1089466E-3],"default_left":[false],"id":24,"leaf_child_counts":[0],"left_children":[-1],"loss_changes":[0E0],"parents":[2147483647],"right_children":[-1],"split_conditions":[3.32684E-4],"split_indices":[0],"sum_hessian":[2.6E1],"tree_param":{"num_deleted":"0","num_feature":"4","num_nodes":"1","size_leaf_vector":"0"}},{"base_weights":[7.884414E-4],"default_left":[false],"id":25,"leaf_child_counts":[0],"left_children":[-1],"loss_changes":[0E0],"parents":[2147483647],"right_children":[-1],"split_conditions":[2.3653243E-4],"split_indices":[0],"sum_hessian":[2.6E1],"tree_param":{"num_deleted":"0","num_feature":"4","num_nodes":"1","size_leaf_vector":"0"}},{"base_weights":[5.6068983E-4],"default_left":[false],"id":26,"leaf_child_counts":[0],"left_children":[-1],"loss_changes":[0E0],"parents":[2147483647],"right_children":[-1],"split_conditions":[1.6820696E-4],"split_indices":[0],"sum_hessian":[2.6E1],"tree_param":{"num_deleted":"0","num_feature":"4","num_nodes":"1","size_leaf_vector":"0"}},{"base_weights":[3.9860053E-4],"default_left":[false],"id":27,"leaf_child_counts":[0],"left_children":[-1],"loss_changes":[0E0],"parents":[2147483647],"right_children":[-1],"split_conditions":[1.1958017E-4],"split_indices":[0],"sum_hessian":[2.6E1],"tree_param":{"num_deleted":"0","num_feature":"4","num_nodes":"1","size_leaf_vector":"0"}},{"base_weights":[2.8334724E-4],"default_left":[false],"id":28,"leaf_child_counts":[0],"left_children":[-1],"loss_changes":[0E0],"parents":[2147483647],"right_children":[-1],"split_conditions":[8.5004176E-5],"split_indices":[0],"sum_hessian":[2.6E1],"tree_param":{"num_deleted":"0","num_feature":"4","num_nodes":"1","size_leaf_vector":"0"}},{"base_weights":[2.0161382E-4],"default_left":[false],"id":29,"leaf_child_counts":[0],"left_children":[-1],"loss_changes":[0E0],"parents":[2147483647],"right_children":[-1],"split_conditions":[6.0484148E-5],"split_indices":[0],"sum_hessian":[2.6E1],"tree_param":{"num_deleted":"0","num_feature":"4","num_nodes":"1","size_leaf_vector":"0"}},{"base_weights":[1.432984E-4],"default_left":[false],"id":30,"leaf_child_counts":[0],"left_children":[-1],"loss_changes":[0E0],"parents":[2147483647],"right_children":[-1],"split_conditions":[4.2989523E-5],"split_indices":[0],"sum_hessian":[2.6E1],"tree_param":{"num_deleted":"0","num_feature":"4","num_nodes":"1","size_leaf_vector":"0"}},{"base_weights":[1.0197251E-4],"default_left":[false],"id":31,"leaf_child_counts":[0],"left_children":[-1],"loss_changes":[0E0],"parents":[2147483647],"right_children":[-1],"split_conditions":[3.0591753E-5],"split_indices":[0],"sum_hessian":[2.6E1],"tree_param":{"num_deleted":"0","num_feature":"4","num_nodes":"1","size_leaf_vector":"0"}},{"base_weights":[7.2585215E-5],"default_left":[false],"id":32,"leaf_child_counts":[0],"left_children":[-1],"loss_changes":[0E0],"parents":[2147483647],"right_children":[-1],"split_conditions":[2.1775566E-5],"split_indices":[0],"sum_hessian":[2.6E1],"tree_param":{"num_deleted":"0","num_feature":"4","num_nodes":"1","size_leaf_vector":"0"}},{"base_weights":[5.1463092E-5],"default_left":[false],"id":33,"leaf_child_counts":[0],"left_children":[-1],"loss_changes":[0E0],"parents":[2147483647],"right_children":[-1],"split_conditions":[1.5438929E-5],"split_indices":[0],"sum_hessian":[2.6E1],"tree_param":{"num_deleted":"0","num_feature":"4","num_nodes":"1","size_leaf_vector":"0"}},{"base_weights":[3.6769445E-5],"default_left":[false],"id":34,"leaf_child_counts":[0],"left_children":[-1],"loss_changes":[0E0],"parents":[2147483647],"right_children":[-1],"split_conditions":[1.1030834E-5],"split_indices":[0],"sum_hessian":[2.6E1],"tree_param":{"num_deleted":"0","num_feature":"4","num_nodes":"1","size_leaf_vector":"0"}},{"base_weights":[2.6208383E-5],"default_left":[false],"id":35,"leaf_child_counts":[0],"left_children":[-1],"loss_changes":[0E0],"parents":[2147483647],"right_children":[-1],"split_conditions":[7.862515E-6],"split_indices":[0],"sum_hessian":[2.6E1],"tree_param":{"num_deleted":"0","num_feature":"4","num_nodes":"1","size_leaf_vector":"0"}},{"base_weights":[1.886156E-5],"default_left":[false],"id":36,"leaf_child_counts":[0],"left_children":[-1],"loss_changes":[0E0],"parents":[2147483647],"right_children":[-1],"split_conditions":[5.658468E-6],"split_indices":[0],"sum_hessian":[2.6E1],"tree_param":{"num_deleted":"0","num_feature":"4","num_nodes":"1","size_leaf_vector":"0"}},{"base_weights":[1.335144E-5],"default_left":[false],"id":37,"leaf_child_counts":[0],"left_children":[-1],"loss_changes":[0E0],"parents":[2147483647],"right_children":[-1],"split_conditions":[4.0054324E-6],"split_indices":[0],"sum_hessian":[2.6E1],"tree_param":{"num_deleted":"0","num_feature":"4","num_nodes":"1","size_leaf_vector":"0"}},{"base_weights":[9.678029E-6],"default_left":[false],"id":38,"leaf_child_counts":[0],"left_children":[-1],"loss_changes":[0E0],"parents":[2147483647],"right_children":[-1],"split_conditions":[2.9034088E-6],"split_indices":[0],"sum_hessian":[2.6E1],"tree_param":{"num_deleted":"0","num_feature":"4","num_nodes":"1","size_leaf_vector":"0"}},{"base_weights":[6.922969E-6],"default_left":[false],"id":39,"leaf_child_counts":[0],"left_children":[-1],"loss_changes":[0E0],"parents":[2147483647],"right_children":[-1],"split_conditions":[2.0768907E-6],"split_indices":[0],"sum_hessian":[2.6E1],"tree_param":{"num_deleted":"0","num_feature":"4","num_nodes":"1","size_leaf_vector":"0"}},{"base_weights":[5.086263E-6],"default_left":[false],"id":40,"leaf_child_counts":[0],"left_children":[-1],"loss_changes":[0E0],"parents":[2147483647],"right_children":[-1],"split_conditions":[1.525879E-6],"split_indices":[0],"sum_hessian":[2.6E1],"tree_param":{"num_deleted":"0","num_feature":"4","num_nodes":"1","size_leaf_vector":"0"}},{"base_weights":[3.7087334E-6],"default_left":[false],"id":41,"leaf_child_counts":[0],"left_children":[-1],"loss_changes":[0E0],"parents":[2147483647],"right_children":[-1],"split_conditions":[1.1126201E-6],"split_indices":[0],"sum_hessian":[2.6E1],"tree_param":{"num_deleted":"0","num_feature":"4","num_nodes":"1","size_leaf_vector":"0"}},{"base_weights":[2.7903804E-6],"default_left":[false],"id":42,"leaf_child_counts":[0],"left_children":[-1],"loss_changes":[0E0],"parents":[2147483647],"right_children":[-1],"split_conditions":[8.3711416E-7],"split_indices":[0],"sum_hessian":[2.6E1],"tree_param":{"num_deleted":"0","num_feature":"4","num_nodes":"1","size_leaf_vector":"0"}},{"base_weights":[1.8720274E-6],"default_left":[false],"id":43,"leaf_child_counts":[0],"left_children":[-1],"loss_changes":[0E0],"parents":[2147483647],"right_children":[-1],"split_conditions":[5.6160826E-7],"split_indices":[0],"sum_hessian":[2.6E1],"tree_param":{"num_deleted":"0","num_feature":"4","num_nodes":"1","size_leaf_vector":"0"}},{"base_weights":[1.4128508E-6],"default_left":[false],"id":44,"leaf_child_counts":[0],"left_children":[-1],"loss_changes":[0E0],"parents":[2147483647],"right_children":[-1],"split_conditions":[4.2385525E-7],"split_indices":[0],"sum_hessian":[2.6E1],"tree_param":{"num_deleted":"0","num_feature":"4","num_nodes":"1","size_leaf_vector":"0"}},{"base_weights":[9.536743E-7],"default_left":[false],"id":45,"leaf_child_counts":[0],"left_children":[-1],"loss_changes":[0E0],"parents":[2147483647],"right_children":[-1],"split_conditions":[2.861023E-7],"split_indices":[0],"sum_hessian":[2.6E1],"tree_param":{"num_deleted":"0","num_feature":"4","num_nodes":"1","size_leaf_vector":"0"}},{"base_weights":[4.944978E-7],"default_left":[false],"id":46,"leaf_child_counts":[0],"left_children":[-1],"loss_changes":[0E0],"parents":[2147483647],"right_children":[-1],"split_conditions":[1.4834934E-7],"split_indices":[0],"sum_hessian":[2.6E1],"tree_param":{"num_deleted":"0","num_feature":"4","num_nodes":"1","size_leaf_vector":"0"}},{"base_weights":[4.944978E-7],"default_left":[false],"id":47,"leaf_child_counts":[0],"left_children":[-1],"loss_changes":[0E0],"parents":[2147483647],"right_children":[-1],"split_conditions":[1.4834934E-7],"split_indices":[0],"sum_hessian":[2.6E1],"tree_param":{"num_deleted":"0","num_feature":"4","num_nodes":"1","size_leaf_vector":"0"}},{"base_weights":[4.944978E-7],"default_left":[false],"id":48,"leaf_child_counts":[0],"left_children":[-1],"loss_changes":[0E0],"parents":[2147483647],"right_children":[-1],"split_conditions":[1.4834934E-7],"split_indices":[0],"sum_hessian":[2.6E1],"tree_param":{"num_deleted":"0","num_feature":"4","num_nodes":"1","size_leaf_vector":"0"}},{"base_weights":[4.944978E-7],"default_left":[false],"id":49,"leaf_child_counts":[0],"left_children":[-1],"loss_changes":[0E0],"parents":[2147483647],"right_children":[-1],"split_conditions":[1.4834934E-7],"split_indices":[0],"sum_hessian":[2.6E1],"tree_param":{"num_deleted":"0","num_feature":"4","num_nodes":"1","size_leaf_vector":"0"}},{"base_weights":[4.944978E-7],"default_left":[false],"id":50,"leaf_child_counts":[0],"left_children":[-1],"loss_changes":[0E0],"parents":[2147483647],"right_children":[-1],"split_conditions":[1.4834934E-7],"split_indices":[0],"sum_hessian":[2.6E1],"tree_param":{"num_deleted":"0","num_feature":"4","num_nodes":"1","size_leaf_vector":"0"}},{"base_weights":[4.944978E-7],"default_left":[false],"id":51,"leaf_child_counts":[0],"left_children":[-1],"loss_changes":[0E0],"parents":[2147483647],"right_children":[-1],"split_conditions":[1.4834934E-7],"split_indices":[0],"sum_hessian":[2.6E1],"tree_param":{"num_deleted":"0","num_feature":"4","num_nodes":"1","size_leaf_vector":"0"}},{"base_weights":[4.944978E-7],"default_left":[false],"id":52,"leaf_child_counts":[0],"left_children":[-1],"loss_changes":[0E0],"parents":[2147483647],"right_children":[-1],"split_conditions":[1.4834934E-7],"split_indices":[0],"sum_hessian":[2.6E1],"tree_param":{"num_deleted":"0","num_feature":"4","num_nodes":"1","size_leaf_vector":"0"}},{"base_weights":[4.944978E-7],"default_left":[false],"id":53,"leaf_child_counts":[0],"left_children":[-1],"loss_changes":[0E0],"parents":[2147483647],"right_children":[-1],"split_conditions":[1.4834934E-7],"split_indices":[0],"sum_hessian":[2.6E1],"tree_param":{"num_deleted":"0","num_feature":"4","num_nodes":"1","size_leaf_vector":"0"}},{"base_weights":[4.944978E-7],"default_left":[false],"id":54,"leaf_child_counts":[0],"left_children":[-1],"loss_changes":[0E0],"parents":[2147483647],"right_children":[-1],"split_conditions":[1.4834934E-7],"split_indices":[0],"sum_hessian":[2.6E1],"tree_param":{"num_deleted":"0","num_feature":"4","num_nodes":"1","size_leaf_vector":"0"}},{"base_weights":[4.944978E-7],"default_left":[false],"id":55,"leaf_child_counts":[0],"left_children":[-1],"loss_changes":[0E0],"parents":[2147483647],"right_children":[-1],"split_conditions":[1.4834934E-7],"split_indices":[0],"sum_hessian":[2.6E1],"tree_param":{"num_deleted":"0","num_feature":"4","num_nodes":"1","size_leaf_vector":"0"}},{"base_weights":[4.944978E-7],"default_left":[false],"id":56,"leaf_child_counts":[0],"left_children":[-1],"loss_changes":[0E0],"parents":[2147483647],"right_children":[-1],"split_conditions":[1.4834934E-7],"split_indices":[0],"sum_hessian":[2.6E1],"tree_param":{"num_deleted":"0","num_feature":"4","num_nodes":"1","size_leaf_vector":"0"}},{"base_weights":[4.944978E-7],"default_left":[false],"id":57,"leaf_child_counts":[0],"left_children":[-1],"loss_changes":[0E0],"parents":[2147483647],"right_children":[-1],"split_conditions":[1.4834934E-7],"split_indices":[0],"sum_hessian":[2.6E1],"tree_param":{"num_deleted":"0","num_feature":"4","num_nodes":"1","size_leaf_vector":"0"}},{"base_weights":[4.944978E-7],"default_left":[false],"id":58,"leaf_child_counts":[0],"left_children":[-1],"loss_changes":[0E0],"parents":[2147483647],"right_children":[-1],"split_conditions":[1.4834934E-7],"split_indices":[0],"sum_hessian":[2.6E1],"tree_param":{"num_deleted":"0","num_feature":"4","num_nodes":"1","size_leaf_vector":"0"}},{"base_weights":[4.944978E-7],"default_left":[false],"id":59,"leaf_child_counts":[0],"left_children":[-1],"loss_changes":[0E0],"parents":[2147483647],"right_children":[-1],"split_conditions":[1.4834934E-7],"split_indices":[0],"sum_hessian":[2.6E1],"tree_param":{"num_deleted":"0","num_feature":"4","num_nodes":"1","size_leaf_vector":"0"}},{"base_weights":[4.944978E-7],"default_left":[false],"id":60,"leaf_child_counts":[0],"left_children":[-1],"loss_changes":[0E0],"parents":[2147483647],"right_children":[-1],"split_conditions":[1.4834934E-7],"split_indices":[0],"sum_hessian":[2.6E1],"tree_param":{"num_deleted":"0","num_feature":"4","num_nodes":"1","size_leaf_vector":"0"}},{"base_weights":[4.944978E-7],"default_left":[false],"id":61,"leaf_child_counts":[0],"left_children":[-1],"loss_changes":[0E0],"parents":[2147483647],"right_children":[-1],"split_conditions":[1.4834934E-7],"split_indices":[0],"sum_hessian":[2.6E1],"tree_param":{"num_deleted":"0","num_feature":"4","num_nodes":"1","size_leaf_vector":"0"}},{"base_weights":[4.944978E-7],"default_left":[false],"id":62,"leaf_child_counts":[0],"left_children":[-1],"loss_changes":[0E0],"parents":[2147483647],"right_children":[-1],"split_conditions":[1.4834934E-7],"split_indices":[0],"sum_hessian":[2.6E1],"tree_param":{"num_deleted":"0","num_feature":"4","num_nodes":"1","size_leaf_vector":"0"}},{"base_weights":[4.944978E-7],"default_left":[false],"id":63,"leaf_child_counts":[0],"left_children":[-1],"loss_changes":[0E0],"parents":[2147483647],"right_children":[-1],"split_conditions":[1.4834934E-7],"split_indices":[0],"sum_hessian":[2.6E1],"tree_param":{"num_deleted":"0","num_feature":"4","num_nodes":"1","size_leaf_vector":"0"}},{"base_weights":[4.944978E-7],"default_left":[false],"id":64,"leaf_child_counts":[0],"left_children":[-1],"loss_changes":[0E0],"parents":[2147483647],"right_children":[-1],"split_conditions":[1.4834934E-7],"split_indices":[0],"sum_hessian":[2.6E1],"tree_param":{"num_deleted":"0","num_feature":"4","num_nodes":"1","size_leaf_vector":"0"}},{"base_weights":[4.944978E-7],"default_left":[false],"id":65,"leaf_child_counts":[0],"left_children":[-1],"loss_changes":[0E0],"parents":[2147483647],"right_children":[-1],"split_conditions":[1.4834934E-7],"split_indices":[0],"sum_hessian":[2.6E1],"tree_param":{"num_deleted":"0","num_feature":"4","num_nodes":"1","size_leaf_vector":"0"}},{"base_weights":[4.944978E-7],"default_left":[false],"id":66,"leaf_child_counts":[0],"left_children":[-1],"loss_changes":[0E0],"parents":[2147483647],"right_children":[-1],"split_conditions":[1.4834934E-7],"split_indices":[0],"sum_hessian":[2.6E1],"tree_param":{"num_deleted":"0","num_feature":"4","num_nodes":"1","size_leaf_vector":"0"}},{"base_weights":[4.944978E-7],"default_left":[false],"id":67,"leaf_child_counts":[0],"left_children":[-1],"loss_changes":[0E0],"parents":[2147483647],"right_children":[-1],"split_conditions":[1.4834934E-7],"split_indices":[0],"sum_hessian":[2.6E1],"tree_param":{"num_deleted":"0","num_feature":"4","num_nodes":"1","size_leaf_vector":"0"}},{"base_weights":[4.944978E-7],"default_left":[false],"id":68,"leaf_child_counts":[0],"left_children":[-1],"loss_changes":[0E0],"parents":[2147483647],"right_children":[-1],"split_conditions":[1.4834934E-7],"split_indices":[0],"sum_hessian":[2.6E1],"tree_param":{"num_deleted":"0","num_feature":"4","num_nodes":"1","size_leaf_vector":"0"}},{"base_weights":[4.944978E-7],"default_left":[false],"id":69,"leaf_child_counts":[0],"left_children":[-1],"loss_changes":[0E0],"parents":[2147483647],"right_children":[-1],"split_conditions":[1.4834934E-7],"split_indices":[0],"sum_hessian":[2.6E1],"tree_param":{"num_deleted":"0","num_feature":"4","num_nodes":"1","size_leaf_vector":"0"}},{"base_weights":[4.944978E-7],"default_left":[false],"id":70,"leaf_child_counts":[0],"left_children":[-1],"loss_changes":[0E0],"parents":[2147483647],"right_children":[-1],"split_conditions":[1.4834934E-7],"split_indices":[0],"sum_hessian":[2.6E1],"tree_param":{"num_deleted":"0","num_feature":"4","num_nodes":"1","size_leaf_vector":"0"}},{"base_weights":[4.944978E-7],"default_left":[false],"id":71,"leaf_child_counts":[0],"left_children":[-1],"loss_changes":[0E0],"parents":[2147483647],"right_children":[-1],"split_conditions":[1.4834934E-7],"split_indices":[0],"sum_hessian":[2.6E1],"tree_param":{"num_deleted":"0","num_feature":"4","num_nodes":"1","size_leaf_vector":"0"}},{"base_weights":[4.944978E-7],"default_left":[false],"id":72,"leaf_child_counts":[0],"left_children":[-1],"loss_changes":[0E0],"parents":[2147483647],"right_children":[-1],"split_conditions":[1.4834934E-7],"split_indices":[0],"sum_hessian":[2.6E1],"tree_param":{"num_deleted":"0","num_feature":"4","num_nodes":"1","size_leaf_vector":"0"}},{"base_weights":[4.944978E-7],"default_left":[false],"id":73,"leaf_child_counts":[0],"left_children":[-1],"loss_changes":[0E0],"parents":[2147483647],"right_children":[-1],"split_conditions":[1.4834934E-7],"split_indices":[0],"sum_hessian":[2.6E1],"tree_param":{"num_deleted":"0","num_feature":"4","num_nodes":"1","size_leaf_vector":"0"}},{"base_weights":[4.944978E-7],"default_left":[false],"id":74,"leaf_child_counts":[0],"left_children":[-1],"loss_changes":[0E0],"parents":[2147483647],"right_children":[-1],"split_conditions":[1.4834934E-7],"split_indices":[0],"sum_hessian":[2.6E1],"tree_param":{"num_deleted":"0","num_feature":"4","num_nodes":"1","size_leaf_vector":"0"}},{"base_weights":[4.944978E-7],"default_left":[false],"id":75,"leaf_child_counts":[0],"left_children":[-1],"loss_changes":[0E0],"parents":[2147483647],"right_children":[-1],"split_conditions":[1.4834934E-7],"split_indices":[0],"sum_hessian":[2.6E1],"tree_param":{"num_deleted":"0","num_feature":"4","num_nodes":"1","size_leaf_vector":"0"}},{"base_weights":[4.944978E-7],"default_left":[false],"id":76,"leaf_child_counts":[0],"left_children":[-1],"loss_changes":[0E0],"parents":[2147483647],"right_children":[-1],"split_conditions":[1.4834934E-7],"split_indices":[0],"sum_hessian":[2.6E1],"tree_param":{"num_deleted":"0","num_feature":"4","num_nodes":"1","size_leaf_vector":"0"}},{"base_weights":[4.944978E-7],"default_left":[false],"id":77,"leaf_child_counts":[0],"left_children":[-1],"loss_changes":[0E0],"parents":[2147483647],"right_children":[-1],"split_conditions":[1.4834934E-7],"split_indices":[0],"sum_hessian":[2.6E1],"tree_param":{"num_deleted":"0","num_feature":"4","num_nodes":"1","size_leaf_vector":"0"}},{"base_weights":[4.944978E-7],"default_left":[false],"id":78,"leaf_child_counts":[0],"left_children":[-1],"loss_changes":[0E0],"parents":[2147483647],"right_children":[-1],"split_conditions":[1.4834934E-7],"split_indices":[0],"sum_hessian":[2.6E1],"tree_param":{"num_deleted":"0","num_feature":"4","num_nodes":"1","size_leaf_vector":"0"}},{"base_weights":[4.944978E-7],"default_left":[false],"id":79,"leaf_child_counts":[0],"left_children":[-1],"loss_changes":[0E0],"parents":[2147483647],"right_children":[-1],"split_conditions":[1.4834934E-7],"split_indices":[0],"sum_hessian":[2.6E1],"tree_param":{"num_deleted":"0","num_feature":"4","num_nodes":"1","size_leaf_vector":"0"}},{"base_weights":[4.944978E-7],"default_left":[false],"id":80,"leaf_child_counts":[0],"left_children":[-1],"loss_changes":[0E0],"parents":[2147483647],"right_children":[-1],"split_conditions":[1.4834934E-7],"split_indices":[0],"sum_hessian":[2.6E1],"tree_param":{"num_deleted":"0","num_feature":"4","num_nodes":"1","size_leaf_vector":"0"}},{"base_weights":[4.944978E-7],"default_left":[false],"id":81,"leaf_child_counts":[0],"left_children":[-1],"loss_changes":[0E0],"parents":[2147483647],"right_children":[-1],"split_conditions":[1.4834934E-7],"split_indices":[0],"sum_hessian":[2.6E1],"tree_param":{"num_deleted":"0","num_feature":"4","num_nodes":"1","size_leaf_vector":"0"}},{"base_weights":[4.944978E-7],"default_left":[false],"id":82,"leaf_child_counts":[0],"left_children":[-1],"loss_changes":[0E0],"parents":[2147483647],"right_children":[-1],"split_conditions":[1.4834934E-7],"split_indices":[0],"sum_hessian":[2.6E1],"tree_param":{"num_deleted":"0","num_feature":"4","num_nodes":"1","size_leaf_vector":"0"}},{"base_weights":[4.944978E-7],"default_left":[false],"id":83,"leaf_child_counts":[0],"left_children":[-1],"loss_changes":[0E0],"parents":[2147483647],"right_children":[-1],"split_conditions":[1.4834934E-7],"split_indices":[0],"sum_hessian":[2.6E1],"tree_param":{"num_deleted":"0","num_feature":"4","num_nodes":"1","size_leaf_vector":"0"}},{"base_weights":[4.944978E-7],"default_left":[false],"id":84,"leaf_child_counts":[0],"left_children":[-1],"loss_changes":[0E0],"parents":[2147483647],"right_children":[-1],"split_conditions":[1.4834934E-7],"split_indices":[0],"sum_hessian":[2.6E1],"tree_param":{"num_deleted":"0","num_feature":"4","num_nodes":"1","size_leaf_vector":"0"}},{"base_weights":[4.944978E-7],"default_left":[false],"id":85,"leaf_child_counts":[0],"left_children":[-1],"loss_changes":[0E0],"parents":[2147483647],"right_children":[-1],"split_conditions":[1.4834934E-7],"split_indices":[0],"sum_hessian":[2.6E1],"tree_param":{"num_deleted":"0","num_feature":"4","num_nodes":"1","size_leaf_vector":"0"}},{"base_weights":[4.944978E-7],"default_left":[false],"id":86,"leaf_child_counts":[0],"left_children":[-1],"loss_changes":[0E0],"parents":[2147483647],"right_children":[-1],"split_conditions":[1.4834934E-7],"split_indices":[0],"sum_hessian":[2.6E1],"tree_param":{"num_deleted":"0","num_feature":"4","num_nodes":"1","size_leaf_vector":"0"}},{"base_weights":[4.944978E-7],"default_left":[false],"id":87,"leaf_child_counts":[0],"left_children":[-1],"loss_changes":[0E0],"parents":[2147483647],"right_children":[-1],"split_conditions":[1.4834934E-7],"split_indices":[0],"sum_hessian":[2.6E1],"tree_param":{"num_deleted":"0","num_feature":"4","num_nodes":"1","size_leaf_vector":"0"}},{"base_weights":[4.944978E-7],"default_left":[false],"id":88,"leaf_child_counts":[0],"left_children":[-1],"loss_changes":[0E0],"parents":[2147483647],"right_children":[-1],"split_conditions":[1.4834934E-7],"split_indices":[0],"sum_hessian":[2.6E1],"tree_param":{"num_deleted":"0","num_feature":"4","num_nodes":"1","size_leaf_vector":"0"}},{"base_weights":[4.944978E-7],"default_left":[false],"id":89,"leaf_child_counts":[0],"left_children":[-1],"loss_changes":[0E0],"parents":[2147483647],"right_children":[-1],"split_conditions":[1.4834934E-7],"split_indices":[0],"sum_hessian":[2.6E1],"tree_param":{"num_deleted":"0","num_feature":"4","num_nodes":"1","size_leaf_vector":"0"}},{"base_weights":[4.944978E-7],"default_left":[false],"id":90,"leaf_child_counts":[0],"left_children":[-1],"loss_changes":[0E0],"parents":[2147483647],"right_children":[-1],"split_conditions":[1.4834934E-7],"split_indices":[0],"sum_hessian":[2.6E1],"tree_param":{"num_deleted":"0","num_feature":"4","num_nodes":"1","size_leaf_vector":"0"}},{"base_weights":[4.944978E-7],"default_left":[false],"id":91,"leaf_child_counts":[0],"left_children":[-1],"loss_changes":[0E0],"parents":[2147483647],"right_children":[-1],"split_conditions":[1.4834934E-7],"split_indices":[0],"sum_hessian":[2.6E1],"tree_param":{"num_deleted":"0","num_feature":"4","num_nodes":"1","size_leaf_vector":"0"}},{"base_weights":[4.944978E-7],"default_left":[false],"id":92,"leaf_child_counts":[0],"left_children":[-1],"loss_changes":[0E0],"parents":[2147483647],"right_children":[-1],"split_conditions":[1.4834934E-7],"split_indices":[0],"sum_hessian":[2.6E1],"tree_param":{"num_deleted":"0","num_feature":"4","num_nodes":"1","size_leaf_vector":"0"}},{"base_weights":[4.944978E-7],"default_left":[false],"id":93,"leaf_child_counts":[0],"left_children":[-1],"loss_changes":[0E0],"parents":[2147483647],"right_children":[-1],"split_conditions":[1.4834934E-7],"split_indices":[0],"sum_hessian":[2.6E1],"tree_param":{"num_deleted":"0","num_feature":"4","num_nodes":"1","size_leaf_vector":"0"}},{"base_weights":[4.944978E-7],"default_left":[false],"id":94,"leaf_child_counts":[0],"left_children":[-1],"loss_changes":[0E0],"parents":[2147483647],"right_children":[-1],"split_conditions":[1.4834934E-7],"split_indices":[0],"sum_hessian":[2.6E1],"tree_param":{"num_deleted":"0","num_feature":"4","num_nodes":"1","size_leaf_vector":"0"}},{"base_weights":[4.944978E-7],"default_left":[false],"id":95,"leaf_child_counts":[0],"left_children":[-1],"loss_changes":[0E0],"parents":[2147483647],"right_children":[-1],"split_conditions":[1.4834934E-7],"split_indices":[0],"sum_hessian":[2.6E1],"tree_param":{"num_deleted":"0","num_feature":"4","num_nodes":"1","size_leaf_vector":"0"}},{"base_weights":[4.944978E-7],"default_left":[false],"id":96,"leaf_child_counts":[0],"left_children":[-1],"loss_changes":[0E0],"parents":[2147483647],"right_children":[-1],"split_conditions":[1.4834934E-7],"split_indices":[0],"sum_hessian":[2.6E1],"tree_param":{"num_deleted":"0","num_feature":"4","num_nodes":"1","size_leaf_vector":"0"}},{"base_weights":[4.944978E-7],"default_left":[false],"id":97,"leaf_child_counts":[0],"left_children":[-1],"loss_changes":[0E0],"parents":[2147483647],"right_children":[-1],"split_conditions":[1.4834934E-7],"split_indices":[0],"sum_hessian":[2.6E1],"tree_param":{"num_deleted":"0","num_feature":"4","num_nodes":"1","size_leaf_vector":"0"}},{"base_weights":[4.944978E-7],"default_left":[false],"id":98,"leaf_child_counts":[0],"left_children":[-1],"loss_changes":[0E0],"parents":[2147483647],"right_children":[-1],"split_conditions":[1.4834934E-7],"split_indices":[0],"sum_hessian":[2.6E1],"tree_param":{"num_deleted":"0","num_feature":"4","num_nodes":"1","size_leaf_vector":"0"}},{"base_weights":[4.944978E-7],"default_left":[false],"id":99,"leaf_child_counts":[0],"left_children":[-1],"loss_changes":[0E0],"parents":[2147483647],"right_children":[-1],"split_conditions":[1.4834934E-7],"split_indices":[0],"sum_hessian":[2.6E1],"tree_param":{"num_deleted":"0","num_feature":"4","num_nodes":"1","size_leaf_vector":"0"}}]},"name":"gbtree"},"learner_model_param":{"base_score":"5E-1","num_class":"0","num_feature":"4"},"objective":{"name":"reg:squarederror","reg_loss_param":{"scale_pos_weight":"1"}}},"version":[1,2,1]}